# Generated with multi-view-head-tracker
v 0.06465201079845428 -0.012425593100488186 -0.049418579787015915
v 0.06855141371488571 -0.013398788869380951 -0.04847681149840355
v 0.06940603256225586 -0.011745123192667961 -0.048370927572250366
v 0.06532452255487442 -0.010888176038861275 -0.0490981787443161
v 0.07879167050123215 -0.01114983856678009 -0.05869713053107262
v 0.07782802730798721 -0.007446084171533585 -0.05552114173769951
v 0.07695639878511429 -0.004065768327564001 -0.055493902415037155
v 0.07759984582662582 -0.004775539971888065 -0.05818229913711548
v 0.0257037952542305 -0.045519016683101654 -0.10921139270067215
v 0.011486620642244816 -0.04551156610250473 -0.11353054642677307
v 0.011065704748034477 -0.057934921234846115 -0.11102426052093506
v 0.023696163669228554 -0.05967516079545021 -0.10564220696687698
v 0.03917635232210159 -0.08351833373308182 -0.08817143738269806
v 0.03497602418065071 -0.07516438513994217 -0.09262971580028534
v 0.03346320241689682 -0.08909022808074951 -0.09760195761919022
v 0.04078008979558945 -0.09136900305747986 -0.08925117552280426
v 0.040036603808403015 0.05029603838920593 0.04454171657562256
v 0.047544706612825394 0.049184974282979965 0.038622912019491196
v 0.04601069539785385 0.04231121391057968 0.04193580150604248
v -0.064567431807518 -0.011984402313828468 -0.050550829619169235
v -0.06847288459539413 -0.012971022166311741 -0.049783822149038315
v -0.06923035532236099 -0.011487442068755627 -0.0497279092669487
v -0.06468372792005539 -0.01044032908976078 -0.050351545214653015
v -0.07747895270586014 -0.01087095309048891 -0.06069221720099449
v -0.07653163373470306 -0.0072848014533519745 -0.05735724791884422
v -0.07633113116025925 -0.0039912001229822636 -0.05714936554431915
v -0.07655742019414902 -0.004436560906469822 -0.059881098568439484
v 0.038574669510126114 0.04245077073574066 0.046597760170698166
v 0.10008471459150314 0.011103246361017227 -0.06954760104417801
v 0.1001165360212326 0.008252921514213085 -0.07111668586730957
v 0.10029193013906479 0.006745980121195316 -0.06933815777301788
v 0.10012133419513702 0.009361201897263527 -0.06820999830961227
v 0.09505326300859451 -0.008253959938883781 -0.06810829043388367
v 0.09508780390024185 -0.0003927700745407492 -0.06945407390594482
v 0.09661835432052612 0.002194831380620599 -0.0697251632809639
v 0.09644798189401627 0.00010887709504459053 -0.06935876607894897
v 0.09414538741111755 -0.019536562263965607 -0.0660727322101593
v 0.09296806156635284 -0.018514150753617287 -0.06535997986793518
v 0.09524983167648315 -0.013888596557080746 -0.06691790372133255
v 0.09628068655729294 -0.014407886192202568 -0.06791146099567413
v 0.07587932795286179 -0.03989189490675926 -0.042525481432676315
v 0.07870253175497055 -0.038011420518159866 -0.04466048628091812
v 0.07970944046974182 -0.04025866836309433 -0.045449111610651016
v 0.07462286949157715 -0.04159881919622421 -0.043786484748125076
v 0.07144767791032791 -0.039342306554317474 -0.044722214341163635
v 0.0769830197095871 -0.04050438851118088 -0.04856517165899277
v 0.0764136090874672 -0.03686264157295227 -0.049414414912462234
v 0.07197517901659012 -0.03648971766233444 -0.04626229777932167
v 0.09411785006523132 0.02237706631422043 -0.054126009345054626
v 0.0941419005393982 0.01920236088335514 -0.05376236513257027
v 0.09214385598897934 0.018759481608867645 -0.051119714975357056
v 0.0921950414776802 0.02209354005753994 -0.05116354674100876
v 0.07600636780261993 -0.010511321946978569 -0.06407748907804489
v 0.07391789555549622 -0.017309723421931267 -0.061726588755846024
v 0.0804029256105423 -0.012415166944265366 -0.06432260572910309
v 0.08123046904802322 -0.009558739140629768 -0.06479883193969727
v 0.09211575984954834 0.010388639755547047 -0.06200433894991875
v 0.09326355159282684 0.0113912895321846 -0.06539057940244675
v 0.09362920373678207 0.009222695603966713 -0.06657815724611282
v 0.09246126562356949 0.007580105680972338 -0.06418776512145996
v 0.09555964171886444 0.013292782939970493 -0.07042544335126877
v 0.09590979665517807 0.010112382471561432 -0.07190314680337906
v 0.0733649805188179 -0.029468391090631485 -0.04121570289134979
v 0.0727037787437439 -0.025340719148516655 -0.040282778441905975
v 0.07372434437274933 -0.023743074387311935 -0.04137002304196358
v 0.0740252137184143 -0.025120407342910767 -0.04270289093255997
v 0.07647004723548889 -0.01116431225091219 -0.05567659065127373
v 0.07775222510099411 -0.0067745777778327465 -0.05399773269891739
v 0.08980051428079605 -0.031295306980609894 -0.060694873332977295
v 0.08904457837343216 -0.02886815182864666 -0.06006021052598953
v 0.09151646494865417 -0.02443039044737816 -0.06361175328493118
v 0.09213095158338547 -0.026146383956074715 -0.06444797664880753
v 0.08567927777767181 -0.025035599246621132 -0.0582154244184494
v 0.08861561119556427 -0.022502580657601357 -0.061593443155288696
v 0.08998682349920273 -0.021821698173880577 -0.06322014331817627
v 0.0883723571896553 -0.024068383499979973 -0.06137198209762573
v 0.09539630264043808 0.014256137423217297 -0.060493696480989456
v 0.09287796914577484 0.01651928573846817 -0.05625385418534279
v 0.09362644702196121 0.0168333500623703 -0.056578557938337326
v 0.095790795981884 0.014333960600197315 -0.06160072237253189
v 0.08524629473686218 0.0021917850244790316 -0.0640845075249672
v 0.08438898622989655 0.00733574852347374 -0.06244802474975586
v 0.08258002251386642 0.0070013003423810005 -0.06274684518575668
v 0.0834437906742096 0.002585329581052065 -0.0640820786356926
v 0.09577477723360062 0.010140972211956978 -0.06804656982421875
v 0.09622684121131897 0.007307246793061495 -0.06912079453468323
v 0.0942869707942009 0.00648462725803256 -0.06816834211349487
v 0.07996130734682083 0.009472515434026718 -0.05208123102784157
v 0.07980074733495712 0.00990314967930317 -0.05281831696629524
v 0.08047947287559509 0.008201856166124344 -0.053233180195093155
v 0.07987971603870392 0.007115350104868412 -0.05188405513763428
v 0.07991772890090942 -0.04159201681613922 -0.04860030859708786
v 0.07161179929971695 -0.026039522141218185 -0.05536463111639023
v 0.0738668292760849 -0.02547772414982319 -0.05674636736512184
v 0.07686003297567368 -0.021688325330615044 -0.059832025319337845
v 0.07523123174905777 -0.020313436165452003 -0.059981949627399445
v 0.07084465026855469 -0.03715696558356285 -0.04131520912051201
v 0.0737813264131546 -0.03733082488179207 -0.04080180451273918
v 0.07499120384454727 -0.03900955617427826 -0.0417623333632946
v 0.0718112513422966 -0.039520494639873505 -0.04195347800850868
v 0.0836578831076622 0.013317814096808434 -0.05270795896649361
v 0.08638956397771835 0.012477336451411247 -0.05499313026666641
v 0.0843176543712616 0.011638740077614784 -0.054434411227703094
v 0.08232484012842178 0.012150564230978489 -0.052601158618927
v 0.09351453930139542 -0.0023350876290351152 -0.06824521720409393
v 0.09278889745473862 0.004629309754818678 -0.06606873869895935
v 0.09187772125005722 -0.011741449125111103 -0.06316325068473816
v 0.09263479709625244 -0.011789718642830849 -0.06607896089553833
v 0.09150940924882889 -0.015960030257701874 -0.06504079699516296
v -0.028063902631402016 -0.04570797458291054 -0.10932296514511108
v -0.013934285379946232 -0.045554544776678085 -0.11357837915420532
v -0.01354092825204134 -0.05807865038514137 -0.11110006272792816
v -0.026090899482369423 -0.05998193100094795 -0.10577202588319778
v 0.09095700085163116 -0.015854809433221817 -0.06212471425533295
v 0.09196241945028305 -0.003365578828379512 -0.06306128203868866
v 0.0927763432264328 -0.003442337503656745 -0.06635011732578278
v 0.09710433334112167 0.005976500920951366 -0.06758712232112885
v 0.09679614752531052 -0.0003374864172656089 -0.06817099452018738
v 0.09686663001775742 0.0064820232801139355 -0.0682746171951294
v 0.08164531737565994 0.011455537751317024 -0.06107877567410469
v 0.0813353881239891 0.01484744530171156 -0.0656127780675888
v 0.07960525900125504 0.008314418606460094 -0.0669085681438446
v 0.08138167858123779 0.008878152817487717 -0.06266871094703674
v 0.07509412616491318 -0.01936676725745201 -0.04131356254220009
v 0.07685928046703339 -0.01708817481994629 -0.04221149906516075
v 0.07571078091859818 -0.019588680937886238 -0.043870434165000916
v 0.0748179629445076 -0.021840617060661316 -0.04390323907136917
v 0.07778163254261017 -0.023837842047214508 -0.058663658797740936
v 0.07501369714736938 -0.026854295283555984 -0.056055255234241486
v 0.07579333335161209 -0.027533594518899918 -0.0554131343960762
v 0.07873304188251495 -0.025850985199213028 -0.057140082120895386
v 0.08947636932134628 0.013652985915541649 -0.05663859099149704
v 0.08929132670164108 0.007943158969283104 -0.05744483321905136
v 0.08725541085004807 0.008034301921725273 -0.05622229725122452
v 0.08089464902877808 -0.023790711537003517 -0.049765221774578094
v 0.08180952072143555 -0.02226525917649269 -0.051718663424253464
v 0.08305369317531586 -0.02555137500166893 -0.053659942001104355
v 0.08188649266958237 -0.028003521263599396 -0.05197273567318916
v 0.08552824705839157 -0.03789667412638664 -0.05457790568470955
v 0.08272213488817215 -0.0373208224773407 -0.054555922746658325
v 0.07979513704776764 -0.039328787475824356 -0.051309872418642044
v 0.08276879787445068 -0.040334586054086685 -0.05130532756447792
v 0.0741765946149826 -0.02320471592247486 -0.0431729219853878
v 0.07435459643602371 -0.02216951735317707 -0.04138868302106857
v 0.08812092244625092 0.002056553727015853 -0.06593121588230133
v 0.08715969324111938 0.008402124047279358 -0.06402748823165894
v 0.09137874096632004 0.005936936940997839 -0.062286484986543655
v 0.0917683020234108 0.003338627750054002 -0.06377869844436646
v 0.07899375259876251 -0.0061641414649784565 -0.04683942720293999
v 0.07631541788578033 -0.005540346261113882 -0.047885362058877945
v 0.0760158970952034 -0.006268085911870003 -0.04812471196055412
v 0.07931365817785263 -0.00785558670759201 -0.0467335507273674
v 0.07945611327886581 -0.005981489084661007 -0.045204389840364456
v 0.07984514534473419 -0.007618936710059643 -0.04510202258825302
v 0.07955321669578552 -0.007987173274159431 -0.04352116957306862
v 0.07917903363704681 -0.007013806141912937 -0.04343796148896217
v 0.07553903758525848 -0.005294073838740587 -0.048951148986816406
v 0.07564753293991089 -0.005516707897186279 -0.0483824647963047
v 0.07620935887098312 -0.0050939531065523624 -0.0487765409052372
v 0.08091173321008682 -0.0031635353807359934 -0.06008843705058098
v 0.0827193409204483 -0.011618195101618767 -0.06223912537097931
v 0.08048068732023239 -0.01134040579199791 -0.060784801840782166
v 0.07732906192541122 -0.0035505136474967003 -0.05912640318274498
v 0.0936327651143074 -0.010649625211954117 -0.06767479330301285
v 0.08822396397590637 0.018411409109830856 -0.04687055945396423
v 0.08632835000753403 0.020335834473371506 -0.0470707081258297
v 0.08920375257730484 0.024047380313277245 -0.051783084869384766
v 0.07657569646835327 -0.020431287586688995 -0.05374574288725853
v 0.07867012172937393 -0.01994333043694496 -0.05071502923965454
v 0.07654417306184769 -0.01997959241271019 -0.049086377024650574
v 0.07545214891433716 -0.02112925611436367 -0.05209195986390114
v 0.07491544634103775 -0.015166165307164192 -0.04629256948828697
v 0.07281814515590668 -0.01878211833536625 -0.04553430899977684
v 0.07732012122869492 -0.016700224950909615 -0.04513576999306679
v 0.07950171083211899 -5.891500040888786e-05 -0.044773634523153305
v 0.07794131338596344 -0.004115319810807705 -0.04810866340994835
v 0.07879654318094254 -0.004966924898326397 -0.04642884433269501
v 0.07911298424005508 -0.004537621047347784 -0.044884391129016876
v 0.09450886398553848 -0.020620916038751602 -0.06725336611270905
v 0.09671559929847717 -0.015155130065977573 -0.06940709054470062
v 0.0946693867444992 -0.014933040365576744 -0.07015962153673172
v 0.09250848740339279 -0.02088797837495804 -0.06809482723474503
v 0.07118948549032211 -0.03323463350534439 -0.040121376514434814
v 0.0693153589963913 -0.03532260283827782 -0.042709555476903915
v 0.07104611396789551 -0.02951093018054962 -0.03893974795937538
v 0.09867042303085327 0.018655486404895782 -0.06370261311531067
v 0.09423346072435379 0.02133329212665558 -0.06420959532260895
v 0.09471066296100616 0.01912868581712246 -0.06668532639741898
v 0.0992140918970108 0.01636870577931404 -0.06594723463058472
v 0.07551734149456024 0.0011810287833213806 -0.05431470274925232
v 0.07594382017850876 -0.0009796888334676623 -0.05392869561910629
v 0.07632029056549072 0.000823180191218853 -0.05205501988530159
v 0.0759446993470192 0.0027188200037926435 -0.052242957055568695
v 0.050184864550828934 -0.031672414392232895 -0.09297612309455872
v 0.05838531255722046 -0.03218264877796173 -0.07448078691959381
v 0.0634763091802597 -0.01837516576051712 -0.08305568993091583
v 0.05633930116891861 -0.018151916563510895 -0.09884650260210037
v 0.08592642843723297 -0.0348501093685627 -0.054435573518276215
v 0.08426976948976517 -0.037244800478219986 -0.0515267476439476
v 0.08039609342813492 0.008152022026479244 -0.04372052103281021
v 0.0795063003897667 0.01045018620789051 -0.04253675788640976
v 0.08130909502506256 0.015950705856084824 -0.04387092962861061
v 0.08198009431362152 0.012251943349838257 -0.04387020319700241
v 0.09652797132730484 0.001544229919090867 -0.072868712246418
v 0.0999797135591507 0.0005122145521454513 -0.07197901606559753
v 0.08340547233819962 0.01408456452190876 -0.05059873312711716
v 0.08806923776865005 0.01740969531238079 -0.05337753891944885
v 0.08536646515130997 0.014955693855881691 -0.05279356986284256
v 0.08298221230506897 0.013812712393701077 -0.05131211876869202
v 0.08162243664264679 0.0057848431169986725 -0.048745591193437576
v 0.08254355192184448 0.0072691370733082294 -0.048363663256168365
v 0.08110935986042023 0.008177109062671661 -0.04861776903271675
v 0.07989561557769775 0.006687944754958153 -0.04871261492371559
v 0.07978735119104385 0.015555000863969326 -0.04091192036867142
v 0.08202050626277924 0.020789243280887604 -0.04409046471118927
v 0.06947697699069977 -0.026315247640013695 -0.054560691118240356
v 0.08241362869739532 0.006841352209448814 -0.046242520213127136
v 0.08335454016923904 0.009605917148292065 -0.04567909985780716
v 0.08385931700468063 0.00878096092492342 -0.048033468425273895
v -0.041590385138988495 -0.08419650048017502 -0.08796760439872742
v -0.037281159311532974 -0.07577560842037201 -0.09254632890224457
v -0.035763535648584366 -0.08974391222000122 -0.09770970791578293
v -0.04318030923604965 -0.09223447740077972 -0.08897232264280319
v 0.07227558642625809 -0.024009255692362785 -0.03794506564736366
v 0.07348926365375519 -0.02242223545908928 -0.03983568772673607
v 0.08195607364177704 0.012591611593961716 -0.051385700702667236
v 0.08106348663568497 0.011595704592764378 -0.05143457651138306
v 0.07922641187906265 0.008191242814064026 -0.051131512969732285
v 0.07950186729431152 0.005409592296928167 -0.05218982696533203
v 0.0875035747885704 -0.002215357031673193 -0.05926353111863136
v 0.08927939832210541 -0.01098583359271288 -0.06118424981832504
v 0.06803228706121445 -0.018593253567814827 -0.06940609961748123
v 0.06400305032730103 -0.03240055963397026 -0.055275216698646545
v 0.07997287064790726 0.008618099614977837 -0.04872395470738411
v 0.0797845721244812 0.00896461308002472 -0.04918108135461807
v 0.07849752902984619 0.007978564128279686 -0.05006619170308113
v 0.07881244271993637 0.007500209845602512 -0.04891347140073776
v 0.08259987086057663 -0.03893183171749115 -0.04871278256177902
v 0.0857863575220108 0.004490979015827179 -0.056857164949178696
v 0.08205030858516693 0.0031365719623863697 -0.05508243292570114
v 0.08236318826675415 0.005303727928549051 -0.0540669709444046
v 0.0965430960059166 -0.00909940805286169 -0.0677463561296463
v 0.09779497981071472 -0.0004999314551241696 -0.06845037639141083
v 0.09959215670824051 5.374931788537651e-07 -0.06994994729757309
v 0.09817300736904144 -0.00936833769083023 -0.06906591355800629
v 0.06978662312030792 -0.03729550167918205 -0.04304947704076767
v 0.07605180144309998 -0.0019355142721906304 -0.05495864525437355
v 0.07734683156013489 -0.00373065285384655 -0.054018765687942505
v 0.076231449842453 0.004333560820668936 -0.05239275470376015
v 0.07725400477647781 0.0063750422559678555 -0.05088933929800987
v 0.07424494624137878 -0.01923993229866028 -0.039237406104803085
v 0.09460776299238205 0.014384638518095016 -0.0653233602643013
v 0.0951920822262764 0.012351199053227901 -0.06668826937675476
v 0.09284298121929169 0.013127099722623825 -0.06403553485870361
v 0.09244123846292496 0.014434217475354671 -0.06249041482806206
v 0.09139574319124222 0.0156140998005867 -0.05867899954319
v 0.09198395162820816 0.01730107143521309 -0.05822961404919624
v 0.09384750574827194 0.015969470143318176 -0.06326060742139816
v 0.08051933348178864 0.0038933148607611656 -0.053760383278131485
v 0.08128298819065094 0.005943899042904377 -0.05282364785671234
v 0.07970531284809113 -0.02534673362970352 -0.048139359802007675
v 0.08054672926664352 -0.031988371163606644 -0.04914890602231026
v 0.08984798938035965 -0.01952229253947735 -0.06291880458593369
v 0.0889836922287941 -0.018572265282273293 -0.06014718487858772
v 0.09170360118150711 -0.008377616293728352 -0.0704752579331398
v 0.09185212105512619 0.001377474400214851 -0.0711287260055542
v 0.08970806002616882 0.0015421061543747783 -0.06855639815330505
v 0.08974474668502808 -0.007632658816874027 -0.06876182556152344
v 0.08170966058969498 -0.003665418364107609 -0.06468840688467026
v 0.07821229845285416 -0.0023619288112968206 -0.06543810665607452
v 0.07859086990356445 -0.005766741931438446 -0.04287685826420784
v 0.07761818170547485 -0.0017622297164052725 -0.04106156527996063
v 0.07626662403345108 0.003751987125724554 -0.052811149507761
v 0.07664690911769867 0.005395280662924051 -0.05063065513968468
v 0.08269720524549484 -0.021497264504432678 -0.06119827181100845
v 0.0787043422460556 -0.029289444908499718 -0.054010022431612015
v 0.08317745476961136 -0.024205384775996208 -0.059617336839437485
v 0.07388846576213837 -0.029656024649739265 -0.05188234522938728
v 0.07359546422958374 -0.03111233189702034 -0.0497821569442749
v 0.07668686658143997 -0.031336139887571335 -0.05138299986720085
v 0.08544592559337616 -0.022856876254081726 -0.05752546340227127
v 0.08763319998979568 -0.021643025800585747 -0.06010546535253525
v 0.07453294843435287 -0.005612831097096205 -0.04974167421460152
v 0.0732622742652893 -0.007269341964274645 -0.05077071860432625
v 0.07426600903272629 -0.006008374039083719 -0.04905547946691513
v 0.09068328142166138 -0.0030365767888724804 -0.06067701801657677
v 0.0910976454615593 -0.011284401640295982 -0.06149294972419739
v 0.08288303017616272 0.009439706802368164 -0.04852090775966644
v 0.08041687309741974 -0.0014480985701084137 -0.050104301422834396
v 0.08161641657352448 0.0022304782178252935 -0.04770149290561676
v 0.08631467819213867 0.01315221469849348 -0.047718312591314316
v 0.08466299623250961 0.011240298859775066 -0.04856852442026138
v 0.08404786139726639 0.010343537665903568 -0.04845040291547775
v 0.08508298546075821 0.010878197848796844 -0.04766538739204407
v 0.06713292002677917 -0.016379443928599358 -0.048959650099277496
v 0.07077223062515259 -0.01775653474032879 -0.047710269689559937
v 0.07235477864742279 -0.014293409883975983 -0.04750427231192589
v 0.09091616421937943 0.017735129222273827 -0.0571671724319458
v 0.09127898514270782 0.015504094772040844 -0.05834338068962097
v 0.08896676450967789 0.008684198372066021 -0.0661248117685318
v 0.08087858557701111 0.010029611177742481 -0.05399123579263687
v 0.08183106780052185 0.008289560675621033 -0.054807744920253754
v 0.08446167409420013 0.024124566465616226 -0.06049003824591637
v 0.08428623527288437 0.02170376293361187 -0.056969404220581055
v 0.08449263125658035 0.02177456021308899 -0.05544047802686691
v 0.08480687439441681 0.026545025408267975 -0.05544929951429367
v 0.07270339876413345 -0.03449727222323418 -0.047114353626966476
v 0.07593727856874466 -0.03430115804076195 -0.049630939960479736
v 0.07571236789226532 -0.03263456001877785 -0.04992116987705231
v 0.07314656674861908 -0.03277042135596275 -0.04811945930123329
v 0.07581766694784164 -0.020152652636170387 -0.048289649188518524
v 0.07503192871809006 -0.02141539752483368 -0.051049619913101196
v 0.0916733592748642 -0.018193626776337624 -0.06540204584598541
v 0.09076593071222305 -0.019053494557738304 -0.06444446742534637
v 0.09240533411502838 -0.014996173791587353 -0.06636902689933777
v 0.09374941140413284 -0.013811204582452774 -0.06703425198793411
v 0.07695131003856659 0.001982162008062005 -0.05607560649514198
v 0.07574208825826645 0.0005634269909933209 -0.0565367192029953
v 0.08457235991954803 0.015031356364488602 -0.057084761559963226
v 0.08701416850090027 0.01722988858819008 -0.0586528442800045
v 0.0856967568397522 0.020417029038071632 -0.055076949298381805
v 0.08408644050359726 0.01831359975039959 -0.05493641644716263
v 0.09061162918806076 0.009163754060864449 -0.06900379806756973
v 0.08177489042282104 0.006920904386788607 -0.05457788705825806
v 0.08260457217693329 0.007022690959274769 -0.0557071827352047
v 0.081175297498703 0.0074612777680158615 -0.05402137711644173
v 0.07909531891345978 0.005630987696349621 -0.04892691597342491
v 0.08096103370189667 0.00427679717540741 -0.04907193407416344
v 0.08577985316514969 0.01297758799046278 -0.04917076602578163
v 0.0901828408241272 0.016408147290349007 -0.052356891334056854
v 0.08929070085287094 0.015885403379797935 -0.05205397680401802
v 0.08524155616760254 0.013390966691076756 -0.04969990253448486
v 0.0798659548163414 0.010385166853666306 -0.05051621049642563
v 0.01285400427877903 -0.033333126455545425 -0.11982696503400803
v 0.014816205017268658 -0.022901494055986404 -0.12729352712631226
v -0.039811886847019196 0.050155576318502426 0.04374703764915466
v -0.04737016558647156 0.04892637953162193 0.03808937966823578
v -0.045935116708278656 0.04211842641234398 0.04119401052594185
v -0.03847131505608559 0.042299333959817886 0.04582221060991287
v 0.08358797430992126 0.02079722285270691 -0.04726284369826317
v 0.08519533276557922 0.02263544872403145 -0.05145210400223732
v 0.08621018379926682 0.023377450183033943 -0.05173156037926674
v 0.08434739708900452 0.021626345813274384 -0.04836704209446907
v 0.09239135682582855 0.013136905618011951 -0.06180807575583458
v 0.09692240506410599 0.00905698910355568 -0.06707136332988739
v 0.07837800681591034 -0.004826508928090334 -0.05202478915452957
v 0.0753326267004013 -0.008232972584664822 -0.0520024299621582
v 0.06519056111574173 -0.009663121774792671 -0.05100934952497482
v 0.0655980259180069 -0.00827731005847454 -0.05117162689566612
v 0.06629140675067902 -0.008898498490452766 -0.052400823682546616
v 0.06570132076740265 -0.010643216781318188 -0.0524480827152729
v 0.06736351549625397 -0.015123005956411362 -0.052634455263614655
v 0.06992680579423904 -0.016295554116368294 -0.0517243966460228
v 0.06909202039241791 -0.01823241449892521 -0.05018266662955284
v 0.06622345000505447 -0.01767115108668804 -0.052216678857803345
v 0.06414603441953659 -0.01336867455393076 -0.05143732205033302
v 0.06470887362957001 -0.01150862779468298 -0.051122650504112244
v 0.06549756973981857 -0.012547885999083519 -0.0526033453643322
v 0.06488503515720367 -0.014662763103842735 -0.05287300422787666
v 0.09028485417366028 0.017479320988059044 -0.05485202372074127
v 0.09210377931594849 0.017396705225110054 -0.05633232742547989
v 0.0980805829167366 0.00839152280241251 -0.06647738069295883
v 0.09828585386276245 0.005920663941651583 -0.06773713231086731
v 0.0957946702837944 0.01313475426286459 -0.06422564387321472
v 0.09642447531223297 0.011296446435153484 -0.06558841466903687
v 0.07759174704551697 -0.014181150123476982 -0.04185911640524864
v 0.07878441363573074 -0.01404487993568182 -0.043806612491607666
v 0.07817989587783813 -0.01581641659140587 -0.043809205293655396
v 0.09944367408752441 0.012065598741173744 -0.06648000329732895
v 0.09974408894777298 0.013743171468377113 -0.06787004321813583
v 0.07395442575216293 -0.03335138037800789 -0.040904123336076736
v 0.07284382730722427 -0.03488500416278839 -0.040022436529397964
v 0.04128369688987732 -0.10131393373012543 -0.037200141698122025
v 0.048916902393102646 -0.09549921005964279 -0.045794859528541565
v 0.04793183505535126 -0.10555487871170044 -0.047053176909685135
v 0.04022951051592827 -0.11085253953933716 -0.038502395153045654
v 0.08633309602737427 0.01550967525690794 -0.04592571035027504
v 0.08524675667285919 0.018201632425189018 -0.04540621489286423
v 0.06406616419553757 -0.014646466821432114 -0.0497446171939373
v 0.06396899372339249 -0.01600353978574276 -0.051967788487672806
v 0.06641653925180435 -0.01775764673948288 -0.050438910722732544
v 0.06989660859107971 -0.009949359111487865 -0.048409342765808105
v 0.06560470163822174 -0.009260164573788643 -0.049146462231874466
v 0.06795933842658997 -0.013281658291816711 -0.05257191136479378
v 0.06988024711608887 -0.007865991443395615 -0.05173851549625397
v 0.07022439688444138 -0.006535945925861597 -0.05010625347495079
v 0.07205771654844284 -0.021611439064145088 -0.046994950622320175
v 0.0735812708735466 -0.022011082619428635 -0.04961726814508438
v 0.07498888671398163 -0.0220705047249794 -0.046133436262607574
v 0.06434834003448486 -0.01655443012714386 -0.05273376777768135
v 0.07631729543209076 0.0032530396711081266 -0.053849365562200546
v 0.07130368798971176 -0.01212003082036972 -0.052234724164009094
v 0.07436617463827133 -0.01486718188971281 -0.05411755293607712
v 0.07368847727775574 -0.01724034920334816 -0.053385261446237564
v 0.07082051783800125 -0.01425711065530777 -0.05227019265294075
v 0.08371946960687637 -0.026078101247549057 -0.05543297529220581
v 0.08405309915542603 -0.02395273558795452 -0.05535046011209488
v 0.07803038507699966 -0.019466709345579147 -0.05545244365930557
v 0.08104659616947174 -0.019587930291891098 -0.053475454449653625
v 0.07779312878847122 -0.0017318895552307367 -0.05237196758389473
v 0.07950539141893387 0.0015596167650073767 -0.05053482577204704
v 0.07483862340450287 -0.005409631412476301 -0.04934525862336159
v 0.07229190319776535 -0.009681249037384987 -0.05186139792203903
v 0.07471588999032974 -0.01208152249455452 -0.053809698671102524
v 0.07023531943559647 -0.008309994824230671 -0.048621464520692825
v 0.07419265806674957 -0.008370441384613514 -0.04815499857068062
v 0.0740434005856514 -0.007283481769263744 -0.04844442754983902
v 0.07023008912801743 -0.007240144070237875 -0.048934705555438995
v 0.08504655212163925 0.00821039266884327 -0.055893562734127045
v 0.08358391374349594 0.015656279399991035 -0.04462844505906105
v 0.08496290445327759 0.012576018460094929 -0.045604072511196136
v 0.08397391438484192 0.028632162138819695 -0.07221367955207825
v 0.08114399760961533 0.01979050599038601 -0.07675573229789734
v 0.08328877389431 0.020548954606056213 -0.06441919505596161
v 0.06802971661090851 -0.01117833610624075 -0.052251752465963364
v 0.06662318855524063 -0.0070804208517074585 -0.05068059638142586
v 0.06660447269678116 -0.007185307331383228 -0.04915991425514221
v 0.09060220420360565 -0.02276969514787197 -0.06321173906326294
v 0.07582914084196091 -0.022376354783773422 -0.045908503234386444
v 0.07754135131835938 0.003603532910346985 -0.0499853640794754
v 0.09042730182409286 -0.013926107436418533 -0.06898300349712372
v 0.08879221230745316 -0.019224314019083977 -0.06696577370166779
v 0.07660262286663055 0.004956856369972229 -0.05049772933125496
v 0.07764190435409546 0.006220381706953049 -0.04922926425933838
v 0.07436977326869965 -0.021813686937093735 -0.05046239495277405
v 0.07541221380233765 -0.02108938805758953 -0.047291941940784454
v 0.0780407041311264 0.006763231474906206 -0.049178797751665115
v 0.07804398238658905 -0.014718416146934032 -0.045314107090234756
v 0.09139754623174667 0.007512901909649372 -0.0606701634824276
v 0.08090897649526596 -0.03416316211223602 -0.054841745644807816
v 0.07852660119533539 -0.03569991886615753 -0.051878951489925385
v 0.06608854979276657 -0.008111565373837948 -0.04923849180340767
v 0.0690731406211853 -0.018323790282011032 -0.049404919147491455
v 0.06935486197471619 -0.009315465576946735 -0.05248226597905159
v 0.07660773396492004 -0.010682955384254456 -0.04688750579953194
v 0.07590331137180328 -0.012981336563825607 -0.04654959216713905
v 0.07888348400592804 -0.012360724620521069 -0.04554510489106178
v 0.0829368308186531 -0.019171051681041718 -0.055225443094968796
v 0.07921648770570755 -0.01821804791688919 -0.05769700929522514
v 0.08084464073181152 -0.017330853268504143 -0.05972892418503761
v 0.08492866903543472 -0.01856990158557892 -0.057037241756916046
v 0.0872691199183464 -0.024235980585217476 -0.06453964114189148
v 0.08547856658697128 -0.02874564938247204 -0.0609978586435318
v 0.08797712624073029 -0.031348492950201035 -0.06123623996973038
v 0.0904000848531723 -0.026736252009868622 -0.06525743752717972
v 0.08471698313951492 0.04501098021864891 -0.08036743849515915
v 0.08530224859714508 0.03473048657178879 -0.06514296680688858
v 0.08608031272888184 0.05193444713950157 -0.06869468092918396
v 0.08960095047950745 0.017948022112250328 -0.06378574669361115
v 0.08992449194192886 0.01537987682968378 -0.06550910323858261
v 0.09527875483036041 0.016159968450665474 -0.06863255798816681
v 0.08381328731775284 0.024293286725878716 -0.04926815256476402
v 0.08461618423461914 0.02143067866563797 -0.05340183898806572
v 0.08358009904623032 0.02261281944811344 -0.051010701805353165
v 0.09592568874359131 -0.008832301013171673 -0.07166388630867004
v 0.07989379018545151 0.0039952946826815605 -0.044005777686834335
v 0.08201934397220612 0.004545913077890873 -0.04681914672255516
v 0.0812138244509697 -0.019993171095848083 -0.06188010424375534
v 0.08440779894590378 -0.020412519574165344 -0.05557497218251228
v 0.08681599795818329 -0.019889425486326218 -0.05771913006901741
v 0.09593205153942108 0.018883222714066505 -0.05653586983680725
v 0.09219038486480713 0.017140397801995277 -0.05410788580775261
v 0.008106171153485775 -0.11265283823013306 -0.020655948668718338
v 0.008293870836496353 -0.11876083165407181 -0.023275800049304962
v 0.009053261950612068 -0.011648084037005901 0.05312264710664749
v 0.010333919897675514 -0.011789179407060146 0.051790911704301834
v 0.009662925265729427 -0.00998700875788927 0.050895292311906815
v 0.008977103047072887 -0.009966541081666946 0.05155126377940178
v 0.008926169946789742 -0.0200507752597332 0.051750652492046356
v 0.008783099241554737 -0.01856941543519497 0.05073827505111694
v 0.009596946649253368 -0.018569007515907288 0.050363633781671524
v 0.010186229832470417 -0.02036394737660885 0.05099359154701233
v 0.005982763133943081 -0.010385994799435139 0.05115358904004097
v 0.004557573702186346 -0.013265217654407024 0.05319641903042793
v 0.005951886996626854 -0.011786503717303276 0.05490751564502716
v 0.007346113212406635 -0.009448502212762833 0.05184882506728172
v 0.09525842219591141 0.022296493873000145 -0.0576368048787117
v 0.012313422746956348 -0.020480507984757423 0.05172770470380783
v 0.011226375587284565 -0.019083717837929726 0.05042743682861328
v 0.012404857203364372 -0.018186287954449654 0.052099790424108505
v 0.01354188658297062 -0.019356930628418922 0.053748343139886856
v 0.0051980349235236645 -0.019552405923604965 0.0590854249894619
v 0.006393503863364458 -0.017611630260944366 0.05942493677139282
v 0.005133000668138266 -0.018389949575066566 0.056741148233413696
v 0.00479695713147521 -0.02016765996813774 0.05657541751861572
v 0.007879502139985561 -0.016715019941329956 0.0590873621404171
v 0.009599395096302032 -0.01741405576467514 0.06070572882890701
v 0.011144565418362617 -0.0175401009619236 0.05916246026754379
v 0.00936151947826147 -0.016505209729075432 0.05774959549307823
v 0.005188177339732647 -0.015984946861863136 0.05222560092806816
v 0.005831741262227297 -0.01781196892261505 0.053458768874406815
v 0.004610683768987656 -0.01624821126461029 0.05531919375061989
v 0.012244774028658867 -0.016397027298808098 0.05023690313100815
v 0.010412754490971565 -0.01742490381002426 0.0491560734808445
v 0.010199946351349354 -0.013996703550219536 0.04800533503293991
v 0.011739854700863361 -0.013030758127570152 0.049372751265764236
v 0.046069879084825516 -0.08623180538415909 -0.034248460084199905
v 0.05149165913462639 -0.08210458606481552 -0.04463391751050949
v 0.03648422285914421 0.003916960675269365 0.03987401723861694
v 0.03544335812330246 0.0011595507385209203 0.04064604640007019
v 0.031123807653784752 0.0020034494809806347 0.04120993986725807
v 0.03220877796411514 0.004755611531436443 0.040618348866701126
v 0.07977304607629776 -0.00984595250338316 -0.04443705826997757
v 0.07928448915481567 -0.008923281915485859 -0.043092332780361176
v 0.0901637151837349 0.012315690517425537 -0.06720329076051712
v 0.09539805352687836 0.01487666554749012 -0.06126520782709122
v 0.08922684192657471 0.020073235034942627 -0.061623893678188324
v 0.0877750888466835 0.022598274052143097 -0.056937918066978455
v 0.08650966733694077 0.021369606256484985 -0.05593632534146309
v 0.08795470744371414 0.018444547429680824 -0.059935931116342545
v 0.09828396141529083 0.01588268391788006 -0.06244928389787674
v 0.07680769264698029 -0.024131281301379204 -0.0457771010696888
v 0.08855336159467697 0.003634409746155143 -0.058290995657444
v 0.08697201311588287 0.023313958197832108 -0.05443136394023895
v 0.0906078964471817 0.024665456265211105 -0.05507725477218628
v 0.0957622304558754 -0.008915315382182598 -0.06767672300338745
v 0.09898016601800919 0.013989844359457493 -0.06454475224018097
v 0.09666519612073898 0.012656686827540398 -0.0632825568318367
v 0.08809087425470352 0.015300570987164974 -0.04805375263094902
v 0.08227308094501495 -0.015147695317864418 -0.061995815485715866
v 0.0886450707912445 -0.014940009452402592 -0.06033158674836159
v 0.08697430044412613 -0.01752285286784172 -0.05879901349544525
v -0.09855052083730698 0.011238912120461464 -0.07142046093940735
v -0.0984632596373558 0.008441898040473461 -0.07298140227794647
v -0.098597951233387 0.007056060247123241 -0.07098013907670975
v -0.09856095165014267 0.009610696695744991 -0.07013191282749176
v -0.09412571042776108 -0.007673458196222782 -0.06969519704580307
v -0.09435070306062698 -8.390821312787011e-05 -0.0711832270026207
v -0.09576842933893204 0.002483413554728031 -0.07169870287179947
v -0.09574403613805771 0.00041459081694483757 -0.07129701972007751
v 0.08129296451807022 -0.016863731667399406 -0.061130400747060776
v 0.0754343643784523 -0.0005867170402780175 -0.05620066821575165
v 0.0736166462302208 -0.01832999475300312 -0.036872267723083496
v 0.0830625593662262 -0.0316007100045681 -0.05279407277703285
v -0.09318652004003525 -0.018515393137931824 -0.06675413250923157
v -0.09236260503530502 -0.017713258042931557 -0.06634700298309326
v -0.0943993330001831 -0.013071275316178799 -0.06781672686338425
v -0.09522505849599838 -0.013555527664721012 -0.06858368217945099
v 0.08453518152236938 -0.030351778492331505 -0.055394914001226425
v 0.029002821072936058 -0.032576967030763626 -0.11436355859041214
v 0.03278004005551338 -0.02134295552968979 -0.1210419088602066
v 0.09848088771104813 -0.009345867671072483 -0.07104092836380005
v 0.08961787074804306 0.016359196975827217 -0.05553373321890831
v 0.07859485596418381 -0.02501712553203106 -0.04719972237944603
v 0.07765435427427292 -0.0313381627202034 -0.04641185328364372
v 0.07594634592533112 -0.030301835387945175 -0.04462317377328873
v 0.08235345780849457 0.0074296873062849045 -0.055276256054639816
v 0.08011995255947113 -0.018743418157100677 -0.06224225088953972
v 0.07998128980398178 -0.016206882894039154 -0.06306362897157669
v 0.06669969856739044 -0.007963229902088642 -0.052084848284721375
v 0.08409540355205536 -0.026287516579031944 -0.06010086461901665
v 0.0800054669380188 -0.031755607575178146 -0.054452404379844666
v 0.05473079904913902 -0.07812158763408661 -0.054901301860809326
v 0.05086018145084381 -0.07525090873241425 -0.0674295499920845
v -0.07663176953792572 -0.03862909600138664 -0.04446738585829735
v -0.07918864488601685 -0.03668757900595665 -0.046379510313272476
v -0.08001478016376495 -0.03888954967260361 -0.047524429857730865
v -0.07532935589551926 -0.03992175683379173 -0.046127136796712875
v 0.050652213394641876 -0.08697430044412613 -0.06743447482585907
v 0.05296829715371132 -0.09085739403963089 -0.05583203211426735
v 0.07594074308872223 -0.003374742344021797 -0.03724765405058861
v 0.07669547945261002 -0.011072097346186638 -0.03990982100367546
v 0.07539930939674377 -0.012182229198515415 -0.03812885284423828
v 0.02145926095545292 -0.10465940833091736 -0.022677326574921608
v 0.01798825152218342 -0.11436735093593597 -0.027038900181651115
v 0.07391132414340973 -0.017612989991903305 -0.032599952071905136
v 0.07380461692810059 -0.017182599753141403 -0.022691616788506508
v 0.075832299888134 -0.0015124902129173279 -0.02188757248222828
v 0.07531188428401947 -0.007270584814250469 -0.031637415289878845
v 0.06208333373069763 0.03285900875926018 0.0184243805706501
v 0.06413541734218597 0.035576675087213516 0.012025742791593075
v 0.06560565531253815 0.024059798568487167 0.012293626554310322
v 0.06324829906225204 0.024890469387173653 0.01734367571771145
v 0.02103240042924881 0.09766994416713715 0.03854991868138313
v 0.01053775753825903 0.0977477952837944 0.04163232073187828
v 0.010736572556197643 0.10602467507123947 0.03481558337807655
v 0.02154325321316719 0.10520962625741959 0.031457796692848206
v 0.03518915921449661 -0.01294003427028656 -0.12578876316547394
v 0.0374322272837162 -0.002209031255915761 -0.13088837265968323
v 0.017413627356290817 -0.0051850988529622555 -0.13768404722213745
v 0.01609656773507595 -0.015193783678114414 -0.1321437954902649
v 0.022040557116270065 0.12289339303970337 0.007126208860427141
v 0.010819322429597378 0.12469488382339478 0.010341701097786427
v 0.01095994096249342 0.12968972325325012 -0.0003360800910741091
v -0.07231559604406357 -0.038073185831308365 -0.04689236357808113
v -0.07675281912088394 -0.03918839618563652 -0.0510602705180645
v -0.07593610882759094 -0.03587118536233902 -0.05198178440332413
v -0.07256944477558136 -0.03556104004383087 -0.04852757975459099
v 0.02237878367304802 0.12756851315498352 -0.00315109477378428
v 0.05760148912668228 -0.000823168084025383 0.03132695332169533
v 0.060072582215070724 -0.00854788813740015 0.02932165563106537
v 0.05568065121769905 -0.00892576016485691 0.033668093383312225
v 0.05355336144566536 -0.0010408638045191765 0.03465064987540245
v 0.07724469900131226 -0.036286450922489166 -0.04335017129778862
v 0.07579480856657028 -0.03501436114311218 -0.04236424341797829
v -0.09352044761180878 0.022445887327194214 -0.05526930093765259
v -0.09338277578353882 0.01924687996506691 -0.05511126294732094
v -0.09082966297864914 0.018973223865032196 -0.05267084762454033
v -0.0914023295044899 0.02230914682149887 -0.052252475172281265
v -0.07752014696598053 -0.011417834088206291 -0.06553966552019119
v -0.07544593513011932 -0.018013736233115196 -0.06335187703371048
v -0.08186652511358261 -0.01314158271998167 -0.06597824394702911
v -0.08242868632078171 -0.010355452075600624 -0.06651629507541656
v 0.011170287616550922 0.1338445395231247 -0.012682287022471428
v 0.022845571860671043 0.1314893662929535 -0.015030414797365665
v 0.012746141292154789 0.010046884417533875 0.044661618769168854
v -0.09022790193557739 0.010520904324948788 -0.06386716663837433
v -0.09190082550048828 0.011628889478743076 -0.06736733764410019
v -0.09265834838151932 0.009445237927138805 -0.068538598716259
v -0.09133611619472504 0.007738015148788691 -0.06591981649398804
v -0.094267837703228 0.013336149975657463 -0.07215730100870132
v -0.0945342481136322 0.01020848099142313 -0.07388204336166382
v -0.07416796684265137 -0.0287188608199358 -0.042272329330444336
v -0.0735616534948349 -0.024729005992412567 -0.04122432321310043
v -0.0742061585187912 -0.0230771042406559 -0.042423684149980545
v -0.07457201182842255 -0.024407265707850456 -0.0436897911131382
v -0.07539302110671997 -0.011075816117227077 -0.05745614692568779
v -0.07724718004465103 -0.0067778402008116245 -0.0556696318089962
v -0.08784355223178864 -0.029732951894402504 -0.06255507469177246
v -0.08798778057098389 -0.027562856674194336 -0.06137656792998314
v -0.09053391218185425 -0.023281551897525787 -0.06451727449893951
v -0.0903770849108696 -0.024824712425470352 -0.06585540622472763
v 0.013461980037391186 0.012449945323169231 0.042856909334659576
v 0.017238521948456764 0.009421615861356258 0.042024046182632446
v 0.016682278364896774 0.0066449702717363834 0.04357312619686127
v 0.008049984462559223 0.0657748356461525 0.05223274976015091
v 0.009071202017366886 0.07592953741550446 0.05048086494207382
v 0.018605103716254234 0.07699202746152878 0.0485936775803566
v 0.016834991052746773 0.06677234172821045 0.05060872063040733
v 0.02217697910964489 0.007040883880108595 0.0412936769425869
v 0.0212703887373209 0.004622881766408682 0.04220340773463249
v 0.010751772671937943 0.11305852234363556 0.027310390025377274
v 0.021788377314805984 0.11182983219623566 0.023854615166783333
v 0.021804621443152428 0.13632771372795105 -0.06651132553815842
v -0.08521371334791183 -0.024244917556643486 -0.059330955147743225
v -0.08785579353570938 -0.021740224212408066 -0.06280423700809479
v -0.08932711184024811 -0.021116090938448906 -0.06447852402925491
v -0.08766169100999832 -0.02324986271560192 -0.06259063631296158
v 0.022638246417045593 0.13696643710136414 -0.05764941871166229
v 0.010687625035643578 0.13974353671073914 -0.058050140738487244
v -0.09457071125507355 0.014271252788603306 -0.06229637935757637
v -0.0920085534453392 0.016510631889104843 -0.05796637758612633
v -0.09263037890195847 0.016699377447366714 -0.05821225792169571
v -0.0948554128408432 0.01425462868064642 -0.06334099173545837
v 0.011401712894439697 0.13843414187431335 -0.07095982134342194
v 0.07069706171751022 0.0002726911916397512 -0.09191525727510452
v 0.07465605437755585 -0.0014827342238277197 -0.07665733993053436
v 0.07806026935577393 0.010748124681413174 -0.07865805923938751
v 0.07553978264331818 0.017067084088921547 -0.09505075216293335
v 0.033542755991220474 -0.09812355041503906 -0.027101341634988785
v 0.029903944581747055 -0.10843199491500854 -0.03134306147694588
v -0.08570420742034912 0.0017434143228456378 -0.06569039076566696
v -0.0843212902545929 0.00710881594568491 -0.06407345086336136
v -0.08291547745466232 0.006545862182974815 -0.06428069621324539
v -0.08405599743127823 0.0018945515621453524 -0.06563979387283325
v -0.09494198113679886 0.010417013429105282 -0.07010383158922195
v -0.09536338597536087 0.007585048209875822 -0.07117559760808945
v -0.09337346255779266 0.006738542579114437 -0.07006966322660446
v -0.07937031239271164 0.009226778522133827 -0.05318029969930649
v -0.07969284802675247 0.00961531326174736 -0.05369977280497551
v -0.0805254653096199 0.007892406545579433 -0.05403592064976692
v -0.07983971387147903 0.006928001064807177 -0.052763547748327255
v -0.07960520684719086 -0.04020488262176514 -0.051124028861522675
v -0.0728134736418724 -0.026435639709234238 -0.05723627284169197
v -0.07484836876392365 -0.02577177807688713 -0.058619722723960876
v -0.07760898023843765 -0.021820947527885437 -0.06150513142347336
v -0.07633177936077118 -0.02061370573937893 -0.06166810914874077
v 0.055931054055690765 0.05835643783211708 0.026120342314243317
v 0.057445358484983444 0.06590612977743149 0.022034458816051483
v 0.06152215227484703 0.05779670178890228 0.01693725772202015
v 0.05905595049262047 0.05106854811310768 0.021833118051290512
v 0.006354905664920807 0.049355458468198776 0.0547267384827137
v 0.01396323461085558 0.05018540471792221 0.05402937904000282
v 0.011947833001613617 0.0431365929543972 0.05376559868454933
v 0.005429661367088556 0.042371295392513275 0.05433167889714241
v -0.07219815999269485 -0.036164071410894394 -0.0427369624376297
v -0.07494106143712997 -0.03629683703184128 -0.04228479787707329
v -0.075966015458107 -0.03783155605196953 -0.043453115969896317
v -0.07301043719053268 -0.03817169740796089 -0.043933141976594925
v 0.06368247419595718 0.016612647101283073 0.018230438232421875
v 0.06667239964008331 0.0134119326248765 0.01445317454636097
v 0.06602555513381958 0.004090635571628809 0.01861538738012314
v 0.06281562894582748 0.008847448043525219 0.02132902294397354
v 0.06028739735484123 0.001411326928064227 0.027692221105098724
v -0.08285587280988693 0.012963971123099327 -0.053812991827726364
v -0.08527358621358871 0.012268120422959328 -0.05623761937022209
v -0.08358326554298401 0.011329518631100655 -0.055451441556215286
v -0.08177704364061356 0.011760398745536804 -0.05359411612153053
v 0.0627317950129509 -0.005596650764346123 0.025920188054442406
v -0.09293811023235321 -0.001993301324546337 -0.06965528428554535
v -0.09184657782316208 0.004905460402369499 -0.0677650198340416
v 0.020003769546747208 0.08745726197957993 0.04463982209563255
v 0.009895764291286469 0.08683747798204422 0.04714586213231087
v 0.06350771337747574 0.04782361537218094 0.012945364229381084
v 0.06089434400200844 0.04218985140323639 0.019122038036584854
v 0.009710335172712803 0.012688368558883667 0.0469183623790741
v 0.010764583945274353 0.014591672457754612 0.04431070759892464
v 0.007257468532770872 0.020008239895105362 0.04740976542234421
v -0.09142027795314789 -0.011355523951351643 -0.06438114494085312
v -0.09219864755868912 -0.011339712888002396 -0.06742771714925766
v -0.09089028835296631 -0.015411769039928913 -0.0662543997168541
v -0.0905134379863739 -0.015381472185254097 -0.0631604716181755
v 0.004545867443084717 0.01792377047240734 0.05142795294523239
v 0.004053921904414892 0.02260906808078289 0.05133621394634247
v 0.007143584545701742 0.023326314985752106 0.04845132306218147
v 0.03544249385595322 0.06698163598775864 0.04330124333500862
v 0.037549108266830444 0.07636023312807083 0.04011630639433861
v 0.04541398957371712 0.07476484775543213 0.03383482247591019
v 0.04367443919181824 0.06613553315401077 0.037596169859170914
v 0.021925803273916245 0.11763138324022293 0.015947900712490082
v -0.09124152362346649 -0.0032079408410936594 -0.06437323987483978
v -0.09226061403751373 -0.0031536752358078957 -0.06774290651082993
v 0.01075747236609459 0.11917130649089813 0.01932716555893421
v 0.004258318338543177 0.03294728696346283 0.05192665755748749
v 0.008675859309732914 0.03337177261710167 0.050919923931360245
v 0.007398038636893034 0.029678620398044586 0.04972781985998154
v -0.09636937826871872 0.006341968197375536 -0.06971972435712814
v -0.09621547162532806 1.089164288714528e-05 -0.0699760839343071
v -0.0960383415222168 0.00677467230707407 -0.070346400141716
v -0.08206132799386978 0.011033376678824425 -0.06229204311966896
v -0.0817941203713417 0.01427060179412365 -0.06632716953754425
v -0.08052057772874832 0.0074706547893583775 -0.06776394695043564
v -0.08210478723049164 0.008205458521842957 -0.06387834995985031
v 0.004147565923631191 0.02939833700656891 0.051351726055145264
v 0.02601715549826622 0.0032206056639552116 0.04170051962137222
v 0.027096524834632874 0.005764875095337629 0.041153088212013245
v 0.06918544322252274 -0.0331365168094635 -0.04555966705083847
v 0.07047199457883835 -0.035522978752851486 -0.04540012404322624
v 0.0782407596707344 0.014863201417028904 -0.03388296067714691
v 0.07636944949626923 0.003817283548414707 -0.03239527717232704
v 0.07689975947141647 0.01284738164395094 -0.022894926369190216
v 0.0780722051858902 0.02562611550092697 -0.024899782612919807
v 0.08057446777820587 0.03745587170124054 -0.028138648718595505
v 0.08192931115627289 0.04760799929499626 -0.033193882554769516
v 0.08272658288478851 0.031411029398441315 -0.04055499657988548
v 0.08085368573665619 0.024274714291095734 -0.03624454885721207
v 0.045473746955394745 -0.0844452902674675 -0.07821262627840042
v 0.043511051684617996 -0.0738493800163269 -0.07988401502370834
v 0.004033115226775408 0.014535868540406227 0.05318600684404373
v 0.0037837084382772446 0.011531381867825985 0.05499579757452011
v 0.0202939510345459 0.03807716444134712 -0.15002061426639557
v -0.07514582574367523 -0.01880844123661518 -0.04277871549129486
v -0.07677803188562393 -0.016625158488750458 -0.04378668963909149
v -0.07556768506765366 -0.01896676793694496 -0.04534909874200821
v -0.07468417286872864 -0.0210671778768301 -0.04520609602332115
v 0.019546737894415855 0.02394670806825161 -0.14790306985378265
v 0.04049457982182503 0.028089044615626335 -0.13965700566768646
v 0.041055139154195786 0.04160836711525917 -0.1413380205631256
v 0.06678643822669983 -0.01058350782841444 -0.08755584806203842
v -0.07827525585889816 -0.023740263655781746 -0.06031228229403496
v -0.07558712363243103 -0.026883764192461967 -0.05797579512000084
v -0.07613291591405869 -0.02741258032619953 -0.05742470920085907
v -0.07911641895771027 -0.025747643783688545 -0.058944664895534515
v 0.07135039567947388 -0.010554843582212925 -0.07340729981660843
v 0.010897672735154629 -0.014735883101820946 0.05365685001015663
v 0.008136769756674767 -0.010940292850136757 0.0490594357252121
v 0.007878152653574944 -0.014337054453790188 0.04779445379972458
v 0.00784327369183302 -0.012423118576407433 0.04920820891857147
v 0.01112451869994402 -0.0169328935444355 0.05574893578886986
v 0.012685221619904041 -0.017947588115930557 0.057284094393253326
v 0.008939836174249649 -0.016880808398127556 0.04909621551632881
v 0.008228104561567307 -0.016857409849762917 0.04935266450047493
v 0.007215107325464487 -0.013937809504568577 0.04796282947063446
v 0.009593995288014412 -0.010427804663777351 0.0498882420361042
v 0.0022484271321445704 -0.021296866238117218 0.0612938366830349
v 0.00283758039586246 -0.019989855587482452 0.0641077384352684
v 0.006564040202647448 -0.018728263676166534 0.06320545077323914
v 0.005259745288640261 -0.019997846335172653 0.06119044870138168
v 0.005406982731074095 -0.011913346126675606 0.0506267286837101
v 0.004756848327815533 -0.01351965218782425 0.05082186311483383
v 0.00593894999474287 -0.01530222687870264 0.05773485079407692
v 0.007634810172021389 -0.01156889833509922 0.05422859638929367
v 0.008246622048318386 -0.009642200544476509 0.05180274322628975
v 0.007462969981133938 -0.014434274286031723 0.057079870253801346
v 0.005902466364204884 -0.019849782809615135 0.054144371300935745
v 0.00920785777270794 -0.014313801191747189 0.05559995770454407
v -0.08751633763313293 0.013596839271485806 -0.05845232307910919
v -0.08765710890293121 0.007913405075669289 -0.05896221473813057
v -0.08605555444955826 0.007905829697847366 -0.05741455405950546
v -0.08068154007196426 -0.02314877137541771 -0.05115522816777229
v -0.08163119852542877 -0.02180626429617405 -0.05303407460451126
v -0.08263526856899261 -0.02483537048101425 -0.055006422102451324
v -0.08147957175970078 -0.027062565088272095 -0.05343935266137123
v 0.0828884094953537 -0.021218545734882355 -0.05354521796107292
v 0.056205544620752335 -0.06640879064798355 -0.038348063826560974
v 0.061008647084236145 -0.05056333169341087 -0.042767275124788284
v 0.05950172245502472 -0.05034506320953369 -0.04665724188089371
v -0.08389049023389816 -0.036303721368312836 -0.05681564658880234
v -0.0812799334526062 -0.03663167729973793 -0.05765180662274361
v -0.07909990102052689 -0.038481179624795914 -0.054252829402685165
v -0.08177448064088821 -0.03901885822415352 -0.053906094282865524
v -0.0744287446141243 -0.022431660443544388 -0.044303856790065765
v -0.07452835142612457 -0.02152153104543686 -0.042610637843608856
v -0.0879574790596962 0.0018177087185904384 -0.06759363412857056
v -0.08647645264863968 0.008312496356666088 -0.06579271703958511
v 0.05519451946020126 -0.06582292169332504 -0.045230932533741
v 0.08546318113803864 0.006522146053612232 -0.05661030486226082
v 0.07197362184524536 0.061404213309288025 -0.003734130412340164
v 0.0731407031416893 0.07567872107028961 -0.011739987879991531
v 0.07876361906528473 0.06172240898013115 -0.02368677780032158
v -0.08996642380952835 0.006029252428561449 -0.06385184824466705
v -0.09079692512750626 0.003529465524479747 -0.06532198190689087
v 0.07827567309141159 0.04904139041900635 -0.01868339069187641
v 0.07348360866308212 0.08592762053012848 -0.020213663578033447
v 0.0789261907339096 0.07412737607955933 -0.030807126313447952
v 0.082541823387146 0.06063530966639519 -0.04134852811694145
v 0.0848262682557106 0.038868244737386703 -0.056539230048656464
v 0.04331023991107941 0.018648870289325714 0.03659212961792946
v 0.043688587844371796 0.01824602670967579 0.036669835448265076
v 0.04211987555027008 0.01785663329064846 0.03789091482758522
v -0.07856366038322449 -0.006123929284512997 -0.048395752906799316
v -0.07591552287340164 -0.005545472260564566 -0.04942435026168823
v -0.07560565322637558 -0.006255612708628178 -0.04964527487754822
v -0.07878410071134567 -0.007733022328466177 -0.04824181646108627
v 0.042016856372356415 0.018302125856280327 0.037797149270772934
v 0.04269648343324661 0.018968336284160614 0.03620876371860504
v 0.041541002690792084 0.018644068390130997 0.03739584982395172
v -0.07900603115558624 -0.0059028808027505875 -0.046761684119701385
v -0.07930819690227509 -0.00745218712836504 -0.04664097726345062
v -0.07912643998861313 -0.007833479903638363 -0.04507046937942505
v -0.078794926404953 -0.006892223842442036 -0.044986482709646225
v 0.04382776841521263 0.019379690289497375 0.035255759954452515
v 0.04440189525485039 0.019094500690698624 0.03560413047671318
v 0.04466377571225166 0.018697483465075493 0.03569870442152023
v 0.026194587349891663 0.019160455092787743 0.040214601904153824
v 0.027004512026906013 0.019297270104289055 0.03931937739253044
v 0.029514465481042862 0.018802445381879807 0.04020577296614647
v 0.028849266469478607 0.018532896414399147 0.041167087852954865
v 0.026147574186325073 0.018563203513622284 0.04078591242432594
v 0.02954290434718132 0.017863789573311806 0.04149426519870758
v -0.07517823576927185 -0.005424925126135349 -0.050463952124118805
v -0.07526995986700058 -0.005581758916378021 -0.04989778622984886
v -0.07585182785987854 -0.00514556048437953 -0.050331879407167435
v -0.07993218302726746 -0.0024377598892897367 -0.06220215559005737
v -0.08155854791402817 -0.010794571600854397 -0.06403893232345581
v -0.07927057892084122 -0.010800043120980263 -0.06297655403614044
v -0.07622416317462921 -0.002957785502076149 -0.061358679085969925
v 0.025578130036592484 0.020452400669455528 0.034733835607767105
v 0.02505873516201973 0.021134477108716965 0.034721557050943375
v -0.09287890046834946 -0.010082321241497993 -0.06899882107973099
v 0.026859141886234283 0.019497621804475784 0.03495132923126221
v 0.02434070035815239 0.02139655500650406 0.03630781173706055
v 0.024114051833748817 0.022613372653722763 0.036420758813619614
v -0.08738116919994354 0.01861252449452877 -0.048040542751550674
v -0.08589521050453186 0.02058807760477066 -0.047732964158058167
v -0.08854319155216217 0.024251842871308327 -0.05257893726229668
v 0.02421736717224121 0.02313401736319065 0.03480449318885803
v 0.02452426590025425 0.021730175241827965 0.034677281975746155
v 0.024992631748318672 0.020914122462272644 0.03650012984871864
v -0.07649856805801392 -0.020524773746728897 -0.05522092431783676
v -0.07879070937633514 -0.01961458846926689 -0.05204833298921585
v -0.07675234973430634 -0.01952468976378441 -0.050416965037584305
v -0.07536293566226959 -0.02088901959359646 -0.05350871756672859
v -0.0746561586856842 -0.014719890430569649 -0.04788284748792648
v -0.07259874790906906 -0.018224045634269714 -0.04706396162509918
v -0.07713200896978378 -0.01619306392967701 -0.04669513925909996
v -0.07916032522916794 0.00017271580873057246 -0.046380918473005295
v -0.07744432240724564 -0.00395788112655282 -0.049758587032556534
v -0.07838666439056396 -0.004904150031507015 -0.048007287085056305
v -0.07880879938602448 -0.004489232320338488 -0.04644862934947014
v -0.09286020696163177 -0.019481562077999115 -0.06830137968063354
v -0.0949927419424057 -0.014144465327262878 -0.07023275643587112
v -0.09312906861305237 -0.01436738483607769 -0.0721195861697197
v -0.09093392640352249 -0.020168641582131386 -0.07017592340707779
v 0.02300521731376648 0.020551664754748344 0.037656519562006
v 0.022508397698402405 0.02088787592947483 0.037616878747940063
v -0.07242447882890701 -0.0324132964015007 -0.0412360355257988
v -0.07077961415052414 -0.03476782888174057 -0.04391657933592796
v -0.07236198335886002 -0.028924867510795593 -0.03985000401735306
v -0.09776721894741058 0.018573803827166557 -0.06514071673154831
v -0.09338831156492233 0.021398285403847694 -0.06560451537370682
v -0.09373775869607925 0.019083356484770775 -0.06814493238925934
v -0.0981951430439949 0.01631871424615383 -0.06752368807792664
v -0.07568324357271194 0.0015635270392522216 -0.05598827823996544
v -0.07598483562469482 -0.0006755676004104316 -0.05552548170089722
v -0.07634112238883972 0.0011032148031517863 -0.053804319351911545
v -0.07621339708566666 0.0030470360070466995 -0.053952597081661224
v 0.022454965859651566 0.022039514034986496 0.03774299845099449
v 0.033729188144207 0.016806306317448616 0.04166343808174133
v 0.034183353185653687 0.016182729974389076 0.04135933145880699
v 0.03012998215854168 0.016729502007365227 0.0415482223033905
v 0.029993519186973572 0.017234940081834793 0.04161975532770157
v 0.033172253519296646 0.017437929287552834 0.04170655086636543
v 0.0365985631942749 0.01742764376103878 0.041092269122600555
v 0.03689059242606163 0.016733556985855103 0.04097539186477661
v 0.03757871314883232 0.01618541032075882 0.040450725704431534
v -0.05226250737905502 -0.032159410417079926 -0.09329830855131149
v -0.06046146899461746 -0.03277621790766716 -0.07508528232574463
v -0.06529872864484787 -0.018969088792800903 -0.08368713408708572
v -0.0581611730158329 -0.01865364797413349 -0.09922345727682114
v -0.08504027128219604 -0.03341306000947952 -0.05604952573776245
v -0.0837479680776596 -0.03578721359372139 -0.05339514836668968
v -0.08004073053598404 0.008375991135835648 -0.04486602917313576
v -0.07923894375562668 0.010605563409626484 -0.04316428676247597
v -0.08082286268472672 0.016196876764297485 -0.04426054283976555
v -0.08131051063537598 0.012531139887869358 -0.04476943239569664
v 0.027054421603679657 0.017454924061894417 0.041055627167224884
v 0.026872051879763603 0.017900625243782997 0.041045207530260086
v 0.03827621787786484 0.015440315939486027 0.039762239903211594
v 0.034710075706243515 0.0153663270175457 0.040787987411022186
v -0.0948607474565506 0.0018244223902001977 -0.07518411427736282
v -0.0977826714515686 0.0009533622651360929 -0.073465496301651
v 0.03031185269355774 0.015906792134046555 0.0412299744784832
v 0.026712734252214432 0.0169073399156332 0.041030384600162506
v 0.02336372248828411 0.017984695732593536 0.04039144143462181
v 0.02393069863319397 0.01844840869307518 0.04040561988949776
v 0.035626936703920364 0.014456495642662048 0.040243081748485565
v 0.035161085426807404 0.01348630990833044 0.04019594192504883
v 0.03076789714396 0.013814250007271767 0.040775347501039505
v 0.03074684739112854 0.014824549667537212 0.04090845212340355
v -0.082303985953331 0.01388964056968689 -0.05196257680654526
v -0.08660539239645004 0.017259065061807632 -0.05512889474630356
v -0.08409067243337631 0.014719121158123016 -0.05428525432944298
v -0.08206254243850708 0.01350411493331194 -0.052584998309612274
v -0.08114548772573471 0.006030758377164602 -0.05026574060320854
v -0.08193512260913849 0.007429488003253937 -0.049656160175800323
v -0.08056703209877014 0.008272920735180378 -0.04987713322043419
v -0.07955877482891083 0.006794848013669252 -0.05008755251765251
v 0.038888584822416306 0.014671048149466515 0.03916223347187042
v 0.038880497217178345 0.013692935928702354 0.039000503718853
v -0.07941868156194687 0.015567189082503319 -0.0410451702773571
v -0.08152585476636887 0.020852120593190193 -0.044011522084474564
v 0.04651264473795891 0.019090943038463593 0.03377792239189148
v 0.046999070793390274 0.019574489444494247 0.033171653747558594
v 0.04725243151187897 0.018871692940592766 0.03289064019918442
v -0.07096969336271286 -0.026873454451560974 -0.05624493211507797
v 0.04696306213736534 0.018370039761066437 0.03327259048819542
v 0.050568483769893646 0.01495086494833231 0.030206037685275078
v 0.05160939320921898 0.016302183270454407 0.029352867975831032
v 0.054347045719623566 0.01455635204911232 0.027797354385256767
v -0.08184793591499329 0.007157551124691963 -0.04762151464819908
v -0.0827559232711792 0.009862127713859081 -0.04683913290500641
v -0.08310957252979279 0.00899391621351242 -0.04931451007723808
v -0.07347925007343292 -0.023577436804771423 -0.03883453831076622
v -0.07411094009876251 -0.02188021130859852 -0.040930721908807755
v -0.08119117468595505 0.012257004156708717 -0.052504610270261765
v -0.08050703257322311 0.01123139075934887 -0.05253346264362335
v -0.07888198643922806 0.00806840043514967 -0.05224962159991264
v -0.07945316284894943 0.005426726303994656 -0.053248438984155655
v 0.05276678502559662 0.012999162077903748 0.029260877519845963
v -0.08642838895320892 -0.001906619407236576 -0.05987534299492836
v -0.08838846534490585 -0.010527238249778748 -0.06179611757397652
v 0.06189998239278793 0.004414113704115152 0.024473438039422035
v 0.055238399654626846 0.01051775086671114 0.028263036161661148
v 0.05668731406331062 0.012272016145288944 0.026223354041576385
v 0.04576118662953377 0.01852920465171337 0.03470322862267494
v 0.04487304762005806 0.018152786418795586 0.035646840929985046
v 0.04556722193956375 0.019206833094358444 0.03474421426653862
v 0.04621908441185951 0.019691335037350655 0.03403693437576294
v 0.046347860246896744 0.018007025122642517 0.0340566411614418
v 0.0453093983232975 0.01758897490799427 0.03523075953125954
v 0.043905772268772125 0.017734479159116745 0.036559075117111206
v 0.044112905859947205 0.01708287000656128 0.036360230296850204
v 0.042516618967056274 0.01662283018231392 0.03752896189689636
v 0.04217071831226349 0.017252350226044655 0.03784606605768204
v 0.03951728716492653 0.016955271363258362 0.03954264149069786
v -0.06977247446775436 -0.019156908616423607 -0.07054834812879562
v -0.06602893024682999 -0.033092137426137924 -0.05640508607029915
v 0.03955228626728058 0.01759822852909565 0.03953241556882858
v 0.040325284004211426 0.016364051029086113 0.03893916681408882
v 0.04309166967868805 0.01594807207584381 0.03707457333803177
v 0.04095511883497238 0.015648262575268745 0.0383656769990921
v 0.04483767971396446 0.01643836684525013 0.035669323056936264
v 0.04595482349395752 0.01692366413772106 0.03447369486093521
v 0.0468631237745285 0.01735994778573513 0.0334148146212101
v 0.04750446230173111 0.01781081221997738 0.03262942656874657
v 0.047907475382089615 0.018461087718605995 0.03212714195251465
v 0.047484345734119415 0.016478223726153374 0.032621610909700394
v 0.04818900302052498 0.015500262379646301 0.03198585659265518
v 0.0469302274286747 0.015028610825538635 0.03325652331113815
v 0.046471137553453445 0.01605551317334175 0.033759403973817825
v 0.04828372597694397 0.01705794781446457 0.03172961249947548
v 0.04917702078819275 0.016164865344762802 0.030962513759732246
v -0.0794203132390976 0.00866350531578064 -0.049917928874492645
v -0.07912331819534302 0.008908410556614399 -0.050356775522232056
v -0.07818802446126938 0.007897943258285522 -0.05121805891394615
v -0.07855547964572906 0.007522252853959799 -0.05018536373972893
v 0.04520542547106743 0.015719011425971985 0.035106733441352844
v 0.04551571607589722 0.01479604747146368 0.03462335839867592
v 0.043839968740940094 0.014509398490190506 0.036104965955019
v 0.04349975287914276 0.015326039865612984 0.03665246069431305
v -0.08253051340579987 -0.03756919503211975 -0.050815682858228683
v -0.08496187627315521 0.004491439089179039 -0.05756138637661934
v -0.0817665383219719 0.0031422656029462814 -0.05589108541607857
v -0.08249595761299133 0.0050958809442818165 -0.05468739569187164
v 0.04147496819496155 0.01488587073981762 0.03792119026184082
v 0.04191833734512329 0.01403419952839613 0.037383440881967545
v -0.09541088342666626 -0.008311516605317593 -0.0686447024345398
v -0.0970020517706871 -5.974961823085323e-05 -0.06959974020719528
v -0.09817413985729218 0.0004359368176665157 -0.07121796160936356
v -0.0964873656630516 -0.008547307923436165 -0.06993834674358368
v 0.03322841227054596 0.01808449812233448 0.04127763956785202
v 0.03322487324476242 0.018492208793759346 0.04037487134337425
v 0.03616185486316681 0.018442122265696526 0.039948850870132446
v 0.036911386996507645 0.018075047060847282 0.040682047605514526
v 0.03962172567844391 0.018137585371732712 0.039205290377140045
v -0.07107015699148178 -0.03622530773282051 -0.04484141618013382
v -0.07591591030359268 -0.0016755268443375826 -0.05647441744804382
v -0.07713949680328369 -0.0035382641945034266 -0.05564489960670471
v 0.03897462785243988 0.018613647669553757 0.03853580728173256
v 0.03665715456008911 0.017535006627440453 0.03709610179066658
v 0.035902708768844604 0.017697062343358994 0.034216780215501785
v 0.03877434507012367 0.017699964344501495 0.033485401421785355
v 0.03947586566209793 0.017789484933018684 0.03601199761033058
v -0.07646892219781876 0.004514683037996292 -0.05361909046769142
v -0.07724560797214508 0.006348298862576485 -0.05213383585214615
v 0.033180370926856995 0.01736762933433056 0.03745228052139282
v 0.0327862873673439 0.018135908991098404 0.03460993617773056
v 0.02982187457382679 0.017761286348104477 0.03781752288341522
v -0.07470238953828812 -0.018797358497977257 -0.04053546115756035
v 0.029657000675797462 0.01868397183716297 0.03491957113146782
v 0.027448268607258797 0.019254440441727638 0.03749604523181915
v 0.03484532982110977 0.029669402167201042 0.04140735790133476
v 0.035753119736909866 0.029834236949682236 0.04201493039727211
v 0.04005865752696991 0.029487691819667816 0.04154516011476517
v 0.03911030665040016 0.02929532155394554 0.04089618846774101
v 0.05122930556535721 0.0009738445514813066 -0.12117990106344223
v 0.053101662546396255 0.01616363413631916 -0.12689873576164246
v 0.03955717757344246 0.011797844432294369 -0.135948047041893
v 0.04314695671200752 0.02803775854408741 0.03932109847664833
v 0.04319754242897034 0.028251204639673233 0.03946130722761154
v 0.045667294412851334 0.027173154056072235 0.038011886179447174
v 0.045395150780677795 0.02684267796576023 0.03783346340060234
v 0.042957983911037445 0.02766815572977066 0.03905140981078148
v -0.0937781110405922 0.014515968039631844 -0.06722649931907654
v -0.09432552009820938 0.012591522186994553 -0.06870285421609879
v -0.09175123274326324 0.01313667744398117 -0.06588509678840637
v -0.09130199253559113 0.014381801709532738 -0.06434500217437744
v -0.09040292352437973 0.015466167591512203 -0.060483675450086594
v -0.09110939502716064 0.017324641346931458 -0.06007758527994156
v -0.09288926422595978 0.016014134511351585 -0.06514264643192291
v -0.08037661015987396 0.0039909170009195805 -0.05482560023665428
v -0.0815681517124176 0.005709170363843441 -0.05353640019893646
v 0.04508006572723389 0.026441823691129684 0.03733796626329422
v 0.03984181210398674 0.028745217248797417 0.04053167626261711
v -0.07951828092336655 -0.024506142362952232 -0.04963652789592743
v -0.08061027526855469 -0.030750729143619537 -0.05071781203150749
v -0.08924512565135956 -0.018947141245007515 -0.06404335796833038
v -0.08851969242095947 -0.0180270466953516 -0.06108356639742851
v -0.09044445306062698 -0.007999819703400135 -0.0722842663526535
v -0.09075665473937988 0.0014501558616757393 -0.07293487340211868
v -0.08894407004117966 0.0014569800114259124 -0.07025692611932755
v -0.08888948708772659 -0.007427005562931299 -0.07047247886657715
v 0.04000658169388771 0.028909150511026382 0.04078134521842003
v 0.03983151167631149 0.029017029330134392 0.04066644236445427
v 0.04462475702166557 0.0246599018573761 0.031669195741415024
v 0.04373064637184143 0.026253793388605118 0.03254422917962074
v -0.08278541266918182 -0.004537257831543684 -0.06616999208927155
v -0.07944174855947495 -0.003344041295349598 -0.0666767805814743
v -0.0785103291273117 -0.005707327276468277 -0.0443737767636776
v -0.07782946527004242 -0.0017462241230532527 -0.042278364300727844
v -0.07651352882385254 0.0040051573887467384 -0.054340701550245285
v -0.07692724466323853 0.005482026841491461 -0.05210058018565178
v -0.08286770433187485 -0.021350428462028503 -0.06278254091739655
v -0.07857099175453186 -0.02904547192156315 -0.05620790272951126
v -0.08293082565069199 -0.02399815060198307 -0.06157119199633598
v -0.07422632724046707 -0.02956053800880909 -0.05404707416892052
v -0.07380933314561844 -0.030816320329904556 -0.05208756402134895
v -0.07653804868459702 -0.0310586579144001 -0.053807761520147324
v 0.04398040100932121 0.025380799546837807 0.03519313409924507
v 0.04474516212940216 0.024111580103635788 0.03402169421315193
v 0.044802475720644 0.023874206468462944 0.031003782525658607
v 0.044937822967767715 0.023203803226351738 0.03301549330353737
v 0.04544946923851967 0.024394527077674866 0.028386222198605537
v 0.04465186968445778 0.025307996198534966 0.029138902202248573
v 0.04333772137761116 0.026406683027744293 0.0302143394947052
v -0.08510269969701767 -0.022255660966038704 -0.058597955852746964
v -0.08727230876684189 -0.021082278341054916 -0.06116421893239021
v 0.0459505133330822 0.023579752072691917 0.027989136055111885
v -0.07421055436134338 -0.0057591404765844345 -0.05124256759881973
v -0.0724518671631813 -0.0072501772083342075 -0.052263449877500534
v -0.07396921515464783 -0.006199721246957779 -0.050534892827272415
v -0.08933600783348083 -0.002728481078520417 -0.06159709766507149
v -0.09029245376586914 -0.010905635543167591 -0.06247523054480553
v -0.08211711794137955 0.009566588327288628 -0.04978904128074646
v 0.046370718628168106 0.022753432393074036 0.027884747833013535
v -0.08002845197916031 -0.0010263777803629637 -0.05194221809506416
v -0.08101661503314972 0.0027082953602075577 -0.049531735479831696
v -0.08530961722135544 0.013281663879752159 -0.049049027264118195
v -0.08372911065816879 0.011376596987247467 -0.049800362437963486
v -0.08312488347291946 0.01052879262715578 -0.04969887062907219
v -0.08412974327802658 0.011088916100561619 -0.048922233283519745
v -0.06715141981840134 -0.015801073983311653 -0.050198834389448166
v -0.07069946825504303 -0.01726250909268856 -0.049056727439165115
v -0.07222580164670944 -0.013915842399001122 -0.048961155116558075
v 0.046553950756788254 0.021755989640951157 0.027881860733032227
v 0.04600360989570618 0.020898517221212387 0.02826237678527832
v 0.06485345214605331 -0.014698025770485401 0.02188972942531109
v 0.06472443789243698 -0.0014530564658343792 0.02236327715218067
v -0.08943796902894974 0.017719421535730362 -0.05909667909145355
v -0.08959019929170609 0.015429913997650146 -0.06024784967303276
v -0.08803728222846985 0.008661828003823757 -0.06786208599805832
v 0.06725914031267166 -0.009914454072713852 0.017959440127015114
v 0.045185573399066925 0.019613569602370262 0.03475392982363701
v -0.08074121177196503 0.009746377356350422 -0.05484173819422722
v -0.08178379386663437 0.00796899851411581 -0.055536869913339615
v 0.04576486349105835 0.020122110843658447 0.03403741493821144
v -0.0842193067073822 0.0237802155315876 -0.06030219793319702
v -0.08381368964910507 0.021419672295451164 -0.056911252439022064
v -0.08384416997432709 0.021559186279773712 -0.0553644560277462
v -0.08431775122880936 0.0263413917273283 -0.05510426685214043
v 0.04442555457353592 0.01989148184657097 0.03455414995551109
v -0.07299254834651947 -0.03386866673827171 -0.04946903884410858
v -0.07577380537986755 -0.03382570669054985 -0.05229981988668442
v -0.07562007009983063 -0.032292015850543976 -0.052457161247730255
v -0.07328546047210693 -0.03231879323720932 -0.05044885724782944
v -0.07591857761144638 -0.01961681619286537 -0.04968391731381416
v -0.07496405392885208 -0.02097557857632637 -0.052469972521066666
v 0.04469625651836395 0.020302558317780495 0.0339469350874424
v -0.09115849435329437 -0.017602991312742233 -0.06671357154846191
v -0.09024491906166077 -0.018471119925379753 -0.0656527504324913
v -0.09181595593690872 -0.014423250220716 -0.06768053025007248
v -0.09311619400978088 -0.013222900219261646 -0.06843741238117218
v 0.04614583030343056 0.0206413883715868 0.03327828645706177
v 0.04676737263798714 0.020104866474866867 0.03334323316812515
v 0.043032821267843246 0.018328910693526268 0.033824507147073746
v 0.04327718913555145 0.018386907875537872 0.03161589801311493
v 0.04463805630803108 0.018924761563539505 0.030519524589180946
v -0.0767078548669815 0.002321138046681881 -0.05769352987408638
v -0.07562863826751709 0.001026331097818911 -0.05834232643246651
v -0.08419659733772278 0.014992251060903072 -0.058125413954257965
v -0.08624961972236633 0.0173101257532835 -0.059633590281009674
v -0.08506829291582108 0.020316079258918762 -0.05566070228815079
v -0.08365850895643234 0.018146470189094543 -0.05549272149801254
v -0.08955227583646774 0.009117739275097847 -0.07066626846790314
v 0.04407171532511711 0.019095346331596375 0.032666150480508804
v 0.0418209545314312 0.01785229705274105 0.03504819795489311
v 0.041347816586494446 0.017933281138539314 0.032620467245578766
v 0.04476902633905411 0.019647348672151566 0.029619719833135605
v 0.04549016058444977 0.02022729255259037 0.028818588703870773
v -0.08192528039216995 0.006649782415479422 -0.0552026703953743
v -0.08255872130393982 0.006771194748580456 -0.05627909675240517
v 0.04427869990468025 0.01973973959684372 0.03193124011158943
v -0.08132587373256683 0.007160549517720938 -0.05471751093864441
v 0.044765472412109375 0.020327521488070488 0.031100064516067505
v 0.044982876628637314 0.0207389947026968 0.03320673853158951
v -0.07894127070903778 0.005807449109852314 -0.05050642415881157
v -0.08055605739355087 0.004583013243973255 -0.05081833153963089
v -0.08462599664926529 0.01313258707523346 -0.05048791319131851
v -0.08884454518556595 0.016489004716277122 -0.05396191403269768
v -0.08800863474607468 0.015936674550175667 -0.05362871661782265
v -0.08413220196962357 0.013426941819489002 -0.05112176388502121
v 0.04565879702568054 0.021661939099431038 0.03047618828713894
v 0.04550087824463844 0.02234075218439102 0.030477017164230347
v 0.04562020301818848 0.02113426849246025 0.0324770025908947
v -0.07922898977994919 0.010218175128102303 -0.05169599875807762
v 0.045922648161649704 0.021815747022628784 0.03179071471095085
v 0.045247577130794525 0.021067969501018524 0.03058939427137375
v -0.015187734737992287 -0.033413030207157135 -0.11987069994211197
v -0.016982300207018852 -0.022978922352194786 -0.12733526527881622
v 0.04524486884474754 0.023162666708230972 0.030651820823550224
v 0.04554874822497368 0.02249712124466896 0.03228988125920296
v 0.04745951294898987 0.019559398293495178 0.03258064389228821
v 0.04728981852531433 0.020517051219940186 0.03256973624229431
v 0.04829379543662071 0.021303001791238785 0.03186308965086937
v 0.048138123005628586 0.01938171125948429 0.03185073658823967
v -0.08323290199041367 0.020913759246468544 -0.04770994558930397
v -0.08462631702423096 0.022682445123791695 -0.05185745656490326
v -0.08557381480932236 0.023561343550682068 -0.05235150828957558
v -0.08385295420885086 0.021794859319925308 -0.04889335110783577
v -0.09070027619600296 0.013257883489131927 -0.0637519508600235
v 0.04932575300335884 0.01918928697705269 0.03099188581109047
v 0.04887603223323822 0.017880946397781372 0.03115995228290558
v 0.04981977120041847 0.021618632599711418 0.031492944806814194
v 0.051611918956041336 0.02185175009071827 0.030908897519111633
v -0.09598145633935928 0.009311369620263577 -0.06904564052820206
v -0.07818200439214706 -0.0046572997234761715 -0.05376489832997322
v -0.07444478571414948 -0.00809441413730383 -0.05365381017327309
v 0.050772469490766525 0.018902737647294998 0.03021209128201008
v 0.04999497905373573 0.01728280447423458 0.030372031033039093
v 0.046735960990190506 0.021001137793064117 0.03261425346136093
v -0.06452548503875732 -0.00926151406019926 -0.05224108323454857
v -0.06490002572536469 -0.00803453754633665 -0.05244741216301918
v -0.06561977416276932 -0.00858566164970398 -0.053597159683704376
v -0.06509777158498764 -0.010228033177554607 -0.05354052037000656
v 0.04704127460718155 0.021604161709547043 0.032203882932662964
v 0.04911383241415024 0.023138394579291344 0.03278190270066261
v -0.06731448322534561 -0.01447590347379446 -0.0538751482963562
v -0.06994037330150604 -0.01579958200454712 -0.0529760904610157
v -0.06908085197210312 -0.017659582197666168 -0.05146307870745659
v -0.06637250632047653 -0.01690329797565937 -0.05333716422319412
v 0.05018903687596321 0.02357610873878002 0.03265407681465149
v 0.047847043722867966 0.022562365978956223 0.032788243144750595
v 0.04736095666885376 0.023811902850866318 0.03418648988008499
v 0.0484183095395565 0.02439476177096367 0.034438107162714005
v -0.06369265913963318 -0.012637628242373466 -0.052622776478528976
v -0.06412006914615631 -0.010949462652206421 -0.052283596247434616
v -0.06496750563383102 -0.011922580190002918 -0.05366786569356918
v -0.0648469552397728 -0.013949047774076462 -0.05395415797829628
v 0.04903025925159454 0.024953346699476242 0.03468715399503708
v 0.04714835062623024 0.025607559829950333 0.03610840067267418
v -0.08883454650640488 0.01739409565925598 -0.056712035089731216
v -0.09088318049907684 0.01750115305185318 -0.058221444487571716
v 0.047629036009311676 0.026026157662272453 0.03636401519179344
v 0.04644794017076492 0.025146301835775375 0.03567814454436302
v 0.046542081981897354 0.02244386449456215 0.03275291621685028
v -0.09695262461900711 0.008749645203351974 -0.06860475242137909
v -0.09722179919481277 0.006288884207606316 -0.06948989629745483
v -0.09500735998153687 0.013217580504715443 -0.06603824347257614
v -0.09546209126710892 0.011463233269751072 -0.06749559193849564
v 0.046175964176654816 0.02336944453418255 0.03360160440206528
v 0.04560994356870651 0.024564139544963837 0.03491606563329697
v 0.04459444805979729 0.025880984961986542 0.036175437271595
v -0.07761617749929428 -0.013875899836421013 -0.043361809104681015
v -0.07848431915044785 -0.01366568822413683 -0.045379508286714554
v -0.07795725017786026 -0.015367689542472363 -0.04541877657175064
v -0.09797601401805878 0.012282485142350197 -0.06853315979242325
v -0.09840555489063263 0.013841521926224232 -0.06964227557182312
v -0.07490800321102142 -0.0323997437953949 -0.04209055006504059
v -0.07396923750638962 -0.03394698724150658 -0.04132533073425293
v -0.04274041950702667 -0.10157265514135361 -0.036963094025850296
v -0.050211235880851746 -0.09601597487926483 -0.04551493376493454
v -0.049723606556653976 -0.1062440425157547 -0.046555083245038986
v -0.04196278378367424 -0.1112901121377945 -0.03808579593896866
v -0.08544644713401794 0.015750249847769737 -0.04712919145822525
v -0.08473226428031921 0.01839440129697323 -0.04615583270788193
v 0.042725011706352234 0.02737296000123024 0.03802316635847092
v 0.042438048869371414 0.026893505826592445 0.0370340496301651
v 0.03964405506849289 0.028402740135788918 0.039704181253910065
v -0.06410650908946991 -0.014044627547264099 -0.050903741270303726
v -0.06413739919662476 -0.015296013094484806 -0.053134314715862274
v -0.06660076975822449 -0.016985198482871056 -0.051673635840415955
v -0.0696599930524826 -0.009840468876063824 -0.04982119798660278
v -0.06536553800106049 -0.009147686883807182 -0.050377435982227325
v 0.03960256278514862 0.028000297024846077 0.03870086744427681
v 0.03664286807179451 0.03063283860683441 0.04323459416627884
v 0.041427187621593475 0.030536124482750893 0.042664770036935806
v 0.039570197463035583 0.02886585332453251 0.03540809080004692
v 0.03794379159808159 0.028085539117455482 0.03330205753445625
v 0.03549022227525711 0.02824537828564644 0.03449695557355881
v 0.0362275056540966 0.029541954398155212 0.03710508346557617
v -0.06740425527095795 -0.012801253236830235 -0.05370273068547249
v 0.024468671530485153 0.023533472791314125 0.03656979277729988
v 0.024979140609502792 0.02488662675023079 0.03705820441246033
v -0.06912368535995483 -0.007773627061396837 -0.05310935527086258
v -0.06995415687561035 -0.006744926329702139 -0.05145205557346344
v -0.07169130444526672 -0.020858678966760635 -0.048377614468336105
v -0.07325965166091919 -0.02127448283135891 -0.05103064328432083
v -0.07478046417236328 -0.021272409707307816 -0.047499556094408035
v -0.06448893249034882 -0.01570550911128521 -0.053862109780311584
v -0.0763760432600975 0.00351730571128428 -0.05526480823755264
v 0.0250322874635458 0.025527821853756905 0.03537890315055847
v 0.02432060055434704 0.02415868081152439 0.0349179282784462
v 0.02324048988521099 0.02304087020456791 0.03786935657262802
v 0.02443775348365307 0.02456045337021351 0.03843393176794052
v -0.0705610066652298 -0.011857576668262482 -0.053704895079135895
v -0.07383114099502563 -0.01483500748872757 -0.05579238384962082
v -0.07333671301603317 -0.017062630504369736 -0.05489829182624817
v -0.07026446610689163 -0.013828271999955177 -0.05364968255162239
v -0.08335816115140915 -0.025233473628759384 -0.05660513788461685
v -0.08368941396474838 -0.023297175765037537 -0.05654348433017731
v -0.07785142213106155 -0.01972789503633976 -0.056962788105010986
v -0.0808134377002716 -0.019600335508584976 -0.05498567223548889
v -0.07769917696714401 -0.0014935021754354239 -0.054113470017910004
v -0.07921011000871658 0.0019125083927065134 -0.05243154987692833
v -0.07449066638946533 -0.0055429525673389435 -0.05084063857793808
v -0.0715223029255867 -0.009594500996172428 -0.053345002233982086
v -0.07378451526165009 -0.011988704092800617 -0.055503420531749725
v -0.06998828798532486 -0.00834263488650322 -0.05004220828413963
v -0.07392542064189911 -0.008381064981222153 -0.04965042322874069
v -0.07379207760095596 -0.007377347908914089 -0.0499318428337574
v -0.06997117400169373 -0.007389639038592577 -0.05033333972096443
v -0.08459758758544922 0.007872238755226135 -0.05666905641555786
v -0.08283494412899017 0.0159924179315567 -0.04544094204902649
v -0.08389019221067429 0.012913532555103302 -0.046814631670713425
v -0.08404547721147537 0.028394103050231934 -0.0720793753862381
v -0.08167681843042374 0.019373353570699692 -0.07701766490936279
v -0.08334888517856598 0.020089004188776016 -0.06458696722984314
v -0.06735222041606903 -0.010966029949486256 -0.053499773144721985
v -0.0659061148762703 -0.006993947550654411 -0.05204244703054428
v -0.06633145362138748 -0.007314995862543583 -0.050459492951631546
v -0.08992186188697815 -0.02178698033094406 -0.06411121785640717
v -0.07586290687322617 -0.02157565951347351 -0.047156136482954025
v -0.0775061547756195 0.003864394500851631 -0.05168467015028
v -0.08960732072591782 -0.013600191101431847 -0.07093197852373123
v -0.08790814876556396 -0.0188588909804821 -0.06905730813741684
v -0.07676969468593597 0.005123705603182316 -0.0520988292992115
v -0.07776279747486115 0.0063067348673939705 -0.05080536752939224
v -0.07409503310918808 -0.021250765770673752 -0.05189848318696022
v -0.07545020431280136 -0.020449157804250717 -0.048715025186538696
v -0.07800772786140442 0.006802774500101805 -0.050614286214113235
v -0.07777495682239532 -0.014304646290838718 -0.04690137133002281
v -0.08963386714458466 0.007613609544932842 -0.06230638548731804
v 0.028540868312120438 0.028410226106643677 0.038506630808115005
v 0.02911795675754547 0.02782345563173294 0.03580551967024803
v -0.07955661416053772 -0.03375787287950516 -0.0579642727971077
v -0.0777636244893074 -0.035144463181495667 -0.054816070944070816
v 0.026276707649230957 0.027092909440398216 0.03575443476438522
v -0.06583401560783386 -0.008121450431644917 -0.050516169518232346
v 0.026113037019968033 0.026804085820913315 0.03798311576247215
v -0.06913798302412033 -0.01767057366669178 -0.05068114772439003
v -0.06869872659444809 -0.009158299304544926 -0.053695034235715866
v 0.02905106171965599 0.027387799695134163 0.03995395824313164
v 0.026302343234419823 0.026016896590590477 0.03925909101963043
v 0.035864461213350296 0.028593936935067177 0.040086615830659866
v -0.07613397389650345 -0.010435783304274082 -0.04839417338371277
v -0.07555422186851501 -0.012638483196496964 -0.04813579097390175
v -0.07845979183912277 -0.012037553824484348 -0.04703901708126068
v 0.021944353356957436 0.07482961565256119 -0.14714112877845764
v 0.021361298859119415 0.05863957852125168 -0.15020151436328888
v -0.08244812488555908 -0.019188586622476578 -0.05673956498503685
v -0.07879140228033066 -0.018508343026041985 -0.059299781918525696
v -0.08006799966096878 -0.017402684316039085 -0.06134042143821716
v -0.08418383449316025 -0.01826171576976776 -0.058457475155591965
v -0.08608520776033401 -0.023870259523391724 -0.06696795672178268
v -0.08388681709766388 -0.028400935232639313 -0.06396237760782242
v -0.08622129261493683 -0.03056156076490879 -0.06400513648986816
v -0.08864199370145798 -0.025884997099637985 -0.06762440502643585
v 0.04155286028981209 0.06073273718357086 -0.14150947332382202
v 0.0416596420109272 0.07492338865995407 -0.13898442685604095
v -0.08475865423679352 0.044843897223472595 -0.08006339520215988
v -0.08507474511861801 0.03460055962204933 -0.06479554623365402
v -0.08587208390235901 0.05185047909617424 -0.06823664158582687
v -0.08864482492208481 0.01809743419289589 -0.06523691862821579
v -0.08885151147842407 0.015442762523889542 -0.06707567721605301
v -0.09376251697540283 0.01626800000667572 -0.07034404575824738
v -0.08329017460346222 0.024264562875032425 -0.049044255167245865
v -0.08393680304288864 0.021335870027542114 -0.053305286914110184
v -0.08319130539894104 0.022575927898287773 -0.05109782889485359
v -0.09405982494354248 -0.00837597344070673 -0.07400310039520264
v 0.042487405240535736 0.02779407799243927 0.03370603546500206
v 0.040981657803058624 0.027438635006546974 0.03179755434393883
v 0.05244391784071922 0.07630278915166855 -0.13134798407554626
v 0.05156434327363968 0.08545131981372833 -0.12839482724666595
v 0.042124681174755096 0.08709711581468582 -0.1338346004486084
v 0.032721199095249176 -0.06162456050515175 -0.09706133604049683
v 0.02258927747607231 -0.07249978184700012 -0.10407553613185883
v -0.07944592088460922 0.004348826594650745 -0.04553802311420441
v -0.08147425949573517 0.004966054577380419 -0.048422232270240784
v 0.02250029519200325 0.022717246785759926 0.03912106156349182
v -0.0817912369966507 -0.019992725923657417 -0.0633065328001976
v 0.024019720032811165 0.02412515878677368 0.03961249813437462
v -0.08411727100610733 -0.019887233152985573 -0.056621432304382324
v -0.08627839386463165 -0.019259871914982796 -0.05871251970529556
v -0.09495522826910019 0.01881333999335766 -0.05809188634157181
v -0.09082470089197159 0.017249928787350655 -0.05578448995947838
v 0.021422171965241432 0.02170097827911377 0.0387391559779644
v 0.020114926621317863 0.021200139075517654 0.03915754333138466
v 0.021056652069091797 0.022472992539405823 0.03950208052992821
v 0.022729041054844856 0.024210916832089424 0.040081556886434555
v 0.02597925066947937 0.025860706344246864 0.040243249386548996
v 0.025007909163832664 0.026172984391450882 0.0407668799161911
v 0.028375890105962753 0.028078405186533928 0.04146406427025795
v 0.028665738180279732 0.027486374601721764 0.04079190641641617
v 0.03601151332259178 0.028748152777552605 0.04110657423734665
v 0.03598242998123169 0.02902929112315178 0.041441187262535095
v 0.027599144726991653 0.028200071305036545 0.04159890115261078
v 0.02415964938700199 0.026348495855927467 0.04081445187330246
v 0.027096327394247055 0.028278514742851257 0.04130520671606064
v 0.024258367717266083 0.026881946250796318 0.04064265266060829
v 0.03535117208957672 0.02957122027873993 0.04144992679357529
v 0.03595556691288948 0.029350798577070236 0.0415378138422966
v 0.023659037426114082 0.01886366866528988 0.040132660418748856
v 0.02088828943669796 0.019288701936602592 0.0395786426961422
v 0.02399970218539238 0.01957155019044876 0.039335113018751144
v 0.022085485979914665 0.020024748519062996 0.038895949721336365
v 0.025126131251454353 0.019902018830180168 0.038428448140621185
v 0.02121233195066452 0.02029178850352764 0.038812510669231415
v 0.020000062882900238 0.019732492044568062 0.03931933268904686
v -0.009450807236135006 -0.11295206844806671 -0.020712491124868393
v -0.009353958070278168 -0.11905506998300552 -0.02320900559425354
v 0.025762977078557014 0.020195724442601204 0.03673144802451134
v 0.01997300051152706 0.02233714796602726 0.039219241589307785
v 0.019034607335925102 0.02079913765192032 0.039074867963790894
v 0.01895952597260475 0.022461436688899994 0.039113812148571014
v 0.01784377358853817 0.020585771650075912 0.0389481820166111
v 0.0213951263576746 0.025002406910061836 0.03980506584048271
v 0.021613165736198425 0.024251321330666542 0.03993859514594078
v 0.019028231501579285 0.01918579824268818 0.03933671489357948
v 0.020031072199344635 0.018619367852807045 0.03962341696023941
v 0.018025889992713928 0.018783295527100563 0.039177991449832916
v 0.019154120236635208 0.017996765673160553 0.03944792598485947
v 0.02648776024580002 0.01623029261827469 0.0409262590110302
v 0.0264041256159544 0.015220656991004944 0.040827084332704544
v 0.022707050666213036 0.017334720119833946 0.040347062051296234
v 0.022078972309827805 0.016546715050935745 0.0402563139796257
v 0.034753475338220596 0.012248639017343521 0.040095359086990356
v 0.03838794305920601 0.012436524964869022 0.039029836654663086
v 0.03421812132000923 0.01080795843154192 0.04001492261886597
v -0.008625409565865993 -0.01187849696725607 0.05293805152177811
v -0.009883886203169823 -0.012008760124444962 0.05158466473221779
v -0.009196209721267223 -0.01021250057965517 0.05070773884654045
v -0.008519631810486317 -0.010206521488726139 0.05136273428797722
v 0.03798056021332741 0.010649291798472404 0.03901521489024162
v 0.02943526580929756 0.011456281878054142 0.04066597297787666
v 0.030048731714487076 0.012821425683796406 0.040750183165073395
v 0.02929709479212761 -0.11612963676452637 -0.03265376016497612
v 0.04922935366630554 0.014150803908705711 0.03145268186926842
v 0.051033515483140945 0.011927827261388302 0.030984174460172653
v 0.049105096608400345 0.011450999416410923 0.032604850828647614
v 0.04770456627011299 0.013754813000559807 0.03283296152949333
v 0.046038996428251266 0.013484560884535313 0.03426605463027954
v -0.00874336902052164 -0.01992834359407425 0.05164029821753502
v -0.008516894653439522 -0.018505839630961418 0.05055585876107216
v -0.009199815802276134 -0.018564656376838684 0.05006713047623634
v -0.009862953796982765 -0.02022145688533783 0.05079898610711098
v 0.046929169446229935 0.011372932232916355 0.03421837091445923
v 0.044415608048439026 0.011196538805961609 0.03591344505548477
v 0.044023483991622925 0.01335426140576601 0.03583750128746033
v 0.0416095033288002 0.012835387140512466 0.03742251172661781
v 0.041469067335128784 0.01086673978716135 0.03757145255804062
v 0.05280819162726402 0.018283318728208542 0.028901666402816772
v 0.05435461550951004 0.021727293729782104 0.028834566473960876
v 0.05545545369386673 0.01747111976146698 0.027000000700354576
v 0.05678335204720497 0.02132580243051052 0.02645476907491684
v 0.01744374819099903 0.02249758690595627 0.039363037794828415
v -0.005693832412362099 -0.010531585663557053 0.051000840961933136
v -0.004387767985463142 -0.013341615907847881 0.05312362313270569
v -0.005672006867825985 -0.01196340937167406 0.05478999763727188
v -0.007024046033620834 -0.00964591559022665 0.05169197544455528
v 0.01661960408091545 0.02074095420539379 0.03904422000050545
v 0.015225335024297237 0.023094743490219116 0.040396153926849365
v 0.014766096137464046 0.020793629810214043 0.03970332071185112
v 0.01653352938592434 0.02641916461288929 0.041985884308815
v 0.019215280190110207 0.025571448728442192 0.04057639464735985
v 0.017106354236602783 0.018429484218358994 0.039004456251859665
v 0.018258262425661087 0.01732049509882927 0.03928886726498604
v 0.015745874494314194 0.017961440607905388 0.03930630907416344
v 0.017237793654203415 0.0164742860943079 0.039444975554943085
v 0.025552576407790184 0.014062161557376385 0.04073118045926094
v 0.02487010881304741 0.012739626690745354 0.040652383118867874
v 0.021322665736079216 0.015592827461659908 0.04007989168167114
v 0.02046564407646656 0.014452910982072353 0.04012797400355339
v 0.04902714863419533 -0.010337302461266518 -0.11581918597221375
v 0.054462775588035583 0.0324486568570137 -0.1301308423280716
v 0.04946914687752724 0.03554960712790489 0.04005244001746178
v 0.047264669090509415 0.03223586082458496 0.041147924959659576
v 0.043042030185461044 0.032971225678920746 0.043520405888557434
v 0.044767215847969055 0.036806389689445496 0.043486494570970535
v 0.0514359325170517 0.040600065141916275 0.03694557771086693
v 0.054523661732673645 0.03669263422489166 0.03348422795534134
v 0.052856262773275375 0.03313561901450157 0.03640349954366684
v 0.05045853182673454 0.030692383646965027 0.03831849247217178
v 0.05502704903483391 0.024842161685228348 0.029871029779314995
v 0.053176965564489365 0.02454504184424877 0.03165334090590477
v 0.05315787345170975 0.026622651144862175 0.03345569223165512
v 0.05484820157289505 0.02722153626382351 0.031652096658945084
v 0.057050302624702454 0.024831950664520264 0.02746189571917057
v 0.057020191103219986 0.028116028755903244 0.029242143034934998
v 0.05411570146679878 0.029623905196785927 0.0339193195104599
v 0.05224946513772011 0.02859950065612793 0.035721614956855774
v 0.05606597289443016 0.03188784420490265 0.03162239491939545
v 0.026255225762724876 0.032347653061151505 0.044992975890636444
v 0.026662198826670647 0.030325155705213547 0.04313582181930542
v 0.023060249164700508 0.028140032663941383 0.041490551084280014
v 0.021347463130950928 0.029177915304899216 0.04279609024524689
v 0.02341536059975624 0.03337530046701431 0.04604097455739975
v 0.01874440722167492 0.02981255203485489 0.04404621198773384
v 0.038698919117450714 0.03741491213440895 0.04609334468841553
v 0.03763602674007416 0.033076006919145584 0.04494781419634819
v 0.02724800817668438 0.02848247066140175 0.0412745401263237
v 0.024853475391864777 0.02726682648062706 0.04083762690424919
v 0.026897525414824486 0.02860444411635399 0.04154464229941368
v 0.02437681518495083 0.027333905920386314 0.04084570333361626
v 0.060559116303920746 0.0973992794752121 -0.11016480624675751
v 0.06330595910549164 0.10377004742622375 -0.09754448384046555
v 0.04585946723818779 0.11463502794504166 -0.10383555293083191
v 0.04470648616552353 0.10658667981624603 -0.11635453999042511
v 0.04293106868863106 0.028438027948141098 0.03970201313495636
v 0.04374673217535019 0.02865048684179783 0.040493205189704895
v 0.04669984057545662 0.027696728706359863 0.0388665571808815
v 0.04566875472664833 0.027460111305117607 0.0383913479745388
v 0.04787967726588249 0.026427483186125755 0.03686179593205452
v 0.04898755997419357 0.026662031188607216 0.03691251948475838
v 0.050649844110012054 0.025603044778108597 0.03483204543590546
v 0.04946039617061615 0.02539646625518799 0.035080257803201675
v 0.05034632608294487 0.02463897131383419 0.03371661156415939
v 0.05132290720939636 0.024264326319098473 0.03298832103610039
v 0.02463652193546295 0.02808615379035473 0.041467711329460144
v 0.027373161166906357 0.029199402779340744 0.042067453265190125
v 0.053758855909109116 0.06381107866764069 -0.13257715106010437
v 0.04725801944732666 0.08305434882640839 0.028371218591928482
v 0.05457795783877373 0.0787048414349556 0.021223563700914383
v 0.0519259087741375 0.07239396125078201 0.027291785925626755
v 0.045262232422828674 0.029804306104779243 0.041210539638996124
v 0.048361971974372864 0.028790807351469994 0.03896360844373703
v 0.05052856355905533 0.027500443160533905 0.0366838313639164
v 0.05180928856134415 0.02627132460474968 0.03472539037466049
v 0.05216735601425171 0.025137102231383324 0.033332884311676025
v 0.07475075125694275 -0.015405168756842613 -0.038271836936473846
v 0.07580001652240753 -0.015546265989542007 -0.039954472333192825
v 0.08427706360816956 -0.00461930176243186 -0.06449725478887558
v 0.08186333626508713 0.0026253052055835724 -0.06424057483673096
v 0.0809086337685585 0.006212541833519936 -0.0635375902056694
v 0.08391541987657547 0.014039603993296623 -0.05009162053465843
v 0.08849985897541046 0.016850080341100693 -0.0528048500418663
v 0.0881369560956955 -0.026360299438238144 -0.06038862094283104
v 0.08448772877454758 -0.027796898037195206 -0.05646396055817604
v -0.09450455009937286 0.022349433973431587 -0.05900796502828598
v 0.08824031054973602 -0.024995876476168633 -0.06082122027873993
v 0.09564579278230667 0.012702309526503086 -0.06357645243406296
v 0.09625715762376785 0.010818378068506718 -0.06491998583078384
v 0.09739305824041367 0.010656732134521008 -0.06480608135461807
v 0.040540359914302826 -0.032145556062459946 -0.1046498566865921
v 0.04583920165896416 -0.019416023045778275 -0.11121346056461334
v 0.09690907597541809 0.008545275777578354 -0.06644885987043381
v 0.07857424020767212 -0.010608753189444542 -0.04224429652094841
v 0.08613865077495575 -0.005691085942089558 -0.06474150717258453
v 0.08859022706747055 -0.006883237510919571 -0.0666583701968193
v 0.08893826603889465 -0.01276208832859993 -0.06755238771438599
v 0.08807001262903214 -0.011624561622738838 -0.0660099908709526
v 0.08759935200214386 -0.017694802954792976 -0.06575454771518707
v 0.0868104100227356 -0.016150381416082382 -0.06468447297811508
v 0.09037672728300095 -0.02210019901394844 -0.06323695927858353
v 0.09287775307893753 -0.018479662016034126 -0.06496420502662659
v 0.0898289829492569 0.01724902167916298 -0.053746532648801804
v 0.08878874778747559 0.016345852985978127 -0.05212555453181267
v 0.09056125581264496 0.016911698505282402 -0.05390261858701706
v 0.07931164652109146 -0.01201841700822115 -0.04372324422001839
v 0.08176269382238388 0.012695223093032837 -0.05012407526373863
v 0.08134499937295914 0.010297391563653946 -0.048827774822711945
v 0.08095525205135345 0.010608457960188389 -0.049389466643333435
v 0.07534179836511612 -0.00692626740783453 -0.048309046775102615
v 0.07547688484191895 -0.005900610703974962 -0.04841748997569084
v 0.07656518369913101 -0.008387874811887741 -0.04763144254684448
v 0.07926802337169647 -0.009987454861402512 -0.04631911218166351
v 0.07208360731601715 -0.018245920538902283 -0.04646873474121094
v 0.07112450897693634 -0.019913721829652786 -0.049074605107307434
v 0.07171016186475754 -0.02093222178518772 -0.04823597893118858
v 0.09199696779251099 0.02421751618385315 -0.05810151994228363
v 0.08133748173713684 0.009336773306131363 -0.048549797385931015
v 0.08299335837364197 0.010381195694208145 -0.04849601909518242
v 0.08341972529888153 0.011588583700358868 -0.048732396215200424
v 0.09149014949798584 0.016696831211447716 -0.054093435406684875
v 0.0836377963423729 0.012421873398125172 -0.04905533790588379
v 0.08284864574670792 0.01240567397326231 -0.04907822981476784
v 0.08468382805585861 0.013827268965542316 -0.04986531287431717
v 0.08218977600336075 0.012329074554145336 -0.04941646382212639
v 0.07998993992805481 -0.014493294060230255 -0.06046363711357117
v 0.07799763977527618 -0.014669837430119514 -0.05870922654867172
v 0.07733523845672607 0.006960784085094929 -0.0389365628361702
v 0.0781351774930954 0.004258817061781883 -0.04150376096367836
v 0.08303007483482361 -0.028468262404203415 -0.05423916503787041
v 0.08145558089017868 0.013967586681246758 -0.05990677699446678
v 0.0818888321518898 0.01649359054863453 -0.06166164204478264
v 0.0944068431854248 -0.013738301582634449 -0.06690900772809982
v 0.08595247566699982 -0.018892623484134674 -0.05722402408719063
v 0.08348621428012848 -0.019498001784086227 -0.05518687143921852
v 0.088042713701725 -0.01776975579559803 -0.05895048379898071
v 0.089865542948246 -0.015119858086109161 -0.06044701114296913
v 0.07591454684734344 0.0024759992957115173 -0.054523859173059464
v 0.08963904529809952 0.0057625360786914825 -0.05875160172581673
v 0.09037341922521591 0.0033566057682037354 -0.06021107733249664
v 0.0876571461558342 0.005992680322378874 -0.057311370968818665
v 0.08378281444311142 0.02038431540131569 -0.06017333269119263
v 0.08336088806390762 0.02026156522333622 -0.05740426480770111
v 0.08392477035522461 0.014232078567147255 -0.05716656520962715
v 0.08239515870809555 0.018458038568496704 -0.056436724960803986
v 0.0743357390165329 -0.01454106904566288 -0.04683995246887207
v 0.07380586862564087 -0.021364253014326096 -0.050781507045030594
v 0.07274330407381058 -0.019198879599571228 -0.05141453444957733
v 0.07479099929332733 -0.021215330809354782 -0.05176485702395439
v 0.07424712181091309 -0.02031859941780567 -0.05307430401444435
v 0.0748947337269783 -0.018599318340420723 -0.05484367534518242
v 0.07593833655118942 -0.016516786068677902 -0.056116942316293716
v 0.07624509930610657 -0.013913287781178951 -0.05667731165885925
v 0.07416819781064987 -0.010072162374854088 -0.04778721556067467
v 0.08324265480041504 0.019187308847904205 -0.04630393162369728
v 0.07349421083927155 -0.012123082764446735 -0.0475647859275341
v 0.07564276456832886 -0.008367463015019894 -0.04795490950345993
v 0.07578308880329132 -0.010218802839517593 -0.047425489872694016
v 0.07538340985774994 -0.012338238768279552 -0.04695754870772362
v 0.0792962908744812 -0.02250734157860279 -0.04861912131309509
v 0.08046657592058182 -0.02073858678340912 -0.05113193765282631
v 0.07753987610340118 -0.021639032289385796 -0.04788912832736969
v 0.08181601762771606 -0.02002383954823017 -0.053232591599226
v 0.07636051625013351 -0.02112947404384613 -0.047293487936258316
v 0.08139645308256149 0.01546839252114296 -0.05824896693229675
v 0.0820794552564621 0.018623510375618935 -0.05872149020433426
v 0.07478992640972137 -0.01159624569118023 -0.03604251891374588
v 0.06913667172193527 -0.0029218539129942656 0.013458146713674068
v 0.07036162912845612 0.007869452238082886 0.008638722822070122
v 0.024616917595267296 -0.06638599187135696 0.01357006374746561
v 0.023283125832676888 -0.07008153945207596 0.012470082379877567
v 0.06138143315911293 -0.018529970198869705 0.026002347469329834
v 0.056128837168216705 -0.022150399163365364 0.030894670635461807
v 0.024732690304517746 -0.060970552265644073 0.02888021431863308
v 0.023840313777327538 -0.06341005861759186 0.028377549722790718
v 0.02303680032491684 -0.06305970251560211 0.028635837137699127
v 0.02401777170598507 -0.06150968000292778 0.028852948918938637
v 0.021561214700341225 -0.06388287246227264 0.023870334029197693
v 0.022320382297039032 -0.06215367466211319 0.02423483319580555
v 0.022399766370654106 -0.062155503779649734 0.02579972706735134
v 0.02167368307709694 -0.06363214552402496 0.02599986083805561
v 0.030008407309651375 -0.03775302320718765 0.038583096116781235
v 0.03440175950527191 -0.03362102434039116 0.03945310413837433
v 0.036338236182928085 -0.039669398218393326 0.03626949340105057
v 0.03249393403530121 -0.04344026744365692 0.035613514482975006
v 0.024540932849049568 -0.061015062034130096 0.017857225611805916
v 0.024117661640048027 -0.05853503197431564 0.019253510981798172
v 0.02265865169465542 -0.05890211835503578 0.022886909544467926
v 0.02352563850581646 -0.060708895325660706 0.021584143862128258
v 0.024206243455410004 -0.06508441269397736 0.016548529267311096
v 0.023442937061190605 -0.06315559893846512 0.020615745335817337
v 0.02547365054488182 -0.06133444607257843 0.015292352065443993
v 0.024944830685853958 -0.05816622078418732 0.017074700444936752
v 0.033621594309806824 -0.0677524283528328 0.02329663373529911
v 0.030000492930412292 -0.06565892696380615 0.025241287425160408
v 0.030896294862031937 -0.06067828834056854 0.027277929708361626
v 0.034295208752155304 -0.061348509043455124 0.026031965389847755
v 0.026840299367904663 -0.0233981404453516 0.042986929416656494
v 0.03095049224793911 -0.028315437957644463 0.04166869446635246
v 0.02752407267689705 -0.032258421182632446 0.04067525640130043
v 0.024009812623262405 -0.027096914127469063 0.04210278019309044
v 0.02025759033858776 -0.021898450329899788 0.04361296072602272
v 0.02292325347661972 -0.018649492412805557 0.043840937316417694
v 0.017930898815393448 -0.013713184744119644 0.04779313877224922
v 0.018494494259357452 -0.016979511827230453 0.04854012280702591
v 0.018052853643894196 -0.01764107123017311 0.05173918232321739
v 0.018119102343916893 -0.015323054976761341 0.05062044784426689
v 0.016059713438153267 -0.02134384773671627 0.04986916482448578
v 0.01846592128276825 -0.019238697364926338 0.047615379095077515
v 0.012481572106480598 -0.022945476695895195 0.049381546676158905
v -0.012025906704366207 -0.020416414365172386 0.05144697427749634
v -0.010838688351213932 -0.019098475575447083 0.05017528310418129
v -0.012121977284550667 -0.01825050823390484 0.051861222833395004
v -0.013328450731933117 -0.019355379045009613 0.05347525700926781
v 0.011899721808731556 -0.022240888327360153 0.05033470317721367
v 0.016206994652748108 -0.02212207205593586 0.04784698411822319
v -0.0048296027816832066 -0.019426947459578514 0.05909178778529167
v -0.005996533669531345 -0.017662527039647102 0.05933311954140663
v -0.005005711689591408 -0.018330344930291176 0.05680437013506889
v -0.004665436688810587 -0.020042577758431435 0.05663858726620674
v 0.01677554100751877 -0.023309972137212753 0.04596961289644241
v 0.013037829659879208 -0.02376416325569153 0.04815680533647537
v 0.010892880149185658 -0.021278418600559235 0.05108651518821716
v 0.013510635122656822 -0.02100931480526924 0.051804348826408386
v -0.0074601066298782825 -0.01691701076924801 0.05891381576657295
v -0.009097396396100521 -0.017544766888022423 0.060477882623672485
v -0.010797334834933281 -0.01768871769309044 0.058925874531269073
v -0.008968397974967957 -0.016769982874393463 0.057531096041202545
v -0.005012134555727243 -0.01604441925883293 0.05218275263905525
v -0.005740187596529722 -0.017824850976467133 0.05347484350204468
v -0.004445710685104132 -0.016296204179525375 0.055308252573013306
v -0.011874755844473839 -0.016514843329787254 0.04999665543437004
v -0.010040320456027985 -0.017511282116174698 0.04887070134282112
v -0.009866079315543175 -0.01409425213932991 0.04785507544875145
v -0.011296194978058338 -0.013203360140323639 0.04918890446424484
v 0.015134877525269985 -0.019383510574698448 0.05372149869799614
v 0.004433915484696627 -0.020665986463427544 0.0588805265724659
v 0.006102795712649822 -0.01928788423538208 0.06085832417011261
v 0.009304653853178024 0.01064980123192072 0.04917396605014801
v 0.012430333532392979 0.007279209792613983 0.04684319719672203
v 0.009329479187726974 0.007642111275345087 0.051118914037942886
v 0.012313286773860455 0.004921796731650829 0.04861398786306381
v 0.013909091241657734 -0.017520427703857422 0.05712875351309776
v 0.01605318859219551 -0.01556798629462719 0.0558730848133564
v 0.011770498007535934 -0.016401827335357666 0.060125984251499176
v 0.013014039024710655 -0.013757918030023575 0.06010371446609497
v 0.00413008825853467 0.02613615058362484 0.05133254826068878
v 0.0021958784200251102 -0.023395568132400513 0.054407477378845215
v 0.002424147678539157 -0.024263152852654457 0.053596384823322296
v 0.0017455515917390585 -0.02274845540523529 0.05639394000172615
v 0.02288476563990116 0.09882477670907974 -0.13474927842617035
v 0.023444198071956635 0.11171147972345352 -0.12336137890815735
v 0.02305804379284382 0.12668099999427795 -0.09958136081695557
v 0.02070775255560875 0.1319967359304428 -0.08680999279022217
v 0.005719603504985571 -0.04169051721692085 0.05444840341806412
v 0.005778973922133446 -0.038605839014053345 0.05469411984086037
v 0.012445705942809582 -0.044263239949941635 0.035687826573848724
v 0.006558662746101618 -0.04296834021806717 0.03783963993191719
v 0.00604165717959404 -0.04627394303679466 0.0406598225235939
v 0.011323465965688229 -0.04747481271624565 0.038326509296894073
v 0.015621284022927284 -0.04944302886724472 0.03496604040265083
v 0.016488617286086082 -0.046618469059467316 0.032351333647966385
v 0.013665590435266495 -0.04153984412550926 0.034494224935770035
v 0.007824425585567951 -0.04013797640800476 0.03689456358551979
v 0.011336158961057663 -0.049589671194553375 0.0414852499961853
v 0.006092659663408995 -0.048581041395664215 0.04429752752184868
v 0.0060981884598731995 -0.04704621061682701 0.048248857259750366
v 0.01152690127491951 -0.0484614223241806 0.04485640302300453
v 0.019472526386380196 -0.027524614706635475 0.044221583753824234
v 0.015032685361802578 -0.02655019238591194 0.046726517379283905
v 0.010703805834054947 -0.026456747204065323 0.04952435567975044
v 0.007017336320132017 -0.026558732613921165 0.0516546256840229
v 0.00625107204541564 -0.024835893884301186 0.05199919641017914
v 0.009468162432312965 -0.02434477023780346 0.05029471218585968
v 0.005697187967598438 -0.023945897817611694 0.0524587444961071
v 0.008904245682060719 -0.023573249578475952 0.050969719886779785
v 0.00834798626601696 -0.022798962891101837 0.051530495285987854
v 0.008868807926774025 -0.021185405552387238 0.051919497549533844
v 0.006828166078776121 -0.02125822938978672 0.0529799684882164
v 0.007338627241551876 -0.01985524594783783 0.052640680223703384
v 0.005278828553855419 -0.022973759099841118 0.05293325334787369
v 0.0044967299327254295 0.0015040647704154253 0.060614049434661865
v 0.004068154841661453 0.005090736784040928 0.05868047475814819
v 0.010998369194567204 -0.03752735257148743 0.05259481444954872
v 0.005728296469897032 -0.03606211766600609 0.0540316142141819
v 0.004466856364160776 -0.03120102360844612 0.05294632539153099
v 0.009138442575931549 -0.03180893138051033 0.051811449229717255
v 0.014259682036936283 -0.03332522511482239 0.04930855333805084
v 0.016260255128145218 -0.040473368018865585 0.049361176788806915
v 0.002816384192556143 -0.025120913982391357 0.053042009472846985
v 0.011292506940662861 -0.04052343964576721 0.052641112357378006
v 0.01131175085902214 -0.04365672171115875 0.05134975537657738
v 0.016502758488059044 -0.04366910830140114 0.0487363375723362
v 0.016353007405996323 -0.04652947559952736 0.04701214283704758
v 0.020618394017219543 -0.04438250511884689 0.04449383169412613
v 0.019659990444779396 -0.036127448081970215 0.04576984792947769
v 0.02485237643122673 -0.03954389691352844 0.040805988013744354
v 0.02362869493663311 -0.04882963001728058 0.03909597545862198
v 0.030348515138030052 -0.056270189583301544 0.02992336079478264
v 0.026038508862257004 -0.060751572251319885 0.02851099707186222
v 0.026124991476535797 -0.0585700199007988 0.02992868982255459
v 0.025853412225842476 -0.05606202781200409 0.03192518651485443
v 0.029781924560666084 -0.05163072049617767 0.032772406935691833
v 0.03364661708474159 -0.055119335651397705 0.029495922848582268
v 0.03331993520259857 -0.0491325780749321 0.03255307674407959
v 0.028286362066864967 -0.04574139043688774 0.03622736781835556
v 0.025157736614346504 -0.0526643805205822 0.034961145371198654
v 0.02493928372859955 -0.05862652510404587 0.03028525970876217
v 0.024135326966643333 -0.05975785106420517 0.029669230803847313
v 0.02475147694349289 -0.0567145012319088 0.03199927136301994
v 0.0239057969301939 -0.05783221498131752 0.031274452805519104
v 0.024180930107831955 -0.05460602417588234 0.03430688753724098
v 0.023386215791106224 -0.05587640404701233 0.033319469541311264
v 0.02231045998632908 -0.053468745201826096 0.036295048892498016
v 0.0230772215873003 -0.05158105865120888 0.03785606846213341
v 0.021602045744657516 -0.057462312281131744 0.028155533596873283
v 0.020586000755429268 -0.05561258643865585 0.030563710257411003
v 0.020878741517663002 -0.055347323417663574 0.032847944647073746
v 0.021931655704975128 -0.057222045958042145 0.030468646436929703
v 0.022101376205682755 -0.05926629155874252 0.02620059996843338
v 0.022387078031897545 -0.059006404131650925 0.028547421097755432
v 0.02165723592042923 -0.056746844202280045 0.025149382650852203
v 0.020069601014256477 -0.05443194881081581 0.028271833434700966
v -0.047682225704193115 -0.08638481795787811 -0.03420979529619217
v -0.05226407200098038 -0.08247750252485275 -0.044716984033584595
v 0.02286299504339695 -0.06093982607126236 0.024151034653186798
v 0.022836564108729362 -0.06074118986725807 0.026084426790475845
v 0.023002594709396362 -0.06111781299114227 0.02854219079017639
v 0.023022690787911415 -0.0586898997426033 0.030120519921183586
v 0.022556379437446594 -0.05674111098051071 0.03204892575740814
v 0.021499846130609512 -0.054704274982213974 0.03449704498052597
v 0.015845956280827522 -0.04868685081601143 0.04436076059937477
v 0.019696298986673355 -0.04978691786527634 0.04180839657783508
v 0.01911255344748497 -0.051582664251327515 0.039312295615673065
v 0.015436974354088306 -0.0505237840116024 0.04101495072245598
v 0.018503930419683456 -0.05283435061573982 0.03674938529729843
v 0.017470426857471466 -0.044124726206064224 0.031485844403505325
v 0.015091284178197384 -0.05124693363904953 0.03817072510719299
v 0.019412582740187645 -0.049601223319768906 0.028720835223793983
v 0.020538926124572754 -0.04753633961081505 0.027010813355445862
v 0.01827181503176689 -0.051936499774456024 0.03136690333485603
v 0.02325023151934147 -0.055842820554971695 0.02127380296587944
v 0.02133740298449993 -0.05283606797456741 0.025264160707592964
v 0.02443605847656727 -0.055362917482852936 0.019333619624376297
v 0.022467052564024925 -0.05131078511476517 0.023666230961680412
v 0.01821376383304596 -0.053521666675806046 0.03400347754359245
v 0.02028602547943592 -0.047432925552129745 0.04353809356689453
v 0.011284648440778255 -0.04627018794417381 0.048401303589344025
v 0.005998182110488415 -0.0445329025387764 0.05166938900947571
v -0.03655601665377617 0.00378752825781703 0.0387740433216095
v -0.0355105921626091 0.0011267573572695255 0.03967897221446037
v -0.031208567321300507 0.0020690353121608496 0.04059856757521629
v -0.03229093551635742 0.004723575431853533 0.03981979563832283
v 0.0048995232209563255 -0.00608579907566309 0.06575368344783783
v 0.004812326747924089 -0.0021978290751576424 0.06321167945861816
v 0.022241443395614624 -0.06335344165563583 0.028010698035359383
v 0.008597524836659431 -0.1241753101348877 -0.02480926178395748
v -0.07937965542078018 -0.009593700990080833 -0.04593447223305702
v -0.0790073350071907 -0.008768447674810886 -0.04463573917746544
v -0.0887473076581955 0.012481575831770897 -0.06895636022090912
v 0.025196317583322525 -0.06373785436153412 0.027895942330360413
v 0.023151786997914314 -0.06804385781288147 0.015091425739228725
v 0.02260074019432068 -0.06573642790317535 0.01954294741153717
v 0.031081896275281906 -0.07549941539764404 0.021233975887298584
v 0.0268340315669775 -0.08173365145921707 0.021724609658122063
v 0.024917207658290863 -0.07782592624425888 0.024346990510821342
v 0.028402766212821007 -0.07208940386772156 0.023590803146362305
v 0.021755265071988106 -0.07259833812713623 0.028653204441070557
v 0.0238649845123291 -0.06725553423166275 0.028043232858181
v -0.09455747157335281 0.01500363927334547 -0.06306417286396027
v 0.022654537111520767 -0.06678125262260437 0.02891537733376026
v 0.020651476457715034 -0.0709543228149414 0.03019457496702671
v 0.019630935043096542 -0.06961017847061157 0.030802704393863678
v 0.021638553589582443 -0.06605459749698639 0.02923506125807762
v 0.016862623393535614 -0.06845320016145706 0.025778410956263542
v 0.012246453203260899 -0.07037167251110077 0.02740589901804924
v 0.012314495630562305 -0.07115179300308228 0.022699030116200447
v 0.017091160640120506 -0.06971311569213867 0.0210247915238142
v 0.020445579662919044 -0.06767581403255463 0.01975546032190323
v 0.020184658467769623 -0.06583210080862045 0.024056077003479004
v -0.08847587555646896 0.0202285498380661 -0.06286957859992981
v -0.08689050376415253 0.022921279072761536 -0.05803682655096054
v -0.08570174127817154 0.021552814170718193 -0.05685526132583618
v -0.08698971569538116 0.018694059923291206 -0.06110905110836029
v 0.01789536327123642 -0.06875692307949066 0.028420131653547287
v 0.020287517458200455 -0.06623606383800507 0.026323018595576286
v 0.013561033643782139 -0.07056546211242676 0.030230248346924782
v 0.018094705417752266 -0.12087729573249817 -0.02881559170782566
v 0.021045299246907234 -0.06579504907131195 0.028267327696084976
v 0.018635964021086693 -0.06869377195835114 0.029836246743798256
v 0.014742515049874783 -0.0714266449213028 0.032357946038246155
v 0.016050072386860847 -0.07313161343336105 0.03355668485164642
v 0.01710137538611889 -0.07520066201686859 0.03339302912354469
v 0.01792876049876213 -0.07782531529664993 0.03153558075428009
v 0.020527048036456108 -0.08414263278245926 0.0255948007106781
v 0.021515706554055214 -0.08884120732545853 0.023291660472750664
v 0.01396409422159195 -0.08865134418010712 0.02832724340260029
v 0.014791036024689674 -0.09385144710540771 0.026366323232650757
v 0.012925993651151657 -0.08153760433197021 0.03467167913913727
v 0.012378313578665257 -0.07814525812864304 0.03669997304677963
v 0.011545979417860508 -0.07558886706829071 0.03633667156100273
v 0.010467912070453167 -0.07359209656715393 0.034510232508182526
v 0.003581352299079299 -0.02661101706326008 0.05261433497071266
v 0.005398381967097521 -0.02119549550116062 0.0542416088283062
v 0.004319516476243734 -0.021297330036759377 0.05650965869426727
v 0.007837730459868908 -0.017955150455236435 0.061739932745695114
v 0.0018783684354275465 -0.022118940949440002 0.058621056377887726
v 0.010226872749626637 -0.016217583790421486 0.06172933429479599
v 0.008777935057878494 -0.01682618446648121 0.06295884400606155
v 0.009578126482665539 -0.014909502118825912 0.06386678665876389
v 0.010720514692366123 -0.014402132481336594 0.06271569430828094
v 0.007217341102659702 -0.017422182485461235 0.06414370983839035
v 0.00839235819876194 -0.01490070391446352 0.06496503204107285
v 0.003230215050280094 -0.01855384185910225 0.06564026325941086
v 0.003975681494921446 -0.014949035830795765 0.06758624315261841
v 0.004727939143776894 -0.009549829177558422 0.06741805374622345
v 0.004274612758308649 -0.012738490477204323 0.06791647523641586
v 0.009418168105185032 -0.013151504099369049 0.06456605345010757
v 0.010502095334231853 -0.011377861723303795 0.06341981887817383
v -0.09727165102958679 0.015822578221559525 -0.06416752934455872
v 0.010995917022228241 -0.009008443914353848 0.06103168800473213
v 0.013520284555852413 -0.011234232224524021 0.05782008543610573
v 0.011642755009233952 0.13932983577251434 -0.04189226031303406
v 0.009243694134056568 -0.07237706333398819 0.032073188573122025
v 0.007996812462806702 -0.07186378538608551 0.028849784284830093
v -0.0769500732421875 -0.0233039278537035 -0.04693294316530228
v -0.08731581270694733 0.0036794173065572977 -0.05914115160703659
v 0.013552903197705746 -0.07603715360164642 0.015182381495833397
v 0.012877612374722958 -0.07413849234580994 0.017720747739076614
v 0.008501010946929455 -0.07517002522945404 0.018686017021536827
v -0.08619527518749237 0.023597033694386482 -0.055247336626052856
v -0.08979229629039764 0.02494320645928383 -0.056119371205568314
v 0.009395239874720573 -0.07721371203660965 0.015978343784809113
v 0.0037716932129114866 -0.07246632128953934 0.02951110154390335
v -0.09487828612327576 -0.008239657618105412 -0.06905350089073181
v -0.09766243398189545 0.014132184907793999 -0.06649736315011978
v -0.09572277963161469 0.012736993841826916 -0.06524589657783508
v -0.08674897253513336 0.015571440570056438 -0.04950623959302902
v -0.08100073784589767 -0.014467515051364899 -0.0637209340929985
v -0.08764749765396118 -0.014154140837490559 -0.06131960079073906
v -0.08600866794586182 -0.016836725175380707 -0.06000600755214691
v -0.08019404858350754 -0.016504358500242233 -0.0627216100692749
v -0.07548952102661133 -0.00023232617240864784 -0.057774364948272705
v 0.0038907306734472513 -0.07329540699720383 0.024662094190716743
v 0.008057921193540096 -0.07230345904827118 0.023732488974928856
v 0.004581205081194639 -0.0730365514755249 0.0328037329018116
v 0.005388150457292795 -0.07463684678077698 0.03530990704894066
v 0.006208956241607666 -0.07677784562110901 0.03760141506791115
v 0.003974771127104759 -0.07622320204973221 0.019206276163458824
v 0.004916459321975708 -0.07803799211978912 0.01636713370680809
v -0.07470017671585083 -0.01810218207538128 -0.03801094740629196
v 0.02129792980849743 -0.07070022076368332 0.015102106146514416
v -0.082819864153862 -0.030346041545271873 -0.05419738590717316
v -0.08414839208126068 -0.029085734859108925 -0.05655325949192047
v -0.031245991587638855 -0.032768476754426956 -0.11444932222366333
v -0.03483225405216217 -0.021551167592406273 -0.1211341992020607
v -0.09620437771081924 -0.008516320958733559 -0.07211919128894806
v 0.0217369943857193 -0.07275424897670746 0.01277998648583889
v 0.01751377061009407 -0.07286881655454636 0.01650227978825569
v 0.01825147494673729 -0.07495784014463425 0.014265133067965508
v 0.007722994312644005 -0.09547563642263412 0.029374275356531143
v 0.007039128337055445 -0.09077782928943634 0.03073369525372982
v 0.006979197263717651 -0.07947328686714172 0.03811373934149742
v 0.0068405563943088055 -0.0832907035946846 0.03668448328971863
v 0.023563792929053307 0.12044842541217804 -0.11219113320112228
v 0.06715892255306244 0.08464696258306503 -0.00350168626755476
v 0.06615445762872696 0.0765121653676033 0.004017292056232691
v -0.08815057575702667 0.016129640862345695 -0.05747396498918533
v 0.05805112048983574 0.08516820520162582 0.012804754078388214
v 0.06033646687865257 0.09084349125623703 0.004804652649909258
v 0.06814830005168915 0.09184382855892181 -0.011952145025134087
v 0.060977399349212646 0.09764407575130463 -0.0033701458014547825
v 0.04244694486260414 0.12959891557693481 -0.062345732003450394
v 0.043285127729177475 0.12953977286815643 -0.04774608835577965
v 0.02342662774026394 0.13650017976760864 -0.043185777962207794
v 0.036903563886880875 0.12910620868206024 -0.0766824334859848
v 0.04957891255617142 0.11975279450416565 -0.08632435649633408
v 0.052447158843278885 0.12313231080770493 -0.06661111116409302
v 0.052607983350753784 0.12382855266332626 -0.05089440196752548
v -0.07875176519155502 -0.024113748222589493 -0.048392727971076965
v -0.0778714045882225 -0.03017454966902733 -0.04794112965464592
v -0.07631180435419083 -0.02931375242769718 -0.04587588831782341
v -0.08229503780603409 0.00712830014526844 -0.05592164024710655
v 0.0223652683198452 -0.08763152360916138 -0.10605478286743164
v 0.054613612592220306 0.04578043147921562 -0.13170956075191498
v 0.05141225829720497 0.12332671135663986 -0.036771051585674286
v 0.04278641939163208 0.1281784176826477 -0.03366131708025932
v 0.042357176542282104 0.12540560960769653 -0.02096671611070633
v 0.050239983946084976 0.12140266597270966 -0.024800201877951622
v 0.02315162867307663 0.1345737874507904 -0.028477463871240616
v 0.011338839307427406 0.13713441789150238 -0.02632438950240612
v 0.018740788102149963 0.007884521037340164 -0.1434844434261322
v 0.00387586303986609 0.008583316579461098 0.0566350519657135
v 0.04458702355623245 -0.04858017340302467 -0.08801708370447159
v 0.053660426288843155 -0.04875360429286957 -0.07059173285961151
v 0.05180986598134041 -0.10096865147352219 -0.05737384408712387
v 0.07227135449647903 -0.028425753116607666 -0.052668496966362
v 0.07171930372714996 -0.027750039473176003 -0.05357973277568817
v 0.05613606795668602 -0.06372347474098206 -0.05519009381532669
v 0.058616768568754196 -0.049792587757110596 -0.05480729416012764
v 0.03582114726305008 -0.04746808111667633 -0.09967996925115585
v 0.08226614445447922 -0.016845284029841423 -0.06337318569421768
v 0.08334985375404358 -0.013017982244491577 -0.0645027831196785
v 0.08414089679718018 -0.018213555216789246 -0.06323282420635223
v 0.0853961855173111 -0.014113291166722775 -0.06434940546751022
v 0.0860338807106018 -0.009984085336327553 -0.06477421522140503
v 0.08526847511529922 -0.020524995401501656 -0.06271795183420181
v 0.08403321355581284 0.020235208794474602 -0.05422717332839966
v 0.08495713025331497 0.021708332002162933 -0.053387340158224106
v -0.08107345551252365 -0.01901513710618019 -0.06382531672716141
v -0.08126497268676758 -0.016705812886357307 -0.06473307311534882
v 0.0721815750002861 -0.03112485259771347 -0.04881265014410019
v 0.07191520929336548 -0.0301083792001009 -0.05029631778597832
v -0.06599672883749008 -0.007732468191534281 -0.053373321890830994
v 0.07140883058309555 -0.030540332198143005 -0.049440957605838776
v 0.0711774155497551 -0.031285375356674194 -0.04833870381116867
v 0.07186710089445114 -0.03232405334711075 -0.04747627675533295
v 0.07108771055936813 -0.03199516236782074 -0.04732659459114075
v 0.083816297352314 0.03815403953194618 -0.047005683183670044
v 0.06873262673616409 -0.030084483325481415 -0.049981918185949326
v 0.07075143605470657 -0.027850395068526268 -0.05269511789083481
v 0.07129453122615814 -0.029229938983917236 -0.05142564699053764
v 0.07022558897733688 -0.030136937275528908 -0.0502190962433815
v 0.0702393501996994 -0.031548548489809036 -0.04837119206786156
v 0.07025006413459778 -0.03265877068042755 -0.04685761034488678
v 0.07132197916507721 -0.03363030403852463 -0.046499647200107574
v -0.08332129567861557 -0.025987690314650536 -0.062455687671899796
v -0.07923002541065216 -0.03141789138317108 -0.05713826045393944
v -0.056186504662036896 -0.07864589989185333 -0.055030688643455505
v -0.0536184124648571 -0.07593739777803421 -0.06736218929290771
v -0.05379881337285042 -0.08758758008480072 -0.0673317015171051
v -0.054637931287288666 -0.09140703082084656 -0.055666662752628326
v -0.07698804885149002 -0.0036205777432769537 -0.038180746138095856
v -0.07724486291408539 -0.011042884550988674 -0.041291743516922
v -0.07623068988323212 -0.01212343294173479 -0.03941759094595909
v 0.08596480637788773 -0.022160999476909637 -0.06342044472694397
v 0.07777726650238037 -0.033263299614191055 -0.05173406004905701
v -0.02279236540198326 -0.10487417876720428 -0.022589106112718582
v -0.019251056015491486 -0.11486177891492844 -0.026756320148706436
v 0.08413832634687424 0.011648903600871563 -0.05998017638921738
v 0.08393168449401855 0.009950213134288788 -0.06125506013631821
v 0.08672849833965302 0.011264627799391747 -0.06275877356529236
v 0.08684538304805756 0.01358653325587511 -0.06155252456665039
v 0.059354040771722794 -0.009727949276566505 -0.10341297835111618
v 0.06229909509420395 0.0016875999281182885 -0.10914511978626251
v 0.010534524917602539 -0.08597390353679657 -0.11061498522758484
v 0.010870663449168205 -0.07091420888900757 -0.10951568186283112
v 0.07920628041028976 0.03449736163020134 -0.09516210854053497
v 0.08429700881242752 0.013475981540977955 -0.058405034244060516
v 0.08697299659252167 0.015443536452949047 -0.060161788016557693
v 0.08426230400800705 -0.008869100362062454 -0.06466839462518692
v 0.08360027521848679 0.012809199281036854 -0.058130860328674316
v 0.08331133425235748 0.01102833729237318 -0.05975263938307762
v 0.08823216706514359 0.016823725774884224 -0.061790406703948975
v 0.08844471722841263 0.01443801075220108 -0.06337369978427887
v 0.08838021755218506 0.01183629035949707 -0.06466098129749298
v 0.08291404694318771 0.009167434647679329 -0.0613943375647068
v -0.07522891461849213 -0.017454834654927254 -0.03342188149690628
v -0.07519054412841797 -0.017138469964265823 -0.02315450645983219
v -0.07678064703941345 -0.0016118088969960809 -0.022271638736128807
v -0.07636049389839172 -0.007414545863866806 -0.03232790529727936
v 0.0831156075000763 0.01888474076986313 -0.06202448159456253
v 0.08508292585611343 0.06751801073551178 -0.07102502137422562
v 0.08369862288236618 0.06102493405342102 -0.08541321009397507
v 0.08110617101192474 0.08552989363670349 -0.07415244728326797
v 0.07996101677417755 0.07986904680728912 -0.0898423120379448
v 0.07468274235725403 0.0732903704047203 -0.10596911609172821
v 0.07798674702644348 0.053474102169275284 -0.10150159150362015
v 0.08344674110412598 0.019952883943915367 -0.05588177219033241
v 0.08575805276632309 0.022340016439557076 -0.05386659502983093
v 0.06852800399065018 0.09849173575639725 -0.020133784040808678
v 0.07370293140411377 0.0929485484957695 -0.027938399463891983
v 0.06117849797010422 0.10354956239461899 -0.0110166035592556
v 0.06088731437921524 0.10879596322774887 -0.018185794353485107
v 0.06772316247224808 0.1045922338962555 -0.02753649465739727
v 0.0750027671456337 0.09680894017219543 -0.040100615471601486
v 0.08501078933477402 0.05727880820631981 -0.056003909558057785
v 0.08359553664922714 0.0736580491065979 -0.05637010559439659
v 0.08054787665605545 0.07875362038612366 -0.04220518469810486
v -0.06236698478460312 0.03208048269152641 0.018480993807315826
v -0.06406918168067932 0.03454247862100601 0.012549174949526787
v -0.0657685399055481 0.02331225387752056 0.012150510214269161
v -0.06332748383283615 0.024113882333040237 0.017117613926529884
v 0.07935497164726257 0.09151004254817963 -0.05797193944454193
v 0.0704694464802742 0.10623171925544739 -0.04678395763039589
v 0.0738854706287384 0.10225430876016617 -0.061649225652217865
v 0.06283172965049744 0.11488822847604752 -0.05089578405022621
v 0.06486890465021133 0.1122998297214508 -0.06581716984510422
v 0.0643760934472084 0.1093980148434639 -0.08204738795757294
v 0.07552073895931244 0.09768099337816238 -0.07711632549762726
v 0.065541572868824 0.11003508418798447 -0.034042105078697205
v 0.05916166678071022 0.11349401623010635 -0.02401784621179104
v 0.05997766554355621 0.11644786596298218 -0.03785593435168266
v 0.05676250904798508 0.11742822825908661 -0.028901435434818268
v 0.07843359559774399 0.08166081458330154 -0.034195445477962494
v 0.06583613157272339 -0.03584294393658638 -0.04624228551983833
v 0.06770940870046616 -0.03683825954794884 -0.04208436235785484
v -0.020396089181303978 0.09767843782901764 0.03880393132567406
v -0.0097971735522151 0.09777703881263733 0.0417422391474247
v -0.010019895620644093 0.10605429857969284 0.03497351333498955
v -0.020961150527000427 0.10526831448078156 0.031785450875759125
v 0.07199928164482117 -0.02649635262787342 -0.03497885540127754
v -0.03704402595758438 -0.01318679004907608 -0.12584775686264038
v -0.039043623954057693 -0.0024172693956643343 -0.13089802861213684
v -0.019192460924386978 -0.0053207953460514545 -0.137679323554039
v -0.01807469315826893 -0.015299025923013687 -0.13218745589256287
v 0.07307073473930359 0.00031122355721890926 0.0010434190044179559
v 0.07320305705070496 0.014429213479161263 -0.0017331286799162626
v 0.07608126848936081 0.005913051776587963 -0.01218577940016985
v 0.07412408292293549 -0.009073439985513687 -0.008720281533896923
v -0.02167266048491001 0.1229749470949173 0.007459903601557016
v -0.010397977195680141 0.12474579364061356 0.010516212321817875
v -0.010580276139080524 0.1297236531972885 -0.00016681727720424533
v -0.022027956321835518 0.12762071192264557 -0.0028249318711459637
v -0.05754726007580757 -0.0008239371236413717 0.03035804256796837
v -0.06017095223069191 -0.008353624492883682 0.028387822210788727
v -0.05579627305269241 -0.008731993846595287 0.0327497161924839
v -0.053547874093055725 -0.00105592655017972 0.0335976742208004
v 0.07138995081186295 0.029433684423565865 -0.003871037159115076
v 0.07580294460058212 0.021264715120196342 -0.01395891048014164
v 0.0762711688876152 0.035016678273677826 -0.015771472826600075
v 0.0720871090888977 0.04395511746406555 -0.004458379931747913
v 0.06500925123691559 0.06745606660842896 -0.12104813009500504
v 0.06701651960611343 0.05013284087181091 -0.11916533857584
v -0.0779137909412384 -0.03507120907306671 -0.04497366398572922
v -0.07656332105398178 -0.033910054713487625 -0.043780259788036346
v 0.06753242015838623 0.03668222203850746 -0.1172168180346489
v 0.0507638193666935 0.06481791287660599 0.03101697377860546
v -0.010807440616190434 0.1338641494512558 -0.012511376291513443
v -0.0224979929625988 0.13152918219566345 -0.014715458266437054
v 0.022465793415904045 0.0891522541642189 -0.14102663099765778
v 0.049704357981681824 0.09056549519300461 0.020884299650788307
v 0.056928157806396484 0.08939530700445175 -0.12123388051986694
v -0.0012685043038800359 -0.07053166627883911 -0.11101531237363815
v 0.04306183010339737 0.09530124813318253 -0.12785543501377106
v 0.0743500366806984 0.09217868000268936 -0.09254243969917297
v 0.0704691931605339 0.08634139597415924 -0.10643437504768372
v 0.0619838573038578 0.07927783578634262 -0.12145359069108963
v 0.0660674199461937 0.01979750208556652 -0.1148618534207344
v 0.05096302926540375 0.11772308498620987 -0.01681668683886528
v 0.059092454612255096 0.02478061430156231 0.024586407467722893
v 0.05873691290616989 0.02007294073700905 0.02378382906317711
v 0.05856062099337578 0.02946217730641365 0.02634716033935547
v 0.05741347745060921 0.01522224210202694 0.024824222549796104
v 0.016382914036512375 0.004225024022161961 0.04509909823536873
v 0.015381565317511559 0.0025558227207511663 0.046630747616291046
v 0.015281404368579388 -4.84720294480212e-06 0.047863803803920746
v 0.01908070407807827 3.2486801501363516e-05 0.0449795126914978
v 0.018620409071445465 -0.0032583042047917843 0.04613427817821503
v 0.011638169176876545 -0.0007769456715323031 0.05200747773051262
v 0.01224901620298624 0.002175956731662154 0.05011243000626564
v 0.014595665968954563 -0.0031479760073125362 0.049137040972709656
v 0.014329277910292149 -0.006966838147491217 0.04988480731844902
v 0.011906428262591362 -0.004319554660469294 0.053038474172353745
v 0.018936924636363983 -0.01933908648788929 0.045118317008018494
v 0.020229654386639595 -0.014530869200825691 0.045005202293395996
v 0.017448317259550095 -0.010261892341077328 0.046943068504333496
v 0.022683987393975258 -0.0062352693639695644 0.04509742185473442
v 0.02160521037876606 -0.010162526741623878 0.045564163476228714
v 0.017927173525094986 -0.006554755847901106 0.04678727686405182
v 0.02343481220304966 -0.002369517693296075 0.04396180063486099
v 0.015558285638689995 -0.010602599009871483 0.05142226442694664
v 0.016408588737249374 -0.013331690803170204 0.054054033011198044
v 0.012849615886807442 -0.007963813841342926 0.05498213320970535
v 0.010814495384693146 -0.006267649587243795 0.05826966091990471
v 0.00992714986205101 -0.002470718463882804 0.05620739609003067
v 0.020263278856873512 0.002152857603505254 0.04358651489019394
v 0.024913817644119263 0.00029489968437701464 0.04271546006202698
v 0.025340693071484566 -0.01419038511812687 0.04497506469488144
v 0.029799502342939377 -0.018494967371225357 0.04427168890833855
v 0.02721051312983036 -0.009240709245204926 0.044514596462249756
v 0.032032668590545654 -0.012893274426460266 0.044083405286073685
v 0.028407158330082893 -0.004667958710342646 0.043189357966184616
v 0.03355585038661957 -0.007941708900034428 0.04287268966436386
v 0.03408722206950188 -0.023264922201633453 0.043087102472782135
v 0.03769276291131973 -0.028649525716900826 0.04079560562968254
v 0.04065798595547676 -0.03526841849088669 0.03707147389650345
v 0.04111316800117493 -0.022761840373277664 0.041037313640117645
v 0.044757138937711716 -0.029520289972424507 0.0372776985168457
v 0.04355720058083534 -0.016281789168715477 0.04061955586075783
v 0.04820209741592407 -0.02271791361272335 0.03718264773488045
v -0.012794116511940956 0.010014224797487259 0.04419996216893196
v -0.013553113676607609 0.012444394640624523 0.04230910539627075
v -0.01739807426929474 0.009360620751976967 0.04139067232608795
v -0.01681259274482727 0.00659635616466403 0.04308386519551277
v -0.0076478999108076096 0.06578340381383896 0.05204789340496063
v -0.008595545776188374 0.07604776322841644 0.05044242739677429
v -0.01815185882151127 0.07712475210428238 0.04853301867842674
v -0.016427073627710342 0.0668092742562294 0.05043845996260643
v 0.036880012601614 -0.01732267066836357 0.04311457276344299
v 0.038804054260253906 -0.011735542677342892 0.042178139090538025
v 0.034611135721206665 -0.0029719234444200993 0.041578277945518494
v 0.02967568300664425 -0.0009411823702976108 0.04206857457756996
v 0.04501500353217125 -0.0026913329493254423 0.03914549946784973
v 0.04488787055015564 -0.009331868961453438 0.04004663601517677
v 0.039828263223171234 -0.005945124197751284 0.04106561467051506
v 0.04013917222619057 -0.000339161284500733 0.03987189009785652
v 0.05025266855955124 -0.014372474513947964 0.037161778658628464
v 0.05017700418829918 -0.005518745630979538 0.03740454092621803
v 0.04903935268521309 0.0008004913106560707 0.03670404478907585
v 0.033633753657341 0.008967381902039051 0.04020983353257179
v 0.028741654008626938 0.00966762937605381 0.04073108360171318
v 0.037568408995866776 0.00857100822031498 0.03924577310681343
v 0.04425542801618576 0.0024675787426531315 0.03803053870797157
v 0.04030466452240944 0.0034027383662760258 0.03906196728348732
v 0.05326567590236664 0.009190184995532036 0.03052939660847187
v 0.05090000480413437 0.008476067334413528 0.0327274389564991
v 0.04431804642081261 0.008462478406727314 0.03666911646723747
v 0.04116307199001312 0.0084441639482975 0.038112856447696686
v 0.04759519174695015 0.008635150268673897 0.034836940467357635
v 0.02406407706439495 0.011123714968562126 0.04077155888080597
v 0.01971697434782982 0.01305497344583273 0.04050816595554352
v 0.05150100961327553 -0.06188029795885086 -0.06860177218914032
v 0.009390422143042088 0.0012161447666585445 0.05487630516290665
v 0.009345686063170433 0.004320808686316013 0.0531122051179409
v 0.014946240931749344 0.029824273660779 0.04540913924574852
v 0.012988773174583912 0.026497308164834976 0.04365213215351105
v 0.007128430996090174 0.02650207094848156 0.04932468757033348
v 0.01911192014813423 0.03369321674108505 0.0476640984416008
v 0.015925554558634758 0.015266414731740952 0.04057417809963226
v -0.022443685680627823 0.0070124720223248005 0.040811292827129364
v -0.021468311548233032 0.004586789291352034 0.04181167483329773
v 0.014112045057117939 0.01725349761545658 0.04060447961091995
v 0.012493357062339783 0.020673628896474838 0.041177213191986084
v 0.012452185153961182 0.02330578863620758 0.04223673418164253
v -0.010150376707315445 0.11310220509767532 0.02748836949467659
v -0.02130807191133499 0.11192366480827332 0.024209359660744667
v -0.021504102274775505 0.1363658905029297 -0.06629101932048798
v -0.022315634414553642 0.1370132714509964 -0.05736815556883812
v -0.010363604873418808 0.13977494835853577 -0.057904426008462906
v -0.011109176091849804 0.13846035301685333 -0.07084306329488754
v 0.03183233365416527 0.050635434687137604 0.049268413335084915
v 0.02867300994694233 0.04307066276669502 0.05054377019405365
v 0.061453305184841156 0.07066753506660461 0.014105637557804585
v 0.0658613070845604 0.06056810915470123 0.00861878227442503
v 0.05309195816516876 0.04650533199310303 0.033063724637031555
v 0.055903565138578415 0.04066674783825874 0.03021603263914585
v 0.057857759296894073 0.03486959636211395 0.0278566163033247
v 0.06748265027999878 0.04738298058509827 0.00514841265976429
v 0.06746042519807816 0.03401022031903267 0.004350157454609871
v 0.06916608661413193 0.02050940878689289 0.00579947279766202
v -0.07197757065296173 -0.00019651566981337965 -0.09230335801839828
v -0.07591266185045242 -0.002107698703184724 -0.07738514989614487
v -0.07902917265892029 0.01022257562726736 -0.0791281908750534
v -0.0764426738023758 0.01672525331377983 -0.09522967040538788
v 0.05220291391015053 0.10255545377731323 0.005508307367563248
v -0.03476256877183914 -0.09798895567655563 -0.02717611938714981
v -0.031067458912730217 -0.10863126069307327 -0.03126206994056702
v -0.0012720369268208742 -0.08525478839874268 -0.11170937120914459
v 0.052136797457933426 0.10823263227939606 -0.0019263597205281258
v 0.05154670774936676 0.0964169055223465 0.013217219151556492
v 0.042186081409454346 0.12167853862047195 -0.011085146106779575
v 0.0422646701335907 0.11734306067228317 -0.0022053394932299852
v 0.051732297986745834 0.11328896135091782 -0.009313351474702358
v 0.04269476979970932 0.11227460950613022 0.005658942274749279
v 0.042901523411273956 0.10662714391946793 0.013060368597507477
v 0.042230017483234406 0.10058613121509552 0.020760538056492805
v 0.04083442687988281 0.0942845270037651 0.028161004185676575
v 0.03911951929330826 0.08561155200004578 0.035094402730464935
v 0.04160946607589722 -0.060898952186107635 -0.08529319614171982
v 0.008573280647397041 -0.009858381934463978 0.050111960619688034
v 0.007797740865498781 -0.00949191302061081 0.05069873109459877
v -0.05560984089970589 0.05826786160469055 0.02652699686586857
v -0.057445306330919266 0.06633886694908142 0.022695565596222878
v -0.0612482950091362 0.057730916887521744 0.018147187307476997
v -0.05884097144007683 0.05051908269524574 0.02261446602642536
v 0.007238427177071571 -0.010482322424650192 0.049654752016067505
v 0.006544274277985096 -0.010123626329004765 0.05030285567045212
v 0.005863497965037823 -0.0122138736769557 0.0498896948993206
v 0.007434670347720385 -0.01802719570696354 0.05186142399907112
v 0.006417255848646164 -0.01597754843533039 0.050822146236896515
v 0.005466708447784185 -0.013389506377279758 0.04961061105132103
v 0.06993435323238373 -0.0330212265253067 -0.03712434694170952
v -0.006005025934427977 0.04925720766186714 0.054515060037374496
v -0.01366351917386055 0.05007953196763992 0.05364793911576271
v -0.011629285290837288 0.042957719415426254 0.0534355528652668
v -0.0050583030097186565 0.04227641597390175 0.05437932908535004
v -0.06347504258155823 0.016068430617451668 0.01757645606994629
v -0.06658738851547241 0.013101448304951191 0.013832643628120422
v -0.06598187983036041 0.00401069363579154 0.017826775088906288
v -0.06271029263734818 0.008530231192708015 0.020550968125462532
v -0.06017465889453888 0.001352143008261919 0.026907093822956085
v -0.06270088255405426 -0.00546621810644865 0.02511630579829216
v -0.01941509358584881 0.08751556277275085 0.04476536437869072
v -0.009266698732972145 0.08693147450685501 0.04720449820160866
v -0.06294970214366913 0.046951644122600555 0.014186276122927666
v -0.06085771322250366 0.04139075428247452 0.019707106053829193
v -0.009639905765652657 0.012683684006333351 0.04649456590414047
v -0.010812896303832531 0.01459592767059803 0.04383373260498047
v -0.006828914862126112 0.019988832995295525 0.047017332166433334
v -0.003487392794340849 0.017862847074866295 0.05092504620552063
v -0.0027654271107167006 0.022621748968958855 0.0507238544523716
v -0.006412469781935215 0.02335510402917862 0.0479581393301487
v -0.03521276265382767 0.0670388862490654 0.043328262865543365
v -0.0373464860022068 0.07635384052991867 0.04047859087586403
v -0.04542545974254608 0.07500109821557999 0.03423091024160385
v -0.04347151890397072 0.06617231667041779 0.03766613081097603
v -0.021515531465411186 0.11773474514484406 0.01629069820046425
v -0.010262040421366692 0.11921537667512894 0.019507497549057007
v -0.0036352232564240694 0.033047549426555634 0.0518256276845932
v -0.008354942314326763 0.033488839864730835 0.050628192722797394
v -0.006916480138897896 0.029791926965117455 0.04932260885834694
v -0.00334679102525115 0.02950483001768589 0.05098675191402435
v -0.026377500966191292 0.003250989830121398 0.04146072641015053
v -0.027482500299811363 0.005756062921136618 0.04068416729569435
v -0.07035072147846222 -0.03293824940919876 -0.04719511792063713
v -0.0715286135673523 -0.03465976566076279 -0.047314006835222244
v -0.07803525775671005 0.014725606888532639 -0.033981285989284515
v -0.0769086629152298 0.0036637657321989536 -0.03287191316485405
v -0.07697615027427673 0.012730918824672699 -0.023041266947984695
v -0.07765492796897888 0.025440365076065063 -0.02466699853539467
v -0.07994668930768967 0.037227947264909744 -0.02766922116279602
v -0.08134737610816956 0.04751597344875336 -0.03263361379504204
v -0.08213766664266586 0.03142479807138443 -0.04018045589327812
v -0.08034350723028183 0.02417624182999134 -0.0360209159553051
v -0.0480961799621582 -0.08514758199453354 -0.077926404774189
v -0.045973848551511765 -0.0745287761092186 -0.07970399409532547
v -0.002826163312420249 0.014419703744351864 0.0528142936527729
v -0.002563771326094866 0.011357326991856098 0.0546145960688591
v -0.02125944383442402 0.03800128027796745 -0.14992819726467133
v -0.02077602967619896 0.023876098915934563 -0.14782869815826416
v -0.04156457632780075 0.027962323278188705 -0.13955458998680115
v -0.04188477247953415 0.04147940129041672 -0.14120055735111237
v -0.06836570054292679 -0.011156597174704075 -0.08809967339038849
v -0.07289198040962219 -0.011225305497646332 -0.0743575468659401
v -0.010584874078631401 -0.01487730722874403 0.05345400050282478
v -0.007831812836229801 -0.01098045613616705 0.04894579201936722
v -0.007647539954632521 -0.014393098652362823 0.047656867653131485
v -0.007607533596456051 -0.012439055368304253 0.049123287200927734
v -0.010857954621315002 -0.017084259539842606 0.05552968382835388
v -0.012405863031744957 -0.018026111647486687 0.05702121555805206
v -0.008588189259171486 -0.016930295154452324 0.048845019191503525
v -0.00797117780894041 -0.01686537265777588 0.0491693913936615
v -0.007035375572741032 -0.013959582895040512 0.047890547662973404
v -0.009153150953352451 -0.010595807805657387 0.04972376301884651
v -0.0013892953284084797 -0.021139364689588547 0.061237022280693054
v -0.0017431078013032675 -0.01974848471581936 0.06396763771772385
v -0.005752556957304478 -0.018540313467383385 0.0629681795835495
v -0.00461229495704174 -0.01976088061928749 0.06104845181107521
v -0.005184542387723923 -0.011960134841501713 0.0505760982632637
v -0.004576657898724079 -0.013560897670686245 0.0507742241024971
v -0.00564171327278018 -0.01543688215315342 0.057664744555950165
v -0.007254062220454216 -0.011826391331851482 0.054051823914051056
v -0.007839377038180828 -0.009878173470497131 0.05162450671195984
v -0.0070897857658565044 -0.014691169373691082 0.05692814290523529
v -0.0058761946856975555 -0.019787924364209175 0.05418471619486809
v -0.008787938393652439 -0.01457122527062893 0.05539382994174957
v -0.0826333686709404 -0.020758166909217834 -0.05478334426879883
v -0.05844763293862343 -0.06699693948030472 -0.03871792554855347
v -0.06373496353626251 -0.0513315349817276 -0.0431416779756546
v -0.06166389584541321 -0.05093665048480034 -0.04724571853876114
v -0.05702671408653259 -0.06645022332668304 -0.04567191004753113
v -0.08499988168478012 0.006241030525416136 -0.05727117881178856
v -0.07147134840488434 0.06099317967891693 -0.0029723497573286295
v -0.07278412580490112 0.07567507773637772 -0.010962200351059437
v -0.07825721055269241 0.06161126494407654 -0.023006143048405647
v -0.07761093974113464 0.04863227158784866 -0.018095890060067177
v -0.07315346598625183 0.085990771651268 -0.019447915256023407
v -0.07854005694389343 0.07414212822914124 -0.03007330559194088
v -0.08212471008300781 0.0606258325278759 -0.04069320112466812
v -0.08446916937828064 0.03882518410682678 -0.05606578290462494
v -0.04369550943374634 0.01819196343421936 0.035262126475572586
v -0.04401390999555588 0.017779607325792313 0.03527861461043358
v -0.04248255491256714 0.017378220334649086 0.03639337420463562
v -0.042388059198856354 0.017872197553515434 0.03637317195534706
v -0.04311111196875572 0.01856077089905739 0.03491777181625366
v -0.04190502315759659 0.018261393532156944 0.03603958338499069
v -0.04411398619413376 0.01900126412510872 0.03406188264489174
v -0.044727008789777756 0.01859709993004799 0.03443698585033417
v -0.0450117252767086 0.0181428249925375 0.034466467797756195
v -0.026560358703136444 0.01891040988266468 0.038616325706243515
v -0.02729962207376957 0.01919865608215332 0.037727974355220795
v -0.0297388918697834 0.0187677014619112 0.038710467517375946
v -0.02917013317346573 0.01844252459704876 0.03960690647363663
v -0.0264996737241745 0.018349848687648773 0.03928862139582634
v -0.029860882088541985 0.017794666811823845 0.03993105888366699
v -0.025681113824248314 0.020465055480599403 0.03322142735123634
v -0.025191692635416985 0.02105194516479969 0.03320884704589844
v -0.026962922886013985 0.019566111266613007 0.033495984971523285
v -0.02464335225522518 0.021141884848475456 0.0348062627017498
v -0.024258797988295555 0.02241838164627552 0.03515056520700455
v -0.024373875930905342 0.022913163527846336 0.03348312899470329
v -0.02474864013493061 0.021550709381699562 0.03319430723786354
v -0.02524608001112938 0.020703541114926338 0.034950271248817444
v -0.023292748257517815 0.02018965780735016 0.036079082638025284
v -0.02274838462471962 0.020634299144148827 0.03612278774380684
v -0.022636737674474716 0.021810516715049744 0.036520421504974365
v -0.03396637737751007 0.016696279868483543 0.04010045528411865
v -0.03442547097802162 0.01594620943069458 0.03982680290937424
v -0.030373597517609596 0.01652909629046917 0.04009706526994705
v -0.030255310237407684 0.01716042123734951 0.04013661667704582
v -0.033449701964855194 0.01734824851155281 0.040133874863386154
v -0.03692027926445007 0.017137732356786728 0.03952771797776222
v -0.037193331867456436 0.01642535999417305 0.03938212990760803
v -0.037891313433647156 0.015711821615695953 0.03887338191270828
v -0.02727123349905014 0.017279120162129402 0.03962238132953644
v -0.02713366411626339 0.017772966995835304 0.03956190496683121
v -0.038528330624103546 0.014934699982404709 0.038254640996456146
v -0.03495989739894867 0.014996829442679882 0.039341844618320465
v -0.030580103397369385 0.01560333650559187 0.039831988513469696
v -0.026932036504149437 0.01667178049683571 0.03961573541164398
v -0.023614590987563133 0.017826735973358154 0.038924556225538254
v -0.024181745946407318 0.018291695043444633 0.03890978917479515
v -0.03582382947206497 0.014074692502617836 0.03883128985762596
v -0.03529452160000801 0.013157746754586697 0.038821376860141754
v -0.03095630742609501 0.013545027934014797 0.039444807916879654
v -0.03099173866212368 0.014487226493656635 0.03953447565436363
v -0.039084356278181076 0.014169622212648392 0.03778573125600815
v -0.03901590406894684 0.01321213785558939 0.037664156407117844
v -0.04684215039014816 0.01839572563767433 0.03270360827445984
v -0.04731915891170502 0.018944932147860527 0.03210362046957016
v -0.04756423458456993 0.0181747917085886 0.03183222562074661
v -0.04727550968527794 0.017626047134399414 0.03220546618103981
v -0.050690263509750366 0.014427371323108673 0.029199844226241112
v -0.05167262256145477 0.015816086903214455 0.028384100645780563
v -0.05433924123644829 0.014105173759162426 0.026906663551926613
v -0.052870023995637894 0.012545453384518623 0.028342105448246002
v -0.061857614666223526 0.004256110638380051 0.023723458871245384
v -0.05525053292512894 0.010084516368806362 0.027457313612103462
v -0.05659254267811775 0.011806648224592209 0.025449568405747414
v -0.04609033465385437 0.01787690818309784 0.033544573932886124
v -0.045227017253637314 0.01758303865790367 0.03436700254678726
v -0.045886099338531494 0.01859557256102562 0.03363070636987686
v -0.046540651470422745 0.01910918392241001 0.03295106813311577
v -0.04662821814417839 0.01729060336947441 0.032952018082141876
v -0.04561806097626686 0.01693575084209442 0.03399652615189552
v -0.044216740876436234 0.0171937495470047 0.035158608108758926
v -0.044361989945173264 0.016488565132021904 0.03497680276632309
v -0.04279668256640434 0.016004320234060287 0.03609097748994827
v -0.04256472364068031 0.016619885340332985 0.036356087774038315
v -0.039925653487443924 0.016357412561774254 0.03797304630279541
v -0.039942774921655655 0.017083847895264626 0.03799217939376831
v -0.04068988934159279 0.01568441465497017 0.03739530220627785
v -0.04330170154571533 0.015363742597401142 0.035733357071876526
v -0.04120969772338867 0.015060259960591793 0.03697775676846504
v -0.04503294453024864 0.01581987738609314 0.034394457936286926
v -0.046225689351558685 0.016227710992097855 0.033321674913167953
v -0.04712727293372154 0.016630470752716064 0.03233532980084419
v -0.04779195040464401 0.01707916148006916 0.03156594932079315
v -0.04819686710834503 0.017793159931898117 0.031076889485120773
v -0.047738365828990936 0.01578686758875847 0.031553782522678375
v -0.04841442033648491 0.014857851900160313 0.03093019314110279
v -0.04715387150645256 0.014417117461562157 0.03217184543609619
v -0.04673117399215698 0.015383229590952396 0.032649822533130646
v -0.048560209572315216 0.016364477574825287 0.03067491203546524
v -0.0494174100458622 0.015536833554506302 0.02992008626461029
v -0.045437656342983246 0.015061862766742706 0.033926405012607574
v -0.045750923454761505 0.014170287176966667 0.0335126630961895
v -0.04403779283165932 0.013899643905460835 0.034922629594802856
v -0.04369926080107689 0.014729488641023636 0.035377100110054016
v -0.04199396073818207 0.01428098976612091 0.036628786474466324
v -0.04241799935698509 0.013422253541648388 0.036171190440654755
v -0.03348856419324875 0.017934992909431458 0.03979566693305969
v -0.0333353653550148 0.018408184871077538 0.03897128999233246
v -0.03630783408880234 0.018315065652132034 0.038573089987039566
v -0.03725352883338928 0.017686763778328896 0.0392928346991539
v -0.03999371454119682 0.01769900508224964 0.03778945654630661
v -0.0392632856965065 0.018335575237870216 0.03721415624022484
v -0.0367751270532608 0.017525844275951385 0.03576081991195679
v -0.03606865927577019 0.017702678218483925 0.03285199776291847
v -0.03931359201669693 0.017608702182769775 0.03215813636779785
v -0.03966677561402321 0.017716743052005768 0.034709859639406204
v -0.033250633627176285 0.01738317869603634 0.03609152138233185
v -0.03284177929162979 0.01818072982132435 0.03326715901494026
v -0.029934046790003777 0.017782991752028465 0.03639791160821915
v -0.0297184307128191 0.018762409687042236 0.0335269570350647
v -0.02764572761952877 0.01924837753176689 0.035992205142974854
v -0.03468860685825348 0.029434364289045334 0.04008568450808525
v -0.03555791825056076 0.029631730169057846 0.040697112679481506
v -0.039888110011816025 0.029172228649258614 0.04030473530292511
v -0.038954026997089386 0.02897736243903637 0.039551831781864166
v -0.05262545496225357 0.0007212827913463116 -0.12125259637832642
v -0.05423235893249512 0.01596069149672985 -0.1268995851278305
v -0.04087251424789429 0.011663980782032013 -0.13594792783260345
v -0.043126896023750305 0.027555907145142555 0.03812377154827118
v -0.04307464137673378 0.027861658483743668 0.038114871829748154
v -0.04549714922904968 0.0267435722053051 0.03672927990555763
v -0.04538093879818916 0.026293249800801277 0.03671318665146828
v -0.04297422245144844 0.02709406241774559 0.03795063495635986
v -0.045191146433353424 0.025829188525676727 0.03634794056415558
v -0.039829470217227936 0.028102904558181763 0.03945168852806091
v -0.03995458036661148 0.02846960723400116 0.03953441232442856
v -0.03971455991268158 0.028662918135523796 0.0392809621989727
v -0.04490713030099869 0.0242481492459774 0.030685678124427795
v -0.04398403689265251 0.025752896443009377 0.03159882128238678
v -0.044146064668893814 0.024765001609921455 0.03430406004190445
v -0.044967859983444214 0.023617785423994064 0.03309398889541626
v -0.04511106386780739 0.02353578247129917 0.030004015192389488
v -0.045248858630657196 0.022824469953775406 0.03206486627459526
v -0.045609865337610245 0.024096863344311714 0.027304012328386307
v -0.04478025063872337 0.024929573759436607 0.028069159016013145
v -0.04343612492084503 0.02595437876880169 0.029153944924473763
v -0.04617353528738022 0.023318752646446228 0.02688935585319996
v -0.04674232751131058 0.02244945615530014 0.026741323992609978
v -0.04643113538622856 0.021511327475309372 0.026717575266957283
v -0.04604218900203705 0.020693300291895866 0.027046581730246544
v -0.06506466120481491 -0.014387616887688637 0.021105870604515076
v -0.06472140550613403 -0.001450805924832821 0.02156834304332733
v -0.0674782320857048 -0.00973387062549591 0.01717458665370941
v -0.04546726495027542 0.019145790487527847 0.03365759924054146
v -0.046073924750089645 0.01971038244664669 0.03292061761021614
v -0.04466817528009415 0.019590558484196663 0.03337744250893593
v -0.04495428130030632 0.020019734278321266 0.0328030064702034
v -0.046445850282907486 0.020246464759111404 0.032173726707696915
v -0.047087661921978 0.01958533190190792 0.032246243208646774
v -0.04333219304680824 0.018067846074700356 0.03260670602321625
v -0.04348056763410568 0.0182302575558424 0.03031071275472641
v -0.04481570050120354 0.018734600394964218 0.02925853803753853
v -0.04431087523698807 0.018853330984711647 0.0314834788441658
v -0.042048390954732895 0.017687728628516197 0.033765170723199844
v -0.04149210453033447 0.017851678654551506 0.031253524124622345
v -0.04491991177201271 0.01947399228811264 0.02835952676832676
v -0.045613549649715424 0.02003602869808674 0.02760430984199047
v -0.04451576992869377 0.01950213871896267 0.03073386289179325
v -0.04498595371842384 0.0200305487960577 0.029960978776216507
v -0.04522382467985153 0.020414991304278374 0.03212105855345726
v -0.04567890241742134 0.021397927775979042 0.029332922771573067
v -0.04592496156692505 0.02205354906618595 0.029443318024277687
v -0.045827753841876984 0.020753085613250732 0.031387411057949066
v -0.0461542122066021 0.021470673382282257 0.030717365443706512
v -0.04537688195705414 0.020743291825056076 0.029457760974764824
v -0.04561229050159454 0.02281942218542099 0.02963291108608246
v -0.04586271569132805 0.0221463143825531 0.03128429129719734
v -0.047759056091308594 0.018953364342451096 0.031516607850790024
v -0.04759198799729347 0.02001466602087021 0.03147924318909645
v -0.04845719784498215 0.02083056978881359 0.03074333257973194
v -0.048392582684755325 0.018797803670167923 0.03080529160797596
v -0.04949241504073143 0.018632318824529648 0.029954176396131516
v -0.04912199079990387 0.017255060374736786 0.030112870037555695
v -0.049795638769865036 0.021186664700508118 0.030328236520290375
v -0.051408033818006516 0.02139480784535408 0.02973763644695282
v -0.05075281113386154 0.018390100449323654 0.02918390743434429
v -0.050131965428590775 0.016729403287172318 0.029332565143704414
v -0.04705606400966644 0.020548580214381218 0.03155620023608208
v -0.04726104065775871 0.021168973296880722 0.031142596155405045
v -0.04902159422636032 0.02276206761598587 0.03152724355459213
v -0.04992217943072319 0.02319350279867649 0.031374525278806686
v -0.04794875159859657 0.02217583730816841 0.031621601432561874
v -0.047352854162454605 0.02340884506702423 0.03299089893698692
v -0.04830681532621384 0.023976890370249748 0.033205948770046234
v -0.04873897507786751 0.024550490081310272 0.03341313824057579
v -0.0471310093998909 0.025059714913368225 0.03500210493803024
v -0.04742654412984848 0.02557823620736599 0.03509481996297836
v -0.04648536816239357 0.02458414062857628 0.03462173044681549
v -0.04676739126443863 0.02202875167131424 0.031704049557447433
v -0.04634910821914673 0.022932931780815125 0.03255392611026764
v -0.04568935185670853 0.024022646248340607 0.033908307552337646
v -0.04465911164879799 0.025239408016204834 0.035259172320365906
v -0.04278693348169327 0.026683447882533073 0.037096057087183
v -0.042537882924079895 0.02623405121266842 0.03612278029322624
v -0.03963625058531761 0.027680717408657074 0.038699839264154434
v -0.039675477892160416 0.02742716297507286 0.0377458781003952
v -0.03646111488342285 0.030359942466020584 0.042060911655426025
v -0.04122117534279823 0.030148597434163094 0.041489943861961365
v -0.0396437905728817 0.028298193588852882 0.03446858376264572
v -0.037965644150972366 0.027684714645147324 0.03221352770924568
v -0.035505086183547974 0.02795480750501156 0.03337567672133446
v -0.03617031127214432 0.0291447751224041 0.036091893911361694
v -0.02465936169028282 0.023355115205049515 0.035374224185943604
v -0.02516506239771843 0.024659886956214905 0.03584197163581848
v -0.025126606225967407 0.02533930540084839 0.03406842052936554
v -0.024468837305903435 0.02392895147204399 0.033610664308071136
v -0.023393701761960983 0.022819863632321358 0.03672633692622185
v -0.02460615150630474 0.02430981583893299 0.03732367977499962
v -0.028556425124406815 0.02834947220981121 0.03735696151852608
v -0.0290827713906765 0.02775569260120392 0.03458474576473236
v -0.026328660547733307 0.027004603296518326 0.03448205813765526
v -0.02619147300720215 0.026640813797712326 0.036783404648303986
v -0.02906094305217266 0.027169087901711464 0.03887530416250229
v -0.026427755132317543 0.02578442357480526 0.03815963491797447
v -0.03575504198670387 0.028190147131681442 0.03905027359724045
v -0.02245471440255642 0.07481487840414047 -0.14702828228473663
v -0.022065402939915657 0.05861983075737953 -0.15010575950145721
v -0.042136043310165405 0.06067495420575142 -0.14134646952152252
v -0.04206414148211479 0.0748615637421608 -0.13880573213100433
v -0.0426580086350441 0.02722378633916378 0.03278810903429985
v -0.041028689593076706 0.026973236352205276 0.03074725903570652
v -0.05273829773068428 0.07624983787536621 -0.13110175728797913
v -0.05175042897462845 0.08541630208492279 -0.12813548743724823
v -0.042383529245853424 0.08707039058208466 -0.13365308940410614
v -0.03504517674446106 -0.06206337735056877 -0.09714046865701675
v -0.024916140362620354 -0.07286696135997772 -0.10429272055625916
v -0.022821880877017975 0.022371437400579453 0.03800887241959572
v -0.024299852550029755 0.023787397891283035 0.038546159863471985
v -0.021769527345895767 0.021355362609028816 0.03755040466785431
v -0.02052389271557331 0.02092057280242443 0.03789036348462105
v -0.02141919732093811 0.022129911929368973 0.038328398019075394
v -0.023048121482133865 0.023866208270192146 0.03894313797354698
v -0.02608722820878029 0.02553245611488819 0.03927482292056084
v -0.02521248534321785 0.02585364691913128 0.03972350433468819
v -0.02839445322751999 0.027757860720157623 0.04042006656527519
v -0.028720438480377197 0.02715183049440384 0.03980107977986336
v -0.03589002043008804 0.02803364396095276 0.04015054181218147
v -0.035769760608673096 0.028583938255906105 0.04044681042432785
v -0.02769552543759346 0.027868498116731644 0.04040996730327606
v -0.02435096725821495 0.026073381304740906 0.039602529257535934
v -0.027095938101410866 0.0280388705432415 0.04003114625811577
v -0.02425266243517399 0.026752404868602753 0.03932281956076622
v -0.035203102976083755 0.02926151640713215 0.04012277349829674
v -0.035783033818006516 0.029038574546575546 0.04026320204138756
v -0.02397460862994194 0.018646767362952232 0.03864704445004463
v -0.021157272160053253 0.019121356308460236 0.03811114653944969
v -0.024395033717155457 0.01917717419564724 0.0378197506070137
v -0.022284891456365585 0.019793594256043434 0.03747399523854256
v -0.025494663044810295 0.019520534202456474 0.036795977503061295
v -0.021470606327056885 0.020100658759474754 0.03743337467312813
v -0.020358603447675705 0.01962078921496868 0.037898190319538116
v -0.025980068370699883 0.02010652981698513 0.0351736843585968
v -0.02038777619600296 0.022008128464221954 0.03796914219856262
v -0.01947173662483692 0.020590223371982574 0.037763964384794235
v -0.01932605355978012 0.02219909429550171 0.03787396475672722
v -0.018222633749246597 0.020401131361722946 0.037724584341049194
v -0.021508947014808655 0.02484377659857273 0.03853952884674072
v -0.021933255717158318 0.023926028981804848 0.038700468838214874
v -0.019433218985795975 0.019189005717635155 0.037940893322229385
v -0.02037421427667141 0.018536295741796494 0.03820623457431793
v -0.01844712160527706 0.018826115876436234 0.03786861151456833
v -0.019526228308677673 0.018028277903795242 0.038149237632751465
v -0.026709379628300667 0.015949884429574013 0.039560288190841675
v -0.026598982512950897 0.014949863776564598 0.039503395557403564
v -0.022968173027038574 0.017141425982117653 0.03892327472567558
v -0.022356411442160606 0.016403235495090485 0.0389026403427124
v -0.034830350428819656 0.011947300285100937 0.03877731040120125
v -0.038440026342868805 0.012003202922642231 0.037716496735811234
v -0.03430835157632828 0.010510990396142006 0.03874515742063522
v -0.037980593740940094 0.010278534144163132 0.03775651007890701
v -0.029629983007907867 0.011250684037804604 0.039463188499212265
v -0.030202750116586685 0.012582177296280861 0.03943677619099617
v -0.030469605699181557 -0.11647359281778336 -0.032535865902900696
v -0.04939110577106476 0.013589373789727688 0.030423808842897415
v -0.05119263008236885 0.01145121268928051 0.030013080686330795
v -0.049246661365032196 0.010980966500937939 0.031572628766298294
v -0.047877926379442215 0.013205361552536488 0.031754590570926666
v -0.04619310796260834 0.012965410947799683 0.03314732387661934
v -0.047076404094696045 0.010911284945905209 0.033112913370132446
v -0.04452774301171303 0.010771160013973713 0.03472784534096718
v -0.04420000687241554 0.012807575054466724 0.034674979746341705
v -0.04205763712525368 0.012261729687452316 0.03621193394064903
v -0.041509028524160385 0.01043915655463934 0.036293771117925644
v -0.05267123505473137 0.01773632876574993 0.02793639339506626
v -0.05409218743443489 0.021163515746593475 0.027843620628118515
v -0.055251311510801315 0.016907423734664917 0.026108862832188606
v -0.05660388991236687 0.02071087434887886 0.025606999173760414
v -0.017745373770594597 0.02237805910408497 0.03836805373430252
v -0.0169382207095623 0.020566614344716072 0.03795552998781204
v -0.015474467538297176 0.023155134171247482 0.03958072513341904
v -0.015021895058453083 0.020735858008265495 0.03888292238116264
v -0.01670537143945694 0.026528580114245415 0.04122672602534294
v -0.019397199153900146 0.025556975975632668 0.03951939940452576
v -0.017481040209531784 0.018440427258610725 0.037821922451257706
v -0.018628539517521858 0.017382387071847916 0.038084227591753006
v -0.016029562801122665 0.01799548789858818 0.038325123488903046
v -0.0175541453063488 0.016550486907362938 0.03838133066892624
v -0.0258073378354311 0.013888448476791382 0.03942764550447464
v -0.025152290239930153 0.012589980848133564 0.039506781846284866
v -0.02163321152329445 0.015519438311457634 0.03880618140101433
v -0.02076132781803608 0.014406687580049038 0.039034709334373474
v -0.050648946315050125 -0.010632644407451153 -0.11595579981803894
v -0.05530732870101929 0.03228382766246796 -0.13004890084266663
v -0.04923345148563385 0.03514120355248451 0.039264976978302
v -0.04700648784637451 0.03195979446172714 0.04004785791039467
v -0.04281094670295715 0.0326322540640831 0.04241508990526199
v -0.044552240520715714 0.036582160741090775 0.04261396452784538
v -0.051435165107250214 0.0402316115796566 0.03647445887327194
v -0.0546153225004673 0.03595259040594101 0.03309623897075653
v -0.05261209234595299 0.03255733475089073 0.03566429018974304
v -0.05010255426168442 0.030312849208712578 0.037220072001218796
v -0.05472370982170105 0.024241385981440544 0.028934774920344353
v -0.052762288600206375 0.02408294752240181 0.030533945187926292
v -0.05267578735947609 0.026189440861344337 0.03233049437403679
v -0.054522473365068436 0.026619454845786095 0.030739251524209976
v -0.05689810961484909 0.0241867583245039 0.026660487055778503
v -0.0568397231400013 0.02743295021355152 0.028470220044255257
v -0.053771454840898514 0.029068388044834137 0.032995808869600296
v -0.05181805044412613 0.028187265619635582 0.03459593653678894
v -0.05597048997879028 0.031196461990475655 0.030991556122899055
v -0.026294946670532227 0.03212442994117737 0.044101182371377945
v -0.026647556573152542 0.03029482252895832 0.04187470301985741
v -0.023066915571689606 0.028153618797659874 0.04023154079914093
v -0.02143123373389244 0.0291434396058321 0.04189503565430641
v -0.02345883846282959 0.03327886387705803 0.04533187299966812
v -0.018832270056009293 0.029838846996426582 0.04331883415579796
v -0.03850936517119408 0.03708825260400772 0.04514508694410324
v -0.037462081760168076 0.03259842470288277 0.043895572423934937
v -0.027137473225593567 0.028384974226355553 0.03987354040145874
v -0.024758439511060715 0.027219193056225777 0.03944699838757515
v -0.026748646050691605 0.02864019013941288 0.04002320393919945
v -0.024272050708532333 0.02735207788646221 0.03940683230757713
v -0.06053759157657623 0.09740392118692398 -0.1098317876458168
v -0.06320419162511826 0.10378451645374298 -0.09713061898946762
v -0.045767273753881454 0.11464047431945801 -0.10354499518871307
v -0.044714249670505524 0.10658413171768188 -0.11612965166568756
v -0.042783815413713455 0.028081433847546577 0.03833410516381264
v -0.04355471208691597 0.028310202062129974 0.03918551653623581
v -0.04640137031674385 0.027399364858865738 0.03739950433373451
v -0.045447975397109985 0.027079816907644272 0.0370001420378685
v -0.047563586384058 0.026055438444018364 0.03543388471007347
v -0.048581890761852264 0.026341548189520836 0.03544815629720688
v -0.05013924464583397 0.025267791002988815 0.033477965742349625
v -0.04903821274638176 0.025033412501215935 0.03371186554431915
v -0.049910273402929306 0.024284889921545982 0.03236949071288109
v -0.050890471786260605 0.02390362322330475 0.031689032912254333
v -0.0245108213275671 0.028211578726768494 0.0399920716881752
v -0.027233637869358063 0.02927311882376671 0.04056673124432564
v -0.054210174828767776 0.06368100643157959 -0.13236351311206818
v -0.04729923978447914 0.08324862271547318 0.029031479731202126
v -0.054707493633031845 0.07896758615970612 0.02200043946504593
v -0.052145324647426605 0.0728118047118187 0.027783339843153954
v -0.04499445855617523 0.02956119365990162 0.03987813740968704
v -0.04801519215106964 0.02852826938033104 0.03760755434632301
v -0.05005677044391632 0.02716907486319542 0.0353560671210289
v -0.05124445632100105 0.025922361761331558 0.03345968574285507
v -0.05164667218923569 0.024766134098172188 0.032062772661447525
v -0.07549222558736801 -0.015197565779089928 -0.039551351219415665
v -0.07609723508358002 -0.015226799994707108 -0.0413844920694828
v -0.08484075963497162 -0.005147220101207495 -0.06607969105243683
v -0.0828351303935051 0.0016401016619056463 -0.06552416831254959
v -0.08164980262517929 0.005301265977323055 -0.06481035053730011
v -0.08288940787315369 0.013992064632475376 -0.051450666040182114
v -0.08711829036474228 0.016829809173941612 -0.054432790726423264
v -0.08749644458293915 -0.02519560605287552 -0.06141416355967522
v -0.08405685424804688 -0.026750938966870308 -0.05756576359272003
v -0.08759910613298416 -0.02405565418303013 -0.06193814426660538
v -0.09484689682722092 0.012829316779971123 -0.0655328631401062
v -0.09531742334365845 0.011104417964816093 -0.06705186516046524
v -0.09622621536254883 0.010963508859276772 -0.06701420247554779
v -0.04271138086915016 -0.03244645521044731 -0.10481584817171097
v -0.04773685336112976 -0.01976829022169113 -0.1114247590303421
v -0.09600463509559631 0.008916450664401054 -0.06865601986646652
v -0.07849059253931046 -0.010420207865536213 -0.043764423578977585
v -0.08625371009111404 -0.005968926474452019 -0.06641635298728943
v -0.08819542825222015 -0.006950191222131252 -0.06840784847736359
v -0.08843371272087097 -0.01251837145537138 -0.06925684213638306
v -0.08781829476356506 -0.011609398759901524 -0.06773638725280762
v -0.08723603934049606 -0.017458930611610413 -0.06746701151132584
v -0.08680883795022964 -0.016088450327515602 -0.06628198176622391
v -0.08971188962459564 -0.021324001252651215 -0.06442570686340332
v -0.09230659902095795 -0.017887083813548088 -0.06631825119256973
v -0.08846095204353333 0.0172255989164114 -0.055465031415224075
v -0.0875275731086731 0.016368376091122627 -0.05371415615081787
v -0.08930715918540955 0.0169559083878994 -0.05564429983496666
v -0.07900789380073547 -0.011723967269062996 -0.0452263243496418
v -0.08093275129795074 0.01243146788328886 -0.05133984610438347
v -0.08044441789388657 0.01035214215517044 -0.05000434070825577
v -0.07996030151844025 0.010585278272628784 -0.0506303533911705
v -0.0750148594379425 -0.0069849491119384766 -0.04982726275920868
v -0.07512078434228897 -0.0060017891228199005 -0.04992273449897766
v -0.07608451694250107 -0.00825258158147335 -0.04912639409303665
v -0.07874566316604614 -0.009758003056049347 -0.04780390113592148
v -0.07190383970737457 -0.017768587917089462 -0.047951411455869675
v -0.07100304961204529 -0.019418109208345413 -0.05048106983304024
v -0.07151150703430176 -0.020368775352835655 -0.04963042214512825
v -0.09132038801908493 0.024351028725504875 -0.05935308337211609
v -0.08059094101190567 0.009409063495695591 -0.049752410501241684
v -0.08204369992017746 0.010522117838263512 -0.0497305803000927
v -0.08246458321809769 0.011660893447697163 -0.04997117444872856
v -0.09024050086736679 0.016771022230386734 -0.055814795196056366
v -0.08259323984384537 0.012500932440161705 -0.050366345793008804
v -0.08186296373605728 0.01239851489663124 -0.05032699555158615
v -0.08362146466970444 0.013830110430717468 -0.051255423575639725
v -0.08124325424432755 0.012208758853375912 -0.05068590119481087
v -0.07891181856393814 -0.014293920248746872 -0.06245356425642967
v -0.07728961855173111 -0.014920069836080074 -0.06063435226678848
v -0.07760659605264664 0.006929431576281786 -0.039431873708963394
v -0.07823405414819717 0.0043726046569645405 -0.04248648136854172
v -0.0827169269323349 -0.0274338461458683 -0.055489324033260345
v -0.08170990645885468 0.01363908126950264 -0.0612010732293129
v -0.08185778558254242 0.016173958778381348 -0.062482237815856934
v -0.09367148578166962 -0.01306560542434454 -0.06817736476659775
v -0.0853477194905281 -0.01828090101480484 -0.05820944160223007
v -0.08302510529756546 -0.01912018656730652 -0.05641723424196243
v -0.08741921931505203 -0.017087364569306374 -0.05977194011211395
v -0.08919533342123032 -0.01452750526368618 -0.061223264783620834
v -0.07600347697734833 0.00290030799806118 -0.05620534345507622
v -0.08820252865552902 0.005721971392631531 -0.06002698466181755
v -0.08897635340690613 0.0034878156147897243 -0.06148986890912056
v -0.0865248441696167 0.005867169238626957 -0.05828635394573212
v -0.08357354253530502 0.020003529265522957 -0.06026360020041466
v -0.08310927450656891 0.01996787264943123 -0.057753197848796844
v -0.08387754112482071 0.013979042880237103 -0.05849205330014229
v -0.08221970498561859 0.01822035200893879 -0.057208456099033356
v -0.07409830391407013 -0.014174493961036205 -0.04835448041558266
v -0.07342081516981125 -0.020771004259586334 -0.052215319126844406
v -0.0723893940448761 -0.01871928758919239 -0.052911531180143356
v -0.07454396039247513 -0.020832832902669907 -0.05324644222855568
v -0.07388727366924286 -0.020137209445238113 -0.054662782698869705
v -0.07457877695560455 -0.018696414306759834 -0.056501153856515884
v -0.07555462419986725 -0.016717219725251198 -0.05787049978971481
v -0.0754622220993042 -0.0139060253277421 -0.05854855105280876
v -0.0739029198884964 -0.009974195621907711 -0.049282945692539215
v -0.08301341533660889 0.019396789371967316 -0.046417586505413055
v -0.07329922169446945 -0.011889168061316013 -0.04904627427458763
v -0.07526956498622894 -0.008314009755849838 -0.04943988099694252
v -0.07538724690675735 -0.010064546950161457 -0.04890846088528633
v -0.07506359368562698 -0.012092988938093185 -0.04848281666636467
v -0.07943589240312576 -0.021887080743908882 -0.04985806345939636
v -0.08045011013746262 -0.020400233566761017 -0.05245976895093918
v -0.07792358100414276 -0.021034587174654007 -0.04905756190419197
v -0.08150399476289749 -0.01976608857512474 -0.05461246520280838
v -0.07664891332387924 -0.020524853840470314 -0.04855123907327652
v -0.08167826384305954 0.015071699395775795 -0.05942607298493385
v -0.08210840821266174 0.01828538253903389 -0.059400323778390884
v -0.07596161961555481 -0.011618074029684067 -0.03716684505343437
v -0.06931700557470322 -0.0028816252015531063 0.012746539898216724
v -0.0704212412238121 0.007785536348819733 0.00818424578756094
v -0.025133328512310982 -0.06676682829856873 0.013536723330616951
v -0.02387950010597706 -0.0706157460808754 0.01230035349726677
v -0.06166788190603256 -0.018137764185667038 0.025222212076187134
v -0.05635777860879898 -0.021666841581463814 0.030271271243691444
v -0.02526250295341015 -0.0608556903898716 0.028727348893880844
v -0.024455085396766663 -0.06334106624126434 0.02827536314725876
v -0.023527640849351883 -0.06318102777004242 0.028424572199583054
v -0.02447153441607952 -0.06158380210399628 0.02862960658967495
v -0.02199837937951088 -0.06443260610103607 0.023600587621331215
v -0.022789815440773964 -0.06254886090755463 0.024082455784082413
v -0.022911375388503075 -0.06253992021083832 0.025569792836904526
v -0.02217346429824829 -0.06410111486911774 0.025671474635601044
v -0.03021649643778801 -0.03755132853984833 0.03826179355382919
v -0.03462144359946251 -0.033309996128082275 0.03887176141142845
v -0.03643626347184181 -0.03934035450220108 0.03580588474869728
v -0.03252191096544266 -0.0432678759098053 0.03524884209036827
v -0.024939535185694695 -0.06131257861852646 0.017923329025506973
v -0.02454342693090439 -0.05877313390374184 0.019366074353456497
v -0.023148266598582268 -0.05915944278240204 0.02294090948998928
v -0.023970292881131172 -0.06101291626691818 0.021622324362397194
v -0.02464098297059536 -0.06549248844385147 0.016513638198375702
v -0.023889413103461266 -0.06353777647018433 0.020578399300575256
v -0.025929108262062073 -0.06160779297351837 0.015362405218183994
v -0.025333547964692116 -0.05837157741189003 0.017215313389897346
v -0.03440868481993675 -0.06707428395748138 0.023091958835721016
v -0.030632195994257927 -0.06512574851512909 0.025245167315006256
v -0.031344641000032425 -0.060226019471883774 0.027301857247948647
v -0.03481036797165871 -0.060779035091400146 0.025839295238256454
v -0.02722056396305561 -0.023208623751997948 0.04267778620123863
v -0.0311717689037323 -0.02804018184542656 0.04112912714481354
v -0.027737202122807503 -0.03200705721974373 0.040307771414518356
v -0.02425774186849594 -0.026785172522068024 0.041790734976530075
v -0.020865632221102715 -0.021702546626329422 0.04373694583773613
v -0.023628806695342064 -0.018608450889587402 0.04374435544013977
v -0.01868455857038498 -0.013661671429872513 0.04779810458421707
v -0.018928635865449905 -0.017023414373397827 0.04862423613667488
v -0.01808876357972622 -0.017771869897842407 0.0517551451921463
v -0.018309829756617546 -0.015420415438711643 0.05068391188979149
v -0.01616647094488144 -0.021207235753536224 0.049723248928785324
v -0.018933089450001717 -0.019249407574534416 0.04763604328036308
v -0.012552081607282162 -0.02260800451040268 0.04921794682741165
v -0.011839880608022213 -0.021964499726891518 0.05011379346251488
v -0.016610162332654 -0.0219221543520689 0.0478251650929451
v -0.017273446545004845 -0.02304161712527275 0.04592398181557655
v -0.013213108293712139 -0.02342691272497177 0.04801289364695549
v -0.01063535362482071 -0.021082084625959396 0.05088184028863907
v -0.013326361775398254 -0.020859602838754654 0.05150652676820755
v -0.015040136873722076 -0.01930426061153412 0.05345183238387108
v -0.004009873606264591 -0.02046075463294983 0.0588732585310936
v -0.0055197495967149734 -0.019190939143300056 0.0607239231467247
v -0.009057262912392616 0.010613528080284595 0.04880977421998978
v -0.012461570091545582 0.007264148443937302 0.04645272716879845
v -0.009054059162735939 0.007554603740572929 0.050764065235853195
v -0.012266896665096283 0.004908370319753885 0.04823746159672737
v -0.013681059703230858 -0.01752949319779873 0.05686061456799507
v -0.0158083438873291 -0.015709729865193367 0.05572556331753731
v -0.011335913091897964 -0.01647278480231762 0.05985385924577713
v -0.012523715384304523 -0.013893365859985352 0.05984644591808319
v -0.003077889559790492 0.026206182315945625 0.05081551522016525
v -0.001872717053629458 -0.023328954353928566 0.05435773730278015
v -0.0022360854782164097 -0.02418399788439274 0.053560879081487656
v -0.0012637667823582888 -0.022732118144631386 0.05637076497077942
v -0.023086650297045708 0.09881889820098877 -0.13466806709766388
v -0.02351374365389347 0.1117050051689148 -0.12326791137456894
v -0.022905198857188225 0.12669451534748077 -0.09938687086105347
v -0.020487403497099876 0.13200926780700684 -0.08663160353899002
v -0.005701852031052113 -0.04152783751487732 0.05428510531783104
v -0.005688442382961512 -0.03849773854017258 0.054492294788360596
v -0.012446587905287743 -0.04393317550420761 0.0359305702149868
v -0.006558068096637726 -0.04277125373482704 0.03795016184449196
v -0.006023915018886328 -0.04608537256717682 0.040732696652412415
v -0.011368289589881897 -0.0471126064658165 0.03848819062113762
v -0.015692023560404778 -0.04906916618347168 0.035186249762773514
v -0.01650386117398739 -0.046352751553058624 0.032589059323072433
v -0.013718707486987114 -0.04123589023947716 0.034729909151792526
v -0.007851441390812397 -0.0398901104927063 0.03704920783638954
v -0.01137149054557085 -0.0492229200899601 0.04152360558509827
v -0.006085533183068037 -0.04837480187416077 0.044301215559244156
v -0.006147974636405706 -0.0467580184340477 0.04820459336042404
v -0.011615664698183537 -0.048049528151750565 0.044773004949092865
v -0.01971793919801712 -0.027159541845321655 0.04396089166402817
v -0.015247928909957409 -0.026248179376125336 0.04650861397385597
v -0.01075994223356247 -0.02624264545738697 0.049251943826675415
v -0.006903781555593014 -0.026446519419550896 0.05136329308152199
v -0.006170742213726044 -0.02466634288430214 0.05185028910636902
v -0.009456044062972069 -0.02405528537929058 0.05007262900471687
v -0.0056192283518612385 -0.023778250440955162 0.05232943594455719
v -0.008861844427883625 -0.023261353373527527 0.050745025277137756
v -0.008247236721217632 -0.02251569926738739 0.051305726170539856
v -0.008714629337191582 -0.02102273516356945 0.05182816460728645
v -0.006743473932147026 -0.02113991789519787 0.052931543439626694
v -0.007278713863343 -0.01978388801217079 0.05261007323861122
v -0.005134818609803915 -0.022795317694544792 0.05278651416301727
v -0.0033065315801650286 0.0012686197878792882 0.060261186212301254
v -0.0028296890668570995 0.004869939759373665 0.058346960693597794
v -0.010977532714605331 -0.0374196320772171 0.05226866528391838
v -0.005669040139764547 -0.03601907938718796 0.05376102030277252
v -0.004289685282856226 -0.03119763173162937 0.05263862758874893
v -0.009138098917901516 -0.03172217309474945 0.05142742022871971
v -0.014445586130023003 -0.03312541916966438 0.04908838868141174
v -0.01640862412750721 -0.040265243500471115 0.04908975958824158
v -0.0026750019751489162 -0.025040971115231514 0.053003210574388504
v -0.011304061859846115 -0.04032018780708313 0.05232850834727287
v -0.011384761892259121 -0.043305423110723495 0.05106412619352341
v -0.016669118776917458 -0.04336809739470482 0.04846632108092308
v -0.016540206968784332 -0.04606804624199867 0.04676181450486183
v -0.020911233499646187 -0.04413510859012604 0.044395435601472855
v -0.019911248236894608 -0.03589601442217827 0.045657917857170105
v -0.025086605921387672 -0.03929336369037628 0.04081903025507927
v -0.02402488887310028 -0.048574306070804596 0.03907887637615204
v -0.030692167580127716 -0.055931054055690765 0.03002219647169113
v -0.02658805251121521 -0.06057378277182579 0.028547177091240883
v -0.02666080743074417 -0.05837171524763107 0.029787136241793633
v -0.026293784379959106 -0.055811360478401184 0.03179295361042023
v -0.03003600984811783 -0.05145051330327988 0.03283090144395828
v -0.0339222252368927 -0.054700739681720734 0.029418112710118294
v -0.03340590372681618 -0.0488998182117939 0.03233029693365097
v -0.028470879420638084 -0.04564560204744339 0.03614119440317154
v -0.02553802914917469 -0.052398115396499634 0.03491443023085594
v -0.02532500959932804 -0.05842875689268112 0.030032362788915634
v -0.02451564557850361 -0.05971790477633476 0.02936519868671894
v -0.025056224316358566 -0.05645356327295303 0.031749386340379715
v -0.02424403838813305 -0.057643674314022064 0.030970124527812004
v -0.0244291964918375 -0.054292161017656326 0.034104570746421814
v -0.023627666756510735 -0.05558045580983162 0.03304315358400345
v -0.022495517507195473 -0.053106825798749924 0.03608744218945503
v -0.023302482441067696 -0.05121931806206703 0.037717774510383606
v -0.022015100345015526 -0.05747793987393379 0.028134608641266823
v -0.020876064896583557 -0.05546359717845917 0.030569259077310562
v -0.021105138584971428 -0.05506589636206627 0.03273894265294075
v -0.022310873493552208 -0.05708900839090347 0.030308423563838005
v -0.022536566480994225 -0.059411656111478806 0.026156414300203323
v -0.022871093824505806 -0.059035833925008774 0.028400175273418427
v -0.022103536874055862 -0.05690044164657593 0.02522416040301323
v -0.020308861508965492 -0.05446118861436844 0.028346454724669456
v -0.02334689348936081 -0.06126619502902031 0.02405766025185585
v -0.023294931277632713 -0.06100451201200485 0.025925105437636375
v -0.02347428910434246 -0.061319127678871155 0.028222838416695595
v -0.023424748331308365 -0.05861138552427292 0.029815414920449257
v -0.0228444691747427 -0.0565059520304203 0.03178087994456291
v -0.02167651616036892 -0.05434895306825638 0.03428922966122627
v -0.01605936884880066 -0.04818024858832359 0.044217780232429504
v -0.019936997443437576 -0.04932928830385208 0.041660916060209274
v -0.019313132390379906 -0.05113847553730011 0.03919905796647072
v -0.015560949221253395 -0.050062764436006546 0.04099293425679207
v -0.01869729533791542 -0.05239391326904297 0.03674685209989548
v -0.017520135268568993 -0.043927956372499466 0.03172029182314873
v -0.015206008218228817 -0.050808824598789215 0.03829776495695114
v -0.019556157290935516 -0.049540381878614426 0.028911512345075607
v -0.020694734528660774 -0.04753880575299263 0.027225645259022713
v -0.018386954441666603 -0.0517413467168808 0.03151954337954521
v -0.023708218708634377 -0.05597669631242752 0.02141738310456276
v -0.021589046344161034 -0.052910856902599335 0.025425514206290245
v -0.02480464242398739 -0.05550992861390114 0.019506355747580528
v -0.022731581702828407 -0.05140369385480881 0.023852087557315826
v -0.01840389147400856 -0.05320192128419876 0.034106940031051636
v -0.02054010145366192 -0.04707491397857666 0.04340751841664314
v -0.011421501636505127 -0.045819222927093506 0.04818933829665184
v -0.006013081409037113 -0.04429822787642479 0.05151330679655075
v -0.003556066658347845 -0.00631663529202342 0.06538747251033783
v -0.003707784228026867 -0.002409891923889518 0.06285125017166138
v -0.02271966263651848 -0.06366000324487686 0.027690540999174118
v -0.009706784971058369 -0.12456798553466797 -0.024518832564353943
v -0.025855131447315216 -0.06354698538780212 0.02797209843993187
v -0.023642027750611305 -0.06856611371040344 0.014974978752434254
v -0.023066161200404167 -0.06628277897834778 0.019388936460018158
v -0.032069627195596695 -0.07488204538822174 0.02126903645694256
v -0.027866551652550697 -0.08130926638841629 0.02172982506453991
v -0.02586871013045311 -0.07750464230775833 0.024378450587391853
v -0.02930990420281887 -0.07160209119319916 0.02362767979502678
v -0.022669529542326927 -0.0727144181728363 0.02863987535238266
v -0.02463359199464321 -0.06712919473648071 0.028019484132528305
v -0.02329413965344429 -0.06685922294855118 0.028826754540205002
v -0.02137237973511219 -0.07123718410730362 0.030006902292370796
v -0.020127618685364723 -0.06988725811243057 0.03053363598883152
v -0.02215837873518467 -0.06633711606264114 0.028983280062675476
v -0.017297042533755302 -0.06904523819684982 0.02544766291975975
v -0.012592638842761517 -0.07080457359552383 0.027046959847211838
v -0.012814675457775593 -0.07191100716590881 0.022237109020352364
v -0.017597461119294167 -0.07048249989748001 0.020627127960324287
v -0.020961806178092957 -0.06838423758745193 0.019455373287200928
v -0.020628582686185837 -0.06643617898225784 0.023716986179351807
v -0.018368348479270935 -0.06913076341152191 0.028205521404743195
v -0.02080916240811348 -0.06672659516334534 0.026039879769086838
v -0.013911806978285313 -0.07089248299598694 0.029997652396559715
v -0.01926732249557972 -0.12137352675199509 -0.028208021074533463
v -0.02153697796165943 -0.06619246304035187 0.027986548840999603
v -0.019102105870842934 -0.06899597495794296 0.029621697962284088
v -0.015166104771196842 -0.0716681033372879 0.032111912965774536
v -0.016541922464966774 -0.07340122014284134 0.0332912914454937
v -0.017723262310028076 -0.07548630237579346 0.03313833847641945
v -0.018787270411849022 -0.07813113927841187 0.031371090561151505
v -0.021443622186779976 -0.0839867889881134 0.025514516979455948
v -0.02243250235915184 -0.08849059790372849 0.023151760920882225
v -0.014758179895579815 -0.08854083716869354 0.02806953713297844
v -0.015486354939639568 -0.09356501698493958 0.026050705462694168
v -0.013419017195701599 -0.08168600499629974 0.034414973109960556
v -0.012769200839102268 -0.07826200872659683 0.03637218475341797
v -0.011810190975666046 -0.07578467577695847 0.03598131984472275
v -0.010619567707180977 -0.07375229150056839 0.034208349883556366
v -0.003431884106248617 -0.026542633771896362 0.05246182158589363
v -0.005261625628918409 -0.02105056867003441 0.054187335073947906
v -0.004018208011984825 -0.02112201415002346 0.05644717067480087
v -0.007218251936137676 -0.01797606237232685 0.061520323157310486
v -0.001254528877325356 -0.022044356912374496 0.058599140495061874
v -0.009625322185456753 -0.016282279044389725 0.061459943652153015
v -0.008053946308791637 -0.016855617985129356 0.06270735710859299
v -0.00877199973911047 -0.015009071677923203 0.06354519724845886
v -0.010012421756982803 -0.014515320770442486 0.06238314509391785
v -0.0063065653666853905 -0.017319150269031525 0.0638384222984314
v -0.007412177976220846 -0.014965314418077469 0.06458915770053864
v -0.001980892149731517 -0.018303198739886284 0.06539336591959
v -0.002525587333366275 -0.014836009591817856 0.06715285778045654
v -0.0031887516379356384 -0.009727011434733868 0.0669139176607132
v -0.0027578137814998627 -0.01276019960641861 0.06742389500141144
v -0.008471648208796978 -0.01331582572311163 0.06416941434144974
v -0.009661939926445484 -0.011567343026399612 0.06309247016906738
v -0.010327417403459549 -0.009122569113969803 0.06083456799387932
v -0.013151921331882477 -0.011276373639702797 0.057668861001729965
v -0.011308331042528152 0.13934849202632904 -0.04170098900794983
v -0.009369969367980957 -0.0725548267364502 0.031850866973400116
v -0.008094212040305138 -0.07210981845855713 0.028636546805500984
v -0.014115899801254272 -0.07689255475997925 0.014699448831379414
v -0.0134297339245677 -0.07501780986785889 0.01729806885123253
v -0.008945950306952 -0.07584911584854126 0.01829948090016842
v -0.009892335161566734 -0.07796148210763931 0.015516981482505798
v -0.003841590601950884 -0.07253389805555344 0.029537944123148918
v -0.004111515358090401 -0.0734720230102539 0.024627480655908585
v -0.00840409379452467 -0.07274294644594193 0.023480771109461784
v -0.004578727297484875 -0.07311854511499405 0.032816652208566666
v -0.005325871054083109 -0.07470288872718811 0.03515572100877762
v -0.006210146471858025 -0.07696206867694855 0.037360336631536484
v -0.004330818075686693 -0.07657326757907867 0.01898542232811451
v -0.005355076864361763 -0.07849135249853134 0.016062693670392036
v -0.02184104733169079 -0.07137174904346466 0.014849522151052952
v -0.022326432168483734 -0.07340121269226074 0.012463106773793697
v -0.018105678260326385 -0.07367998361587524 0.01612318679690361
v -0.01883602701127529 -0.07573623955249786 0.013864978216588497
v -0.008258220739662647 -0.0951656773686409 0.028585383668541908
v -0.007476049941033125 -0.09047476947307587 0.030034851282835007
v -0.007100500166416168 -0.07951762527227402 0.03782691806554794
v -0.007249352056533098 -0.0833163633942604 0.0364532433450222
v -0.023517489433288574 0.12038581073284149 -0.11210596561431885
v -0.06686811149120331 0.08471298962831497 -0.002713203663006425
v -0.06586983799934387 0.07646218687295914 0.004916904494166374
v -0.058013271540403366 0.08530253916978836 0.013678368180990219
v -0.06011273339390755 0.09095235168933868 0.005603158380836248
v -0.06785856932401657 0.09193316102027893 -0.011192837730050087
v -0.06075640767812729 0.0977894738316536 -0.0025916968006640673
v -0.042165230959653854 0.1296222060918808 -0.061959557235240936
v -0.04297327995300293 0.1295776516199112 -0.047304052859544754
v -0.023091336712241173 0.13652880489826202 -0.04288158938288689
v -0.03666376695036888 0.12910348176956177 -0.0764041468501091
v -0.04940710961818695 0.11974651366472244 -0.08597348630428314
v -0.05219433829188347 0.12314212322235107 -0.06616492569446564
v -0.05230690911412239 0.123872771859169 -0.05037255212664604
v -0.02468489482998848 -0.08804047852754593 -0.10654928535223007
v -0.0552348792552948 0.0456489697098732 -0.13156001269817352
v -0.05108950659632683 0.1233658641576767 -0.036213718354701996
v -0.04245943948626518 0.1282157450914383 -0.03316418454051018
v -0.042033031582832336 0.12544752657413483 -0.02042313851416111
v -0.04991483688354492 0.12145298719406128 -0.02420191466808319
v -0.02281603030860424 0.13461118936538696 -0.02814173698425293
v -0.010994063690304756 0.13714945316314697 -0.026138413697481155
v -0.020268598571419716 0.007791705895215273 -0.14349834620952606
v -0.0027049905620515347 0.008405645377933979 0.056244343519210815
v -0.04685093089938164 -0.04906272515654564 -0.08825686573982239
v -0.05607014521956444 -0.04941858723759651 -0.07099669426679611
v -0.05373925715684891 -0.10158573091030121 -0.057078275829553604
v -0.07297524064779282 -0.02855226770043373 -0.05472487956285477
v -0.07266417890787125 -0.027978723868727684 -0.05554672330617905
v -0.05840718746185303 -0.06435278058052063 -0.0555633120238781
v -0.060937028378248215 -0.05046776309609413 -0.05541936308145523
v -0.03809644654393196 -0.04784577339887619 -0.09985154122114182
v -0.08319731801748276 -0.017133008688688278 -0.06482599675655365
v -0.08422666788101196 -0.01344454474747181 -0.06598770618438721
v -0.0845281109213829 -0.018194254487752914 -0.06460968405008316
v -0.08577036112546921 -0.01426115445792675 -0.06588628888130188
v -0.08617401123046875 -0.010207829996943474 -0.06645893305540085
v -0.08519436419010162 -0.020363666117191315 -0.06435061246156693
v -0.08346550911664963 0.01995607279241085 -0.05438068509101868
v -0.0844075158238411 0.0215294249355793 -0.053628113120794296
v -0.07254741340875626 -0.03076108731329441 -0.05098133161664009
v -0.07232073694467545 -0.029907874763011932 -0.05248688533902168
v -0.07190676033496857 -0.030184192582964897 -0.051459141075611115
v -0.07174301147460938 -0.030887719243764877 -0.05041375011205673
v -0.07231579720973969 -0.03181692212820053 -0.04964284598827362
v -0.071755550801754 -0.03150026500225067 -0.04932430014014244
v -0.08335761725902557 0.03815057873725891 -0.04649067670106888
v -0.06993069499731064 -0.030321544036269188 -0.05173659697175026
v -0.07190600037574768 -0.02824716456234455 -0.054690077900886536
v -0.07207830995321274 -0.02932587079703808 -0.05347173660993576
v -0.0710056871175766 -0.030010895803570747 -0.052116356790065765
v -0.07068592309951782 -0.031034303829073906 -0.05017382651567459
v -0.07080025225877762 -0.032083798199892044 -0.04868759587407112
v -0.0720672681927681 -0.03304307162761688 -0.04854688048362732
v -0.08546271175146103 -0.021914778277277946 -0.0653475895524025
v -0.07723909616470337 -0.03288367763161659 -0.0544741228222847
v -0.08384617418050766 0.011636115610599518 -0.061443205922842026
v -0.08382771909236908 0.009784176014363766 -0.06271772086620331
v -0.08599372953176498 0.011278681457042694 -0.06440169364213943
v -0.08600136637687683 0.013668443076312542 -0.06305989623069763
v -0.060957539826631546 -0.010163846425712109 -0.10369560122489929
v -0.0635765939950943 0.0013417452573776245 -0.10927603393793106
v -0.013000186532735825 -0.08622483164072037 -0.11089922487735748
v -0.01334662176668644 -0.07111046463251114 -0.10971101373434067
v -0.07966577261686325 0.03424404188990593 -0.09506533294916153
v -0.08395962417125702 0.013471949845552444 -0.059771858155727386
v -0.08606016635894775 0.015581405721604824 -0.061510492116212845
v -0.08488328754901886 -0.009352671913802624 -0.06627873331308365
v -0.08351454138755798 0.012649884447455406 -0.05958908423781395
v -0.08330414444208145 0.010832270607352257 -0.061184678226709366
v -0.08705232292413712 0.017079362645745277 -0.06316695362329483
v -0.08717896789312363 0.014667670242488384 -0.064943827688694
v -0.08715314418077469 0.011961563490331173 -0.06638798862695694
v -0.08303111046552658 0.008848206140100956 -0.0628279447555542
v -0.0831044539809227 0.018477151170372963 -0.06227954104542732
v -0.08487678319215775 0.06748472899198532 -0.0704868957400322
v -0.08367343991994858 0.06094076484441757 -0.08497931808233261
v -0.08088735491037369 0.08552709221839905 -0.07358334958553314
v -0.07987234741449356 0.07982584834098816 -0.08936524391174316
v -0.07477361708879471 0.07320839166641235 -0.10559125244617462
v -0.07826466113328934 0.05333758890628815 -0.10118570178747177
v -0.08302106708288193 0.019713234156370163 -0.056195590645074844
v -0.08511977642774582 0.022403882816433907 -0.05444439500570297
v -0.06823204457759857 0.09856896102428436 -0.019390948116779327
v -0.0733686089515686 0.09300241619348526 -0.027211269363760948
v -0.06091940402984619 0.10366583615541458 -0.010273552499711514
v -0.06060449779033661 0.10888524353504181 -0.01748201809823513
v -0.06741159409284592 0.10465286672115326 -0.026822339743375778
v -0.07468093931674957 0.09685400873422623 -0.03940737992525101
v -0.08465994894504547 0.05724295973777771 -0.0554288886487484
v -0.08326879143714905 0.07365080714225769 -0.05573118478059769
v -0.08018574863672256 0.07876964658498764 -0.041494421660900116
v -0.07906199246644974 0.09153809398412704 -0.05731641873717308
v -0.07016271352767944 0.10627389699220657 -0.04614579677581787
v -0.07361149042844772 0.10228222608566284 -0.06105254963040352
v -0.06254490464925766 0.1149149015545845 -0.05032387748360634
v -0.06462197750806808 0.11230195313692093 -0.06527253985404968
v -0.06419084221124649 0.10938567668199539 -0.08155146986246109
v -0.07529877871274948 0.09767301380634308 -0.07654055207967758
v -0.06522925943136215 0.11007598042488098 -0.033384665846824646
v -0.058850180357694626 0.11354991048574448 -0.02336418628692627
v -0.05967084318399429 0.11646933853626251 -0.03725762665271759
v -0.05643868073821068 0.11744553595781326 -0.02827005833387375
v -0.07807370275259018 0.08168541640043259 -0.03347828611731529
v -0.06757522374391556 -0.03629351779818535 -0.047405220568180084
v -0.06962060183286667 -0.0369596891105175 -0.04315769672393799
v -0.07323233783245087 -0.026082264259457588 -0.0356496199965477
v -0.07341205328702927 0.00032311491668224335 0.0006317513762041926
v -0.07319522649049759 0.014234631322324276 -0.0017777667380869389
v -0.07645890861749649 0.005755846854299307 -0.012272431515157223
v -0.07522973418235779 -0.009069711901247501 -0.009032852947711945
v -0.07142043858766556 0.02869631163775921 -0.0036523458547890186
v -0.0755007341504097 0.02100749872624874 -0.013834217563271523
v -0.07587014883756638 0.03457418456673622 -0.01535823754966259
v -0.07169576734304428 0.0432145781815052 -0.0038910696748644114
v -0.06529152393341064 0.0673743411898613 -0.12075947225093842
v -0.0674506276845932 0.05001397430896759 -0.11894667893648148
v -0.06812084466218948 0.036505408585071564 -0.11706636846065521
v -0.050550274550914764 0.06503107398748398 0.03114381618797779
v -0.02280760183930397 0.08912891149520874 -0.1409391164779663
v -0.04965711385011673 0.09069836139678955 0.021650714799761772
v -0.057013433426618576 0.08938362449407578 -0.12093134224414825
v -0.04319731518626213 0.09528549015522003 -0.1276610940694809
v -0.07422281056642532 0.09218667447566986 -0.09203772991895676
v -0.07047716528177261 0.08632782846689224 -0.10603208094835281
v -0.06214238703250885 0.07924321293830872 -0.1211426854133606
v -0.06694375723600388 0.019542377442121506 -0.11486096680164337
v -0.05065440386533737 0.11780621111392975 -0.016171244904398918
v -0.05898001417517662 0.024142444133758545 0.02394423447549343
v -0.05852708965539932 0.019474726170301437 0.023047354072332382
v -0.0586310513317585 0.028815967962145805 0.02577580139040947
v -0.05724834278225899 0.014656050130724907 0.0240144282579422
v -0.01653505116701126 0.004212634637951851 0.04466388002038002
v -0.01547092106193304 0.002574415411800146 0.04620862379670143
v -0.015453454107046127 4.348914444562979e-05 0.047490812838077545
v -0.019308485090732574 6.769743049517274e-05 0.04455351456999779
v -0.018930379301309586 -0.0032147052697837353 0.04571942985057831
v -0.011717302724719048 -0.000701083627063781 0.05185064300894737
v -0.012227781116962433 0.0022069900296628475 0.04979481175541878
v -0.014861507341265678 -0.0030985723715275526 0.04891131445765495
v -0.014801695011556149 -0.006914082448929548 0.04980607330799103
v -0.012063451111316681 -0.004256169777363539 0.05295263230800629
v -0.019802303984761238 -0.01931660808622837 0.0452699176967144
v -0.021188432350754738 -0.014511344954371452 0.04503454640507698
v -0.018215596675872803 -0.010210434906184673 0.04690255597233772
v -0.02301669865846634 -0.00620228098705411 0.044573359191417694
v -0.022211842238903046 -0.010177874006330967 0.04516403749585152
v -0.018415138125419617 -0.006521285045892 0.04651947692036629
v -0.023679379373788834 -0.002278333529829979 0.0435505211353302
v -0.015825878828763962 -0.010632005520164967 0.05133639648556709
v -0.0162836741656065 -0.01343346107751131 0.0540066622197628
v -0.0127335824072361 -0.007978815585374832 0.05489150434732437
v -0.010381537489593029 -0.006302680354565382 0.058145828545093536
v -0.009646914899349213 -0.0024682588409632444 0.05606699734926224
v -0.020473375916481018 0.0021561940666288137 0.04320080950856209
v -0.025152793154120445 0.00039400410605594516 0.042496271431446075
v -0.02593175508081913 -0.014204446226358414 0.04457245022058487
v -0.030232984572649002 -0.01845788210630417 0.043851424008607864
v -0.0275478083640337 -0.009216124191880226 0.04394017904996872
v -0.032317161560058594 -0.012873834930360317 0.043402049690485
v -0.028608545660972595 -0.004564492031931877 0.04273516312241554
v -0.033725250512361526 -0.0078456811606884 0.042156919836997986
v -0.0343635194003582 -0.023114286363124847 0.042486537247896194
v -0.03791142255067825 -0.02839556150138378 0.04012605920433998
v -0.04079364985227585 -0.0348794050514698 0.036520231515169144
v -0.04128032177686691 -0.022529566660523415 0.04037864878773689
v -0.044939953833818436 -0.02917681820690632 0.03679925575852394
v -0.04368537664413452 -0.01609105058014393 0.039894502609968185
v -0.048378292471170425 -0.022371646016836166 0.03667403757572174
v -0.03704172000288963 -0.01721782051026821 0.042377203702926636
v -0.03889412805438042 -0.011625180952250957 0.04134669154882431
v -0.0346711240708828 -0.0028946564998477697 0.04078640043735504
v -0.029849426820874214 -0.0008138456614688039 0.04173050448298454
v -0.04499945417046547 -0.002706661354750395 0.038052450865507126
v -0.04490889236330986 -0.009188695810735226 0.039172060787677765
v -0.039802588522434235 -0.005849409848451614 0.040047578513622284
v -0.0401068776845932 -0.0004289025964681059 0.03864455968141556
v -0.05033265799283981 -0.014102467335760593 0.03644752502441406
v -0.05015091225504875 -0.005418999586254358 0.03646271675825119
v -0.04905422776937485 0.0007182682165876031 0.03566152974963188
v -0.033748820424079895 0.008775456808507442 0.038968589156866074
v -0.029000194743275642 0.009507070295512676 0.039704881608486176
v -0.03758276626467705 0.008282051421701908 0.037929173558950424
v -0.04424319416284561 0.0022943448275327682 0.03684856370091438
v -0.04028932750225067 0.0032246781047433615 0.03779233992099762
v -0.053349461406469345 0.00877078901976347 0.029668685048818588
v -0.05098634585738182 0.008106440305709839 0.03175625950098038
v -0.044381167739629745 0.008147128857672215 0.03541871905326843
v -0.04114646464586258 0.008126617409288883 0.03676733002066612
v -0.04772559925913811 0.008276160806417465 0.03371770307421684
v -0.02431839518249035 0.011054819449782372 0.03980780392885208
v -0.020010773092508316 0.013078332878649235 0.03965537250041962
v -0.05405323952436447 -0.06255676597356796 -0.06867722421884537
v -0.00911714043468237 0.0012337255757302046 0.054681677371263504
v -0.009154039435088634 0.004326797556132078 0.05285819247364998
v -0.01509564183652401 0.029889827594161034 0.04484928771853447
v -0.01309640146791935 0.026637494564056396 0.043137647211551666
v -0.006451892666518688 0.02658776193857193 0.04883423075079918
v -0.019181570038199425 0.03363358974456787 0.04707751050591469
v -0.01620662957429886 0.015340966172516346 0.03972167894244194
v -0.014416521415114403 0.01732497476041317 0.0398392379283905
v -0.01282024011015892 0.020738493651151657 0.040618401020765305
v -0.012692449614405632 0.023429326713085175 0.04169737547636032
v -0.03155149519443512 0.05048370361328125 0.048514969646930695
v -0.028516234830021858 0.0430310033261776 0.049718163907527924
v -0.06141214445233345 0.0707920715212822 0.015090091153979301
v -0.06552078574895859 0.06023286655545235 0.00966163631528616
v -0.05294007062911987 0.04598924517631531 0.032989177852869034
v -0.05602099373936653 0.04013904929161072 0.030003216117620468
v -0.05801006406545639 0.034216005355119705 0.027561288326978683
v -0.0670933723449707 0.04655791446566582 0.005894063506275415
v -0.06746665388345718 0.0328863225877285 0.004642908461391926
v -0.06930975615978241 0.019932668656110764 0.005666130688041449
v -0.05201564356684685 0.10273263603448868 0.006243112031370401
v -0.05188239365816116 0.10837042331695557 -0.0012391062919050455
v -0.0513889454305172 0.09658817946910858 0.013979272916913033
v -0.04187075048685074 0.12173029035329819 -0.010480196215212345
v -0.04197389632463455 0.11743871867656708 -0.001615782268345356
v -0.05145890265703201 0.11340028792619705 -0.008645353838801384
v -0.04243216663599014 0.11242055892944336 0.006262803450226784
v -0.0426805317401886 0.10680929571390152 0.013718578033149242
v -0.04200737550854683 0.10074570029973984 0.02145485021173954
v -0.040678687393665314 0.09438208490610123 0.028860455378890038
v -0.03897126019001007 0.08573836088180542 0.03566373884677887
v -0.0440448634326458 -0.061524100601673126 -0.08527650684118271
v -0.008187496103346348 -0.009996526874601841 0.04993926361203194
v -0.007426657248288393 -0.009666282683610916 0.0505315326154232
v -0.006940409075468779 -0.010532107204198837 0.04951414093375206
v -0.00624917121604085 -0.010250261053442955 0.050142254680395126
v -0.005615646485239267 -0.012225938029587269 0.049844689667224884
v -0.007304221857339144 -0.01802266389131546 0.05176733061671257
v -0.006233755499124527 -0.016025016084313393 0.05072677880525589
v -0.0052768453024327755 -0.013410770334303379 0.04955178499221802
v -0.07145891338586807 -0.03271602839231491 -0.03791726753115654
v -0.0538046769797802 -0.09758008271455765 -0.06889819353818893
v -0.04956894367933273 -0.09431298822164536 -0.07948055863380432
v 0.050537433475255966 -0.0969330444931984 -0.06909333914518356
v 0.04671198129653931 -0.09351151436567307 -0.07984700053930283
v 0.018155232071876526 -0.12752969563007355 -0.029743166640400887
v 0.029347123578190804 -0.12380062788724899 -0.033334437757730484
v 0.029939260333776474 -0.13217319548130035 -0.034166958183050156
v 0.018586689606308937 -0.13514666259288788 -0.030230462551116943
v 0.05391192436218262 -0.11615880578756332 -0.07574889808893204
v 0.051271889358758926 -0.10630949586629868 -0.0716523602604866
v 0.04831181466579437 -0.10308769345283508 -0.08339402824640274
v 0.05244499444961548 -0.1130223348736763 -0.08841324597597122
v 0.04235781356692314 -0.1017373651266098 -0.09379999339580536
v 0.04674408584833145 -0.11244641989469528 -0.09929018467664719
v 0.03705661743879318 -0.11350233107805252 -0.10786022990942001
v 0.03386100009083748 -0.10111157596111298 -0.1022789403796196
v 0.0233671423047781 -0.10094992071390152 -0.10875214636325836
v 0.025431077927350998 -0.11424517631530762 -0.1136574000120163
v 0.039971984922885895 -0.11936435103416443 -0.03938998654484749
v 0.04760732129216194 -0.11453376710414886 -0.048678066581487656
v 0.0482327826321125 -0.1242147833108902 -0.05021018907427788
v 0.04018041864037514 -0.1280231922864914 -0.04064307361841202
v 0.05158623307943344 -0.1098347157239914 -0.05950838327407837
v 0.052610330283641815 -0.11957792937755585 -0.06279948353767395
v 0.01248167734593153 -0.11341282725334167 -0.11791173368692398
v 0.011361368000507355 -0.0991862341761589 -0.11271490901708603
v 0.02117723599076271 -0.15265826880931854 -0.030694393441081047
v 0.00951077975332737 -0.15400055050849915 -0.02892368473112583
v 0.009243869222700596 -0.14513452351093292 -0.02843491919338703
v 0.020092258229851723 -0.1439111977815628 -0.030549509450793266
v 0.05018233507871628 -0.15743759274482727 -0.044941820204257965
v 0.06404035538434982 -0.15254022181034088 -0.05447207763791084
v 0.07120006531476974 -0.1597699373960495 -0.0516233928501606
v 0.05600164830684662 -0.16527527570724487 -0.04011701047420502
v 0.09252386540174484 -0.15901994705200195 -0.06271649897098541
v 0.10183065384626389 -0.14914870262145996 -0.08173626661300659
v 0.03562468662858009 -0.16043893992900848 -0.03608804568648338
v 0.038923610001802444 -0.16788628697395325 -0.02972361259162426
v -0.0011519172694534063 -0.125447079539299 -0.12645213305950165
v -0.0010618390515446663 -0.11198634654283524 -0.11960885673761368
v 0.09178309887647629 -0.1443425863981247 -0.08355281502008438
v 0.09077096730470657 -0.140919029712677 -0.10463707894086838
v 0.10362866520881653 -0.14585277438163757 -0.10380513966083527
v 0.05125770345330238 -0.16349129378795624 -0.14160287380218506
v 0.0516447015106678 -0.17037302255630493 -0.1448165774345398
v 0.06663724780082703 -0.16530659794807434 -0.14201368391513824
v 0.062097225338220596 -0.1593920886516571 -0.13804364204406738
v 0.06998751312494278 -0.12931369245052338 -0.09938760846853256
v 0.0593869611620903 -0.1304997354745865 -0.11273224651813507
v 0.06832436472177505 -0.13778237998485565 -0.11763016879558563
v 0.08037473261356354 -0.13542361557483673 -0.1031835600733757
v 0.034911856055259705 -0.14775598049163818 -0.13402360677719116
v 0.05232081562280655 -0.14261262118816376 -0.1268935352563858
v 0.045192550867795944 -0.13443443179130554 -0.12119220942258835
v 0.03055485337972641 -0.13798445463180542 -0.12802040576934814
v 0.08207637071609497 -0.13919198513031006 -0.08334217220544815
v 0.07028115540742874 -0.13336439430713654 -0.08204805105924606
v 0.07427143305540085 -0.14623954892158508 -0.06762345135211945
v 0.06461197882890701 -0.13910751044750214 -0.06778384000062943
v 0.05647330731153488 -0.14371445775032043 -0.055185358971357346
v 0.053246818482875824 -0.12184592336416245 -0.10545177757740021
v 0.04168287664651871 -0.12416429072618484 -0.11408664286136627
v 0.027196798473596573 -0.12668415904045105 -0.1207611933350563
v 0.012399453669786453 -0.12721513211727142 -0.12536011636257172
v -0.001904535572975874 -0.17764976620674133 -0.14274044334888458
v -0.0016965433023869991 -0.1651684194803238 -0.14017514884471893
v 0.01653985120356083 -0.15123113989830017 -0.13680033385753632
v 0.014920610003173351 -0.13855916261672974 -0.131048783659935
v 0.08323146402835846 -0.1523282676935196 -0.06604882329702377
v 0.05691158398985863 -0.1301708221435547 -0.06629090011119843
v 0.05114387348294258 -0.13420091569423676 -0.053779903799295425
v 0.06151460111141205 -0.17195114493370056 -0.030379310250282288
v 0.07969678938388824 -0.16723452508449554 -0.044754937291145325
v 0.04187547788023949 -0.17548444867134094 -0.020307229831814766
v 0.024160051718354225 -0.17812922596931458 -0.014370625838637352
v 0.018101638182997704 -0.16264888644218445 -0.14079155027866364
v 0.01766330935060978 -0.175343856215477 -0.14299337565898895
v 0.03626738488674164 -0.17217788100242615 -0.14415593445301056
v 0.03960093855857849 -0.15963755548000336 -0.1400470733642578
v 0.04472668468952179 -0.1464991569519043 -0.04516802728176117
v 0.03312131017446518 -0.15073715150356293 -0.03715869039297104
v 0.021935803815722466 -0.16219362616539001 -0.02881995588541031
v 0.05992754176259041 -0.12211215496063232 -0.09325176477432251
v 0.06031675636768341 -0.12581656873226166 -0.07938086986541748
v 0.04185362160205841 -0.1364481896162033 -0.04307897016406059
v 0.03136500343680382 -0.14156432449817657 -0.03578759357333183
v 0.008691627532243729 -0.13676314055919647 -0.027251068502664566
v 0.02298535220324993 -0.16981615126132965 -0.022530224174261093
v 0.09364020079374313 -0.1504567712545395 -0.12293464690446854
v 0.0808786153793335 -0.15839342772960663 -0.1351260393857956
v 0.07316040992736816 -0.1551799476146698 -0.13295869529247284
v -0.0011274374555796385 -0.15239053964614868 -0.1369955986738205
v -0.001502182916738093 -0.1462404429912567 -0.027519354596734047
v -0.001746704918332398 -0.15555602312088013 -0.029318450018763542
v -0.0009830283233895898 -0.13774749636650085 -0.02567538432776928
v 0.07786006480455399 -0.14642205834388733 -0.1235700249671936
v 0.05792979896068573 -0.1516856700181961 -0.13338126242160797
v -0.00037491056718863547 -0.13098008930683136 -0.024454286321997643
v -0.0011910543544217944 -0.09854774177074432 -0.11399529129266739
v -0.0018445001915097237 -0.16613879799842834 -0.02934715710580349
v -0.0021597081795334816 -0.1751706749200821 -0.02336607314646244
v -0.0024319763761013746 -0.18445882201194763 -0.013998845592141151
v 0.008528398349881172 -0.12993839383125305 -0.02596822939813137
v 0.009504375979304314 -0.17319777607917786 -0.022320831194519997
v 0.009510927833616734 -0.16403701901435852 -0.027883509173989296
v 0.009941437281668186 -0.1823684275150299 -0.014134235680103302
v -0.0007431026897393167 -0.13856561481952667 -0.132155641913414
v -0.01937006041407585 -0.12813954055309296 -0.02901553548872471
v -0.030668186023831367 -0.1243564635515213 -0.03313553333282471
v -0.03199135512113571 -0.13292869925498962 -0.03413635119795799
v -0.020457183942198753 -0.13583700358867645 -0.02991723082959652
v -0.056519389152526855 -0.11696434020996094 -0.07608423382043839
v -0.054219651967287064 -0.10711754858493805 -0.07158617675304413
v -0.05116616562008858 -0.10397416353225708 -0.08323651552200317
v -0.05483803525567055 -0.1139451339840889 -0.08854164183139801
v -0.044586800038814545 -0.10263620316982269 -0.09384454041719437
v -0.04869760200381279 -0.113334521651268 -0.0994509607553482
v -0.03902869671583176 -0.11413576453924179 -0.1080980896949768
v -0.036023207008838654 -0.10177473723888397 -0.10267504304647446
v -0.025526726618409157 -0.10138361901044846 -0.10920986533164978
v -0.02763969451189041 -0.11477004736661911 -0.1138317808508873
v -0.04196539521217346 -0.12011057883501053 -0.0389416329562664
v -0.049716394394636154 -0.11551174521446228 -0.04815211147069931
v -0.05052153393626213 -0.1251111775636673 -0.050042200833559036
v -0.042536474764347076 -0.12884986400604248 -0.04033394902944565
v -0.05357107147574425 -0.11075642704963684 -0.05906475707888603
v -0.054861024022102356 -0.12049297243356705 -0.06289027631282806
v -0.014550643973052502 -0.11370734870433807 -0.11784382909536362
v -0.013601928018033504 -0.09938166290521622 -0.11298319697380066
v -0.02426939830183983 -0.15305115282535553 -0.03093852661550045
v -0.01263740286231041 -0.15451392531394958 -0.02953467331826687
v -0.011591572314500809 -0.14550238847732544 -0.02856382355093956
v -0.02258378639817238 -0.14449597895145416 -0.030606292188167572
v -0.053616248071193695 -0.15792898833751678 -0.046015914529561996
v -0.06697878241539001 -0.15352044999599457 -0.05627462640404701
v -0.07424233108758926 -0.1607196182012558 -0.0533660463988781
v -0.05984436720609665 -0.16549955308437347 -0.04099726304411888
v -0.09583587944507599 -0.15963172912597656 -0.06486451625823975
v -0.10448694229125977 -0.14945323765277863 -0.0834880992770195
v -0.03914777562022209 -0.16069026291370392 -0.03649717941880226
v -0.042843252420425415 -0.1675933599472046 -0.030242174863815308
v -0.09454357624053955 -0.14473290741443634 -0.0850919559597969
v -0.0933903381228447 -0.1413494497537613 -0.10544836521148682
v -0.10609716176986694 -0.14593654870986938 -0.10509242117404938
v -0.054236963391304016 -0.16349466145038605 -0.14221884310245514
v -0.054844144731760025 -0.17018292844295502 -0.1455063670873642
v -0.06939854472875595 -0.16515778005123138 -0.1429119110107422
v -0.0649920180439949 -0.15937912464141846 -0.1388230174779892
v -0.07220851629972458 -0.12991951406002045 -0.099924236536026
v -0.06132412701845169 -0.1311817765235901 -0.11275804787874222
v -0.07037226855754852 -0.13819479942321777 -0.11817300319671631
v -0.082576222717762 -0.13583670556545258 -0.10388626903295517
v -0.03736159950494766 -0.147999569773674 -0.1343531608581543
v -0.0543801374733448 -0.14315886795520782 -0.1274910569190979
v -0.047364261001348495 -0.1349172443151474 -0.12201911956071854
v -0.032087959349155426 -0.13836237788200378 -0.1285562813282013
v -0.08454471826553345 -0.13959155976772308 -0.08451873809099197
v -0.07285283505916595 -0.13411931693553925 -0.08319017291069031
v -0.0767134428024292 -0.14717933535575867 -0.06910034269094467
v -0.06710991263389587 -0.14006595313549042 -0.06910134106874466
v -0.05933590605854988 -0.14463701844215393 -0.05645942687988281
v -0.05503174290060997 -0.12259341776371002 -0.10567112267017365
v -0.04358549788594246 -0.12472221255302429 -0.11424072831869125
v -0.029610931873321533 -0.12704460322856903 -0.12092275172472
v -0.014949384145438671 -0.1276046186685562 -0.12496773153543472
v -0.019050633534789085 -0.15071533620357513 -0.1365024745464325
v -0.01661565527319908 -0.1401187777519226 -0.13212187588214874
v -0.08587833493947983 -0.15326042473316193 -0.06776915490627289
v -0.059339746832847595 -0.1310010850429535 -0.06693591922521591
v -0.0537223182618618 -0.13497722148895264 -0.05419197306036949
v -0.06577092409133911 -0.17130565643310547 -0.031091513112187386
v -0.08363588154315948 -0.1673971265554428 -0.04624566063284874
v -0.04625055566430092 -0.17476743459701538 -0.020904144272208214
v -0.028846614062786102 -0.1779555231332779 -0.014474515803158283
v -0.020654557272791862 -0.16309338808059692 -0.1408511847257614
v -0.02027975395321846 -0.17552001774311066 -0.14327038824558258
v -0.039089664816856384 -0.1722741425037384 -0.14475782215595245
v -0.04228166863322258 -0.15976582467556 -0.14050151407718658
v -0.04780713841319084 -0.1473853588104248 -0.045868851244449615
v -0.036220040172338486 -0.15154342353343964 -0.03759639337658882
v -0.025456899777054787 -0.16202609241008759 -0.02905961312353611
v -0.06199390068650246 -0.12282416224479675 -0.09363574534654617
v -0.0625864639878273 -0.1266256421804428 -0.0800950899720192
v -0.044469255954027176 -0.1372748613357544 -0.04327072575688362
v -0.034114446491003036 -0.14234916865825653 -0.0358731746673584
v -0.010146115906536579 -0.1372484266757965 -0.02703070268034935
v -0.026996497064828873 -0.16962487995624542 -0.022850381210446358
v -0.09578496217727661 -0.15073290467262268 -0.12381743639707565
v -0.08323778957128525 -0.15857550501823425 -0.13592413067817688
v -0.07554297149181366 -0.15545102953910828 -0.13373862206935883
v -0.0800585150718689 -0.14681598544120789 -0.12430159747600555
v -0.06023763492703438 -0.1519668996334076 -0.13402621448040009
v -0.00958408322185278 -0.13042514026165009 -0.025579562410712242
v -0.013882418163120747 -0.17311660945415497 -0.022660771384835243
v -0.013336061500012875 -0.1641014665365219 -0.028386423364281654
v -0.014774237759411335 -0.18252936005592346 -0.014309358783066273
v -0.007244684733450413 -0.012390444986522198 0.048933375626802444
v -0.07241165637969971 -0.036118995398283005 -0.018192706629633904
v -0.0713527649641037 -0.043345093727111816 -0.02611762098968029
v -0.0681779533624649 -0.05418922007083893 -0.022212516516447067
v -0.06964526325464249 -0.046430427581071854 -0.014111796393990517
v -0.06158791482448578 -0.06546299159526825 -0.01721091754734516
v -0.0650382712483406 -0.056064870208501816 -0.009270436130464077
v -0.05422221124172211 -0.07453896850347519 -0.011861567385494709
v -0.05913107469677925 -0.06471208482980728 -0.005417943932116032
v -0.048722684383392334 -0.08223813772201538 -0.006036094855517149
v -0.053213272243738174 -0.07186423987150192 -0.0005152398953214288
v -0.03453872725367546 -0.09369311481714249 0.007178035099059343
v -0.03306920826435089 -0.09812141209840775 0.002824652474373579
v -0.02623804286122322 -0.10377360880374908 0.006859333720058203
v -0.0265018530189991 -0.10165342688560486 0.011708836071193218
v -0.018608877435326576 -0.10914995521306992 0.011281312443315983
v -0.01895231381058693 -0.10753599554300308 0.016203131526708603
v -0.010350055061280727 -0.11277906596660614 0.014184577390551567
v -0.01022977102547884 -0.11137209832668304 0.01947207562625408
v -0.0008191560045816004 -0.11437840759754181 0.01582186296582222
v -0.0006004515453241765 -0.11244955658912659 0.02148076705634594
v -0.0004075368633493781 -0.10530795156955719 0.028194092214107513
v -0.009325317107141018 -0.10530589520931244 0.02671271190047264
v -0.009921791963279247 -0.10882674902677536 0.023896249011158943
v -0.0004719031567219645 -0.10977552831172943 0.0251969862729311
v -0.01737554743885994 -0.10258519649505615 0.023613043129444122
v -0.018606221303343773 -0.10547241568565369 0.020404765382409096
v -0.024553166702389717 -0.09664903581142426 0.01959332823753357
v -0.02585701085627079 -0.09935984015464783 0.016228923574090004
v -0.031640294939279556 -0.08871909976005554 0.016042999923229218
v -0.033401455730199814 -0.09121224284172058 0.01210666075348854
v -0.0374576598405838 -0.08068028837442398 0.015025450848042965
v -0.040640443563461304 -0.08065482974052429 0.011110194958746433
v -0.00979975238442421 -0.11264820396900177 0.00795760564506054
v -0.0011343801161274314 -0.11454978585243225 0.009795972146093845
v -0.01741378754377365 -0.10949289053678513 0.005426719319075346
v -0.02432185411453247 -0.10549535602331161 0.001972252270206809
v -0.02985205687582493 -0.10147278010845184 -0.002014116384088993
v -0.04237848147749901 -0.08937335759401321 -0.0008266954682767391
v -0.03591857850551605 -0.09653684496879578 -0.006329340860247612
v -0.04342495650053024 -0.0892142653465271 -0.01040133461356163
v -0.04945370554924011 -0.08128896355628967 -0.016618866473436356
v -0.05714089050889015 -0.07149145007133484 -0.02325969934463501
v -0.06499643623828888 -0.059839989989995956 -0.029125995934009552
v -0.0689510703086853 -0.04676622152328491 -0.033630918711423874
v -0.07191863656044006 -0.034979965537786484 -0.030251245945692062
v -0.01591675728559494 -0.09911751002073288 0.02535243146121502
v -0.008799062110483646 -0.10056477785110474 0.027973884716629982
v -0.023271434009075165 -0.09370404481887817 0.021814221516251564
v -0.02952510677278042 -0.08560722321271896 0.0193371269851923
v -0.03450571745634079 -0.07824110239744186 0.018409451469779015
v -0.038999829441308975 -0.06125370413064957 0.0238692294806242
v -0.03770805522799492 -0.0692877396941185 0.02059384062886238
v -0.037856604903936386 -0.046304792165756226 0.03185339272022247
v -0.03823571279644966 -0.053720612078905106 0.028072664514183998
v -0.04735245183110237 -0.0374593660235405 0.031317129731178284
v -0.0483870729804039 -0.047190017998218536 0.0249200239777565
v -0.04329272359609604 -0.052135173231363297 0.026235034689307213
v -0.042593006044626236 -0.04270019754767418 0.031617339700460434
v -0.051968805491924286 -0.030803347006440163 0.03089885413646698
v -0.05349861830472946 -0.04149426519870758 0.02363034151494503
v -0.009298238903284073 -0.11146664619445801 0.002729129744693637
v -0.0013620115350931883 -0.11289194226264954 0.003587182844057679
v -0.015718599781394005 -0.1091795265674591 0.00018966826610267162
v -0.021105630323290825 -0.10625860840082169 -0.002937688259407878
v -0.02511945180594921 -0.1030668243765831 -0.0067076850682497025
v -0.029232123866677284 -0.09939562529325485 -0.011127305217087269
v -0.034846678376197815 -0.09487421810626984 -0.015902088955044746
v -0.0429660938680172 -0.08824325352907181 -0.021193645894527435
v -0.05212915316224098 -0.07773438096046448 -0.02861657552421093
v -0.06129199266433716 -0.06406424194574356 -0.03540338948369026
v -0.06608795374631882 -0.05043913424015045 -0.039586376398801804
v -0.02069062553346157 -0.10355204343795776 -0.016345594078302383
v -0.017345193773508072 -0.10483698546886444 -0.013119499199092388
v -0.014488066546618938 -0.10666269063949585 -0.010655318386852741
v -0.011927556246519089 -0.10868017375469208 -0.008194008842110634
v -0.007438370492309332 -0.10935290902853012 -0.008651647716760635
v -0.0013892085989937186 -0.10912786424160004 -0.00837766658514738
v -0.0066183991730213165 -0.10850334167480469 -0.013741739094257355
v -0.0011779856868088245 -0.1082889512181282 -0.013678627088665962
v -0.008532599546015263 -0.10859224200248718 -0.015729865059256554
v -0.0009953968692570925 -0.10924822092056274 -0.016983637586236
v -0.01001268532127142 -0.10955726355314255 -0.018138356506824493
v -0.0007947407430037856 -0.1116703525185585 -0.01830177940428257
v -0.04139125347137451 -0.07218152284622192 0.016892768442630768
v -0.045820411294698715 -0.06963790953159332 0.013662668876349926
v -0.048137128353118896 -0.058115508407354355 0.018612703308463097
v -0.053238965570926666 -0.05303661525249481 0.016399426385760307
v -0.05092873424291611 -0.06562613695859909 0.010090863332152367
v -0.04331019148230553 -0.06231998652219772 0.020526543259620667
v -0.05710029974579811 -0.05973900854587555 0.005813495721668005
v -0.058831751346588135 -0.047009941190481186 0.013272061944007874
v -0.05862190201878548 -0.03482265770435333 0.021870912984013557
v -0.0635182335972786 -0.04154655337333679 0.009966433048248291
v -0.06252288073301315 -0.05283622443675995 0.0018051948864012957
v -0.06322818249464035 -0.029170777648687363 0.018810220062732697
v -0.06684554368257523 -0.023955561220645905 0.015141627751290798
v -0.06743918359279633 -0.03481760993599892 0.006341788452118635
v -0.06674563139677048 -0.04584376513957977 -0.0015840793494135141
v -0.04488331079483032 -0.08002479374408722 0.005814188625663519
v -0.0704144835472107 -0.03733294829726219 -0.006354920566082001
v -0.0693962499499321 -0.018265891820192337 0.011214694939553738
v -0.07021211087703705 -0.028087068349123 0.002711259061470628
v -0.07158832997083664 -0.011027751490473747 0.006125717423856258
v -0.07246585935354233 -0.019268840551376343 -0.0013096232432872057
v -0.0731142908334732 -0.027791261672973633 -0.011363047175109386
v -0.07398626208305359 -0.02659722976386547 -0.02560614049434662
v -0.00035942712565883994 -0.10034860670566559 0.029315227642655373
v -0.06652173399925232 -0.034542303532361984 -0.051635511219501495
v -0.023126261308789253 -0.03369038179516792 0.04246017336845398
v -0.01771712116897106 -0.030615845695137978 0.04610278084874153
v -0.01249011605978012 -0.02931160107254982 0.04923049360513687
v -0.007877623662352562 -0.028835900127887726 0.05130070075392723
v -0.0037001739256083965 -0.028770796954631805 0.05245555564761162
v -0.0004443564685061574 -0.11959691345691681 -0.02208314836025238
v 0.00015757576329633594 0.041343480348587036 0.05448228120803833
v -0.000638019060716033 -0.11422596871852875 -0.019640231505036354
v -0.000141367971082218 -0.07872849702835083 0.016467200592160225
v 0.0001778515288606286 0.13822755217552185 -0.02480708621442318
v -0.0002863152767531574 -0.09529270231723785 0.029985368251800537
v -0.00010423815547255799 -0.07675720751285553 0.01967933215200901
v 0.000624846201390028 -0.0023548889439553022 0.06428217142820358
v -0.0002288959367433563 -0.09112018346786499 0.030932022258639336
v 3.5091825338895433e-06 -0.08060241490602493 0.03852585703134537
v 2.6403835363453254e-05 -0.07504446059465408 0.03476773947477341
v 0.00025556859327480197 0.08515089750289917 0.04847094416618347
v 9.700506780063733e-05 -0.07743650674819946 0.037207458168268204
v 0.00018464701133780181 -0.026786308735609055 0.052844468504190445
v 0.0007617560913786292 -0.006205410230904818 0.06664716452360153
v -1.9414124835748225e-05 -0.07302923500537872 0.0326458103954792
v -0.0012324569979682565 -0.04552822187542915 -0.1143413707613945
v -8.508796599926427e-05 -0.08464498072862625 0.036835525184869766
v 9.822847641771659e-05 -0.07354042679071426 0.025199510157108307
v -3.893550092470832e-05 -0.07264144718647003 0.03004222735762596
v -2.1194748114794493e-05 -0.03945912420749664 0.038007501512765884
v 0.00023293818230740726 -0.029370862990617752 0.052748292684555054
v 0.0006665063556283712 0.015552603639662266 0.05378958210349083
v -0.0009431926882825792 -0.006423367187380791 -0.13910330832004547
v 0.0006786061567254364 0.01264776661992073 0.055241212248802185
v 0.0003415084502194077 0.11283699423074722 0.02937660552561283
v 0.00036551113589666784 0.0961017832159996 0.043600693345069885
v 0.0005640071467496455 0.0018976726569235325 0.06155958026647568
v -0.00040182803058996797 0.05782025307416916 -0.15338648855686188
v -0.00029986840672791004 0.07490673661231995 -0.15052394568920135
v 0.0002015854261117056 0.06398472934961319 0.05300527438521385
v 0.00010797989671118557 0.13356396555900574 -0.09015212208032608
v 0.0008093830547295511 -0.009752780199050903 0.06811456382274628
v 0.00030262445216067135 -0.022439489141106606 0.05828779190778732
v 0.00020504638087004423 0.1304820030927658 0.001406475668773055
v -0.0006686648121103644 0.022534187883138657 -0.15047694742679596
v -3.980181645601988e-06 0.1220540925860405 -0.11549034714698792
v 1.26738832477713e-05 -0.04631451889872551 0.04978165775537491
v 0.00019502441864460707 0.13483253121376038 -0.011122897267341614
v 1.3648880781147454e-07 -0.04785813018679619 0.0456068255007267
v 0.0006132868584245443 -0.01896827667951584 0.0656203031539917
v -0.0008134759264066815 0.006527146324515343 -0.14562678337097168
v -0.000532540085259825 0.03673134371638298 -0.15282480418682098
v 9.356975351693109e-05 -0.036143697798252106 0.054338645190000534
v 0.0002652410767041147 -0.03189481794834137 0.05310722440481186
v 5.24660135852173e-05 0.12850984930992126 -0.10332705080509186
v 6.182718789204955e-05 0.04820599406957626 0.054818760603666306
v -1.089718261937378e-05 -0.03912116214632988 0.05524646118283272
v 0.0006446940242312849 0.02564079500734806 0.051375117152929306
v 2.2217287551029585e-05 -0.041779883205890656 0.05499350279569626
v -0.0003704017144627869 -0.125309556722641 -0.023302126675844193
v -0.00013300144928507507 0.1001693531870842 -0.13777874410152435
v 2.1073534298921004e-05 -0.04412899166345596 0.05289669707417488
v -2.809594661812298e-05 -0.04598035663366318 0.04180968925356865
v 0.0005443145637400448 0.005935570225119591 0.05893827974796295
v -3.996380473836325e-05 -0.042714763432741165 0.038958173245191574
v 0.0002017024962697178 0.07423101365566254 0.05134650692343712
v 0.00017037075303960592 -0.024188898503780365 0.05396135523915291
v 0.00022273781360127032 -0.02343054860830307 0.05478917434811592
v 0.0007495759637095034 0.022117510437965393 0.051492441445589066
v 0.0003896894049830735 0.10525146126747131 0.036841362714767456
v 0.0005156712140887976 0.028793031349778175 0.05163630470633507
v 0.0001234488154295832 -0.025054076686501503 0.05327867716550827
v -0.00020761851919814944 0.09018543362617493 -0.14413124322891235
v 0.00015303920372389257 0.13938595354557037 -0.07205960154533386
v 0.00016194891941267997 0.14092206954956055 -0.05876033008098602
v 0.0007152646430768073 0.01881505735218525 0.052109941840171814
v 0.0005490421317517757 0.009631780907511711 0.05693072825670242
v -0.0012422282015904784 -0.05748520791530609 -0.11218620091676712
v 0.0007274211384356022 -0.015446444973349571 0.06785745173692703
v 0.0008003777475096285 -0.01299394853413105 0.06833846122026443
v 0.00023476323985960335 0.1251876950263977 0.012311096303164959
v -0.0010470547713339329 -0.016116589307785034 -0.13343675434589386
v 0.00016831289394758642 0.14073562622070312 -0.0410790741443634
v 0.00027773971669375896 0.11934902518987656 0.02135547250509262
v -0.0011990760685876012 -0.03368508443236351 -0.12067623436450958
v -0.0011325589148327708 -0.023786572739481926 -0.12840953469276428
v 0.0005093450890854001 -0.020433202385902405 0.0638531744480133
v 0.00045050791231915355 0.03233863785862923 0.052318025380373
v 0.00039842494879849255 -0.02172650396823883 0.06089968606829643
v -6.205793761182576e-05 0.11339785158634186 -0.12629908323287964
v 0.00024923309683799744 -0.02287362329661846 0.05628620833158493
v 0.007457604166120291 -0.012390942312777042 0.048996828496456146
v 0.07082980126142502 -0.03633037954568863 -0.017697768285870552
v 0.06871584057807922 -0.04323361814022064 -0.025526126846671104
v 0.06527011841535568 -0.054063376039266586 -0.021718988195061684
v 0.06814726442098618 -0.04677371680736542 -0.013699659146368504
v 0.05918184667825699 -0.06558268517255783 -0.016809973865747452
v 0.06365633010864258 -0.056587424129247665 -0.008933160454034805
v 0.05195288360118866 -0.07480546087026596 -0.011741699650883675
v 0.057529423385858536 -0.0653572753071785 -0.0052056522108614445
v -0.0037487256340682507 -0.018980540335178375 0.06352735310792923
v -0.002965262159705162 -0.020337969064712524 0.061244525015354156
v 0.04670442268252373 -0.08279795944690704 -0.006134944036602974
v 0.051566027104854584 -0.0724702924489975 -0.0005064698634669185
v -0.01694437675178051 0.019376665353775024 0.03784796968102455
v -0.008644845336675644 -0.021528705954551697 0.051701564341783524
v -0.006354086566716433 -0.00029257676214911044 0.058725468814373016
v -0.015298712067306042 0.019266733899712563 0.03850957006216049
v 0.03282412886619568 -0.09417171776294708 0.006770490203052759
v 0.031137527897953987 -0.0985938161611557 0.0025123064406216145
v 0.024312693625688553 -0.10425561666488647 0.00655697425827384
v 0.02474960684776306 -0.10216815769672394 0.011365896090865135
v -0.011183497495949268 -0.0214493777602911 0.05076758563518524
v 0.016711441799998283 -0.10960095375776291 0.01105190347880125
v 0.017373891547322273 -0.1080111712217331 0.016057945787906647
v 0.008598048239946365 -0.11319971084594727 0.01405930146574974
v 0.008849718607962132 -0.11167929321527481 0.019460570067167282
v -0.005776357837021351 0.006815640721470118 0.05478861182928085
v -0.00878901407122612 0.01695706881582737 0.045378707349300385
v 0.008465379476547241 -0.1055934801697731 0.027042115107178688
v 0.009015118703246117 -0.10910395532846451 0.02406569942831993
v -0.005945987068116665 0.003276485251262784 0.056731730699539185
v -0.016480417922139168 -0.018810197710990906 0.05272030457854271
v -0.014727138914167881 -0.021007386967539787 0.050934046506881714
v -0.005661302711814642 -0.012855011969804764 0.06590205430984497
v -0.006469859275966883 -0.01038497406989336 0.06510388851165771
v 0.01639149896800518 -0.10300275683403015 0.02384340576827526
v -0.006931975483894348 -0.015956072136759758 0.06436927616596222
v -0.004170047584921122 -0.017641473561525345 0.06470118463039398
v 0.017430854961276054 -0.10593949258327484 0.02045789547264576
v -0.01921023242175579 0.019650829955935478 0.03777877241373062
v -0.02420688420534134 0.022092165425419807 0.03336141258478165
v -0.0050658718682825565 -0.01471011620014906 0.06584271788597107
v -0.00221789488568902 -0.016765156760811806 0.06640322506427765
v -0.022235730662941933 0.020980780944228172 0.036460455507040024
v -0.018108736723661423 0.019501863047480583 0.03773722052574158
v -0.012117324396967888 -0.015152962878346443 0.059909380972385406
v -0.006883918307721615 0.015304548665881157 0.048524465411901474
v 0.02350502833724022 -0.0971420556306839 0.01956920325756073
v 0.024446921423077583 -0.09986179322004318 0.015923988074064255
v 0.030323537066578865 -0.08929669111967087 0.01573469117283821
v 0.031929947435855865 -0.09176063537597656 0.011641701683402061
v -0.014813371002674103 -0.016534972935914993 0.05645187199115753
v 0.036138299852609634 -0.08136226236820221 0.014785177074372768
v 0.039246026426553726 -0.08131322264671326 0.010804301127791405
v 0.007764034438878298 -0.11284677684307098 0.00784317497164011
v -0.020119236782193184 0.02004609815776348 0.037840161472558975
v -0.02120855078101158 0.020458519458770752 0.037534844130277634
v -0.0072161052376031876 -0.00414894986897707 0.060842081904411316
v 0.015324288047850132 -0.10970655083656311 0.0052498215809464455
v 0.022160956636071205 -0.10573667287826538 0.001713419216684997
v 0.02756272628903389 -0.10178552567958832 -0.0022754149977117777
v 0.040596820414066315 -0.08999764174222946 -0.0011583162704482675
v -0.023870306089520454 0.021587003022432327 0.03501617908477783
v -0.0025784787721931934 -0.02190023474395275 0.05633741617202759
v -0.010020551271736622 -0.015367705374956131 0.06183629110455513
v -0.008475149981677532 -0.01568383164703846 0.06325920671224594
v -0.0035703752655535936 -0.022181008011102676 0.05434374138712883
v 0.03386111557483673 -0.09670447558164597 -0.0065277619287371635
v 0.04140956699848175 -0.08945165574550629 -0.010376574471592903
v -0.013478243723511696 0.018787525594234467 0.0401587076485157
v 0.04694079980254173 -0.08126173168420792 -0.01656246744096279
v -0.006042979657649994 0.012764690443873405 0.05114654079079628
v -0.0056116958148777485 0.009920421056449413 0.053056295961141586
v 0.05443258583545685 -0.07127959281206131 -0.022933872416615486
v 0.061959344893693924 -0.059428341686725616 -0.0286472886800766
v -0.00259052193723619 -0.02121937833726406 0.05879201367497444
v 0.0659104660153389 -0.04641285911202431 -0.032929446548223495
v 0.0703791007399559 -0.03520920127630234 -0.029629945755004883
v 0.015185914002358913 -0.09953729808330536 0.025692857801914215
v 0.008137628436088562 -0.10083972662687302 0.028571436181664467
v 0.022385373711586 -0.09420903027057648 0.021865999326109886
v -0.00706526217982173 -0.007369090337306261 0.06337857246398926
v 0.02846885472536087 -0.08616550266742706 0.019239041954278946
v 0.03346719220280647 -0.07895736396312714 0.01827291026711464
v 0.03830618038773537 -0.06179356575012207 0.023977484554052353
v -0.005889872554689646 -0.021875236183404922 0.05283060297369957
v 0.036890216171741486 -0.07004516571760178 0.020744580775499344
v 0.03773006051778793 -0.046622201800346375 0.03213516250252724
v 0.03791764751076698 -0.05409698560833931 0.028204724192619324
v 0.047202982008457184 -0.03797505795955658 0.031666241586208344
v 0.04799938201904297 -0.0476868599653244 0.025171222165226936
v 0.042829256504774094 -0.05252262204885483 0.02635432593524456
v 0.0006929237279109657 -0.017300255596637726 0.06687789410352707
v -0.004562894813716412 -0.01626068726181984 0.06540004163980484
v 0.042462244629859924 -0.0431346520781517 0.03197113797068596
v 0.05178001523017883 -0.03135665878653526 0.031359586864709854
v 0.053085826337337494 -0.042108699679374695 0.02405918575823307
v 0.007008504122495651 -0.11157728731632233 0.0026622754521667957
v -0.032261770218610764 0.03411959856748581 0.04526650160551071
v -0.03189226612448692 0.03172227740287781 0.04343616962432861
v 0.013442955911159515 -0.10931849479675293 0.00010031473357230425
v 0.01896488480269909 -0.10649789124727249 -0.0031156055629253387
v 0.02296082302927971 -0.10325887054204941 -0.006900503765791655
v 0.027123335748910904 -0.09943101555109024 -0.011255258694291115
v 0.033316873013973236 -0.09509892016649246 -0.015693172812461853
v 0.04114747419953346 -0.08837533742189407 -0.021184265613555908
v -0.02322334423661232 0.03780735284090042 0.04915851354598999
v -0.004309567157179117 0.03723040968179703 0.053172774612903595
v -0.009816627018153667 0.037840522825717926 0.052027300000190735
v 0.049882564693689346 -0.07768692821264267 -0.028616897761821747
v -0.031595323234796524 0.02882889285683632 0.040723517537117004
v -0.03193969279527664 0.027984363958239555 0.03897607699036598
v -0.0313575342297554 0.029994962736964226 0.04146704450249672
v -0.031929466873407364 0.027993684634566307 0.04013283923268318
v -0.03197510540485382 0.028523309156298637 0.04070870578289032
v 0.058513276278972626 -0.06352728605270386 -0.03500322625041008
v -0.030648816376924515 0.02954498492181301 0.04044799506664276
v 0.06316260993480682 -0.0498226173222065 -0.03907414898276329
v -0.03062245063483715 0.02898937650024891 0.040085647255182266
v 0.018851088359951973 -0.10336247831583023 -0.01657351851463318
v -0.03070846199989319 0.03776227682828903 0.0471947006881237
v 0.015250165946781635 -0.10488355159759521 -0.013287362642586231
v 0.012303614988923073 -0.10689486563205719 -0.010778953321278095
v -0.03086642362177372 0.02891494520008564 0.040481600910425186
v -0.03224576264619827 0.0290423221886158 0.03732435032725334
v 0.00964047946035862 -0.10895151644945145 -0.008246594108641148
v -0.03252192959189415 0.028134049847722054 0.03424347937107086
v 0.004900630563497543 -0.10947062820196152 -0.008676793426275253
v 0.00026516648358665407 0.036441244184970856 0.05318082869052887
v -0.02207731455564499 0.050443973392248154 0.051977917551994324
v -0.05448654294013977 0.0511305071413517 0.02962586097419262
v 0.004434598609805107 -0.10843858867883682 -0.013811273500323296
v -0.05733751505613327 0.04455539584159851 0.02679595723748207
v 0.006650713738054037 -0.10825544595718384 -0.015932833775877953
v -0.05198078602552414 0.004157579969614744 0.03278113901615143
v -0.05506464093923569 0.004992973059415817 0.03019179217517376
v -0.019163677468895912 0.0431363470852375 0.05226615443825722
v 0.008385815657675266 -0.10907760262489319 -0.01829034462571144
v 0.04034041985869408 -0.07294884324073792 0.016852492466568947
v 0.04455487057566643 -0.07023550570011139 0.013540714047849178
v 0.047326236963272095 -0.05863255262374878 0.018715254962444305
v 0.05242547392845154 -0.05361813306808472 0.016623906791210175
v -0.027959924191236496 0.07709731161594391 0.04547688737511635
v -0.03285769745707512 0.12489638477563858 -0.006262212060391903
v -0.025913555175065994 0.0672697126865387 0.047697655856609344
v -0.04169430211186409 0.05799229070544243 0.04074344411492348
v 0.04958770424127579 -0.06622788310050964 0.01003151573240757
v -0.03290771320462227 0.12043021619319916 0.0034408066421747208
v 0.042496029287576675 -0.0629020407795906 0.020579932257533073
v 0.055882275104522705 -0.06043998897075653 0.005988514982163906
v 0.05803787335753441 -0.04774229973554611 0.01371058076620102
v 0.058210019022226334 -0.03548258915543556 0.022439543157815933
v 0.06262587755918503 -0.04220517724752426 0.010480890981853008
v -0.049322981387376785 0.05658084899187088 0.034497953951358795
v 0.061350516974925995 -0.05355870723724365 0.0021624553482979536
v -0.05952654406428337 0.01217631995677948 0.022468602284789085
v -0.006912900134921074 0.0568341501057148 0.05354995280504227
v -0.060603588819503784 0.018139630556106567 0.02075362019240856
v 0.06273864954710007 -0.029770366847515106 0.019446253776550293
v -0.015073588117957115 0.057822827249765396 0.05244198068976402
v -0.028691425919532776 0.13331803679466248 -0.07085315138101578
v 0.06625013053417206 -0.02438518777489662 0.01580561138689518
v 0.0665278285741806 -0.03533389791846275 0.006864472292363644
v 0.06565945595502853 -0.04642163962125778 -0.0011524432338774204
v 0.043121788650751114 -0.08054710179567337 0.005502541549503803
v -0.013549226336181164 0.03359626978635788 0.049061369150877
v 0.06933039426803589 -0.037774380296468735 -0.005894953850656748
v -0.040869031101465225 0.005841377191245556 0.037159159779548645
v -0.044064320623874664 0.005664071533828974 0.03607757017016411
v 0.0687309131026268 -0.01852037012577057 0.01186368428170681
v -0.03289402648806572 0.13350655138492584 -0.05919341370463371
v -0.05874258279800415 0.008762320503592491 0.02487153559923172
v -0.030942343175411224 0.0965990424156189 0.03462737053632736
v -0.009618123061954975 0.026502136141061783 0.046357568353414536
v -0.01086428202688694 0.02982071228325367 0.04725845903158188
v -0.031953442841768265 0.10362972319126129 0.0274735689163208
v 0.06919968128204346 -0.028398817405104637 0.0032450067810714245
v 0.07087194174528122 -0.011161040514707565 0.006728054955601692
v 0.07140237092971802 -0.019437849521636963 -0.0008036665385589004
v -0.032519884407520294 0.10991909354925156 0.019780205562710762
v 0.07195516675710678 -0.028023630380630493 -0.010901677422225475
v 0.07269176095724106 -0.026856962591409683 -0.02506532147526741
v -0.03319511190056801 0.12866850197315216 -0.01740773394703865
v -0.0234136413782835 0.009222088381648064 0.04000050202012062
v 0.06468513607978821 -0.034017451107501984 -0.0503886379301548
v 0.02287985011935234 -0.033945560455322266 0.042594168335199356
v 0.017525196075439453 -0.030911719426512718 0.046250127255916595
v -0.059383779764175415 0.0371752604842186 0.024416809901595116
v -0.06041703745722771 0.030150434002280235 0.022927697747945786
v -0.03374043107032776 0.13333149254322052 -0.04496841877698898
v -0.03311856836080551 0.006901142653077841 0.039301034063100815
v -0.06099145859479904 0.024139178916811943 0.021202920004725456
v -0.01604597270488739 0.13529831171035767 -0.07894772291183472
v 0.012326153926551342 -0.029515231028199196 0.04941421002149582
v -0.057367511093616486 0.006428346037864685 0.02750149369239807
v 0.0079615144059062 -0.028897786512970924 0.05162488669157028
v 0.003886429825797677 -0.028799572959542274 0.05268772318959236
v -0.03338482975959778 0.058427270501852036 0.04607376083731651
v -0.03717062994837761 0.0062076011672616005 0.038185447454452515
v -0.009566636756062508 0.023317817598581314 0.04487542435526848
v -0.01872716099023819 0.01119631715118885 0.0401187539100647
v -0.014905748888850212 0.013985972851514816 0.04064095392823219
v -0.03278081864118576 0.11547777056694031 0.011978982016444206
v -0.012493884190917015 0.016182096675038338 0.041544485837221146
v -0.009967082180082798 0.02048938162624836 0.04353075847029686
v -0.0283389650285244 0.007785285823047161 0.04006519168615341
v -0.029537107795476913 0.08710985630750656 0.04104217141866684
v -0.03343670442700386 0.1316068321466446 -0.030537545680999756
v -0.04767387732863426 0.005121213383972645 0.034725435078144073
v 0.0001361155736958608 0.13662664592266083 -0.08170018345117569
v 0.0001695208775345236 0.05524037033319473 0.054272666573524475
v -0.01102722529321909 0.01794292777776718 0.042521364986896515
v -0.01615935005247593 0.03802156820893288 0.050714049488306046
v -0.024113621562719345 0.058340560644865036 0.05018101632595062
v -0.00012360802793409675 -0.08803224563598633 0.03304315358400345
v -0.02663162350654602 -0.049740634858608246 0.035935331135988235
v -0.027726376429200172 -0.05386999994516373 0.03251316770911217
v -0.027756541967391968 -0.06328071653842926 0.02716708555817604
v -0.02072012796998024 -0.04030914232134819 0.045143552124500275
v -0.024261699989438057 -0.044850245118141174 0.04032459855079651
v -0.019825512543320656 -0.0810931995511055 0.02869265526533127
v -0.028198324143886566 -0.0572253055870533 0.02999572828412056
v -0.013896933756768703 -0.0849609225988388 0.03124816343188286
v -0.02845750004053116 -0.059884410351514816 0.0282882247120142
v -0.007313197478652 -0.08701706677675247 0.03320027142763138
v 0.00019001992768608034 -0.03385186195373535 0.05367856100201607
v -0.010162528604269028 -0.034450773149728775 0.05182048678398132
v -0.00462605245411396 -0.033532217144966125 0.053236398845911026
v -0.01574230007827282 -0.03676445782184601 0.049163494259119034
v -0.026576828211545944 -0.06896702945232391 0.02632194571197033
v -0.024102987721562386 -0.07587511837482452 0.02647305093705654
v 0.004753624089062214 -0.01932254433631897 0.06377837806940079
v 0.003756993915885687 -0.02063921093940735 0.06135043501853943
v 0.016614435240626335 0.019463106989860535 0.03897355496883392
v 0.008765337988734245 -0.0217694491147995 0.05183617025613785
v 0.007093464024364948 -0.0001792109978850931 0.05895838513970375
v 0.015060469508171082 0.019317060708999634 0.039387527853250504
v 0.011359238997101784 -0.021701257675886154 0.05096304044127464
v 0.006457122042775154 0.0069721960462629795 0.05517667904496193
v 0.008846857585012913 0.01696980930864811 0.045793309807777405
v 0.006756135728210211 0.003414861159399152 0.05705825611948967
v 0.016606558114290237 -0.01885204203426838 0.05291275307536125
v 0.014784316532313824 -0.021181374788284302 0.05117274075746536
v 0.006890555843710899 -0.012751815840601921 0.06638145446777344
v 0.007648651488125324 -0.01017672847956419 0.0655587911605835
v 0.00788297038525343 -0.015969987958669662 0.06469442695379257
v 0.005284743849188089 -0.01788264885544777 0.06503573060035706
v 0.018772181123495102 0.019698800519108772 0.039165474474430084
v 0.0240106750279665 0.022303007543087006 0.03479786962270737
v 0.006284797098487616 -0.014724205248057842 0.06627274304628372
v 0.003588253865018487 -0.01700221560895443 0.06677231192588806
v 0.022000571712851524 0.02121962606906891 0.03782198205590248
v 0.017682604491710663 0.01958225481212139 0.039034031331539154
v 0.01250891201198101 -0.01505683921277523 0.060168664902448654
v 0.007238301448523998 0.015312687493860722 0.04892546683549881
v 0.015042902901768684 -0.01651625707745552 0.056709546595811844
v 0.019683096557855606 0.020154207944869995 0.03925115615129471
v 0.020833132788538933 0.020707648247480392 0.038899507373571396
v 0.007920192554593086 -0.004042733460664749 0.06100078672170639
v 0.02364453673362732 0.02177264355123043 0.03646435961127281
v 0.003008675528690219 -0.0220387764275074 0.05639251694083214
v 0.010649478062987328 -0.01529709156602621 0.06211302801966667
v 0.009247492998838425 -0.015637829899787903 0.06353893131017685
v 0.003787680296227336 -0.02234259806573391 0.054439038038253784
v 0.013131271116435528 0.018767327070236206 0.04072312265634537
v 0.0066700768657028675 0.012871010228991508 0.05153190344572067
v 0.006444350350648165 0.010090045630931854 0.053480811417102814
v 0.0031627637799829245 -0.021431149914860725 0.05882302671670914
v 0.008009134791791439 -0.007224007043987513 0.06364012509584427
v 0.0059911892749369144 -0.02209251932799816 0.05296865105628967
v 0.005735754035413265 -0.016385579481720924 0.06578085571527481
v 0.032311610877513885 0.03450298681855202 0.04620613157749176
v 0.03194205462932587 0.031987447291612625 0.044612716883420944
v 0.02326040342450142 0.037957318127155304 0.04979976639151573
v 0.004747577477246523 0.037191011011600494 0.05308740958571434
v 0.01008992176502943 0.037892937660217285 0.052262816578149796
v 0.03172901272773743 0.02909807302057743 0.04194112494587898
v 0.03203064948320389 0.028202805668115616 0.04007440060377121
v 0.03149794414639473 0.03005129098892212 0.0429125614464283
v 0.031940147280693054 0.02846205048263073 0.041109923273324966
v 0.03211860731244087 0.029003392904996872 0.04162507876753807
v 0.030811477452516556 0.0295918807387352 0.04190664738416672
v 0.030739348381757736 0.02918197400867939 0.04141337051987648
v 0.030751867219805717 0.0379333570599556 0.04792948067188263
v 0.03096967749297619 0.02917078509926796 0.04175255447626114
v 0.03231252357363701 0.02922016941010952 0.03843733295798302
v 0.0325552299618721 0.02834155783057213 0.03539963439106941
v 0.022337984293699265 0.050543054938316345 0.052693143486976624
v 0.05467492341995239 0.05160849913954735 0.02936580218374729
v 0.05728708580136299 0.045183323323726654 0.026522530242800713
v 0.05197454243898392 0.0043554892763495445 0.03383305296301842
v 0.05506617948412895 0.00523392716422677 0.03108975663781166
v 0.019360562786459923 0.04334501922130585 0.05293981358408928
v 0.028341833502054214 0.07705756276845932 0.04533929005265236
v 0.03318217024207115 0.12482195347547531 -0.006682122591882944
v 0.026243852451443672 0.06720332056283951 0.04780842363834381
v 0.041941266506910324 0.058099113404750824 0.04106519743800163
v 0.033223818987607956 0.12033580988645554 0.002980159129947424
v 0.0496157705783844 0.05682983621954918 0.03450748324394226
v 0.05972670391201973 0.012705378234386444 0.02320866286754608
v 0.007271168287843466 0.05690509453415871 0.0537828765809536
v 0.06088561192154884 0.018720783293247223 0.021471241489052773
v 0.015451130457222462 0.05786571651697159 0.052830770611763
v 0.028949186205863953 0.13327819108963013 -0.07113457471132278
v 0.013645301572978497 0.03355485945940018 0.0495431013405323
v 0.04088496416807175 0.006073931232094765 0.03852825611829758
v 0.044038061052560806 0.005907309707254171 0.03731882944703102
v 0.03319629654288292 0.13347788155078888 -0.05952144414186478
v 0.05879690498113632 0.009116953238844872 0.025595620274543762
v 0.0313594676554203 0.09653563052415848 0.03415299952030182
v 0.0098525770008564 0.026443911716341972 0.046728529036045074
v 0.010951217263936996 0.029719671234488487 0.04767388105392456
v 0.03234105929732323 0.10350702702999115 0.0269240103662014
v 0.032863933593034744 0.10975799709558487 0.019257156178355217
v 0.033529285341501236 0.1286238133907318 -0.01784326136112213
v 0.02315201796591282 0.0092260567471385 0.04074086993932724
v 0.059187423437833786 0.03781295567750931 0.024382680654525757
v 0.06024802848696709 0.030868859961628914 0.02328258380293846
v 0.034062210470438004 0.13329985737800598 -0.04533948376774788
v 0.03301672637462616 0.007007016334682703 0.04033603146672249
v 0.060989320278167725 0.02482740394771099 0.0217023603618145
v 0.01629292592406273 0.13526687026023865 -0.0790945366024971
v 0.057438336312770844 0.006718819495290518 0.028277039527893066
v 0.033651240170001984 0.05845024064183235 0.046461526304483414
v 0.03711850196123123 0.006401915103197098 0.039466917514801025
v 0.009676224552094936 0.02328214980661869 0.04528062790632248
v 0.01845548115670681 0.011199384927749634 0.04083780199289322
v 0.014737917110323906 0.013941231183707714 0.04135862737894058
v 0.03309980034828186 0.11534586548805237 0.011477326974272728
v 0.012310022488236427 0.016121407970786095 0.0420873686671257
v 0.009873125702142715 0.020477663725614548 0.043942246586084366
v 0.02797066420316696 0.007874712347984314 0.04086107760667801
v 0.029973018914461136 0.08704077452421188 0.04067292436957359
v 0.03377201408147812 0.13156862556934357 -0.030954580754041672
v 0.0475953072309494 0.00532469991594553 0.035840049386024475
v 0.010854818858206272 0.017920590937137604 0.04300457984209061
v 0.016329562291502953 0.03818206116557121 0.051292937248945236
v 0.024473780766129494 0.05838057026267052 0.05060255900025368
v 0.02625684253871441 -0.0499117448925972 0.03586916625499725
v 0.027341486886143684 -0.0541021004319191 0.032452598214149475
v 0.027188559994101524 -0.06355930864810944 0.02697277069091797
v 0.020469995215535164 -0.040521543473005295 0.04520392417907715
v 0.02392306737601757 -0.0450187548995018 0.04024031013250351
v 0.01891035959124565 -0.08101735264062881 0.028732016682624817
v 0.02774001471698284 -0.05749477818608284 0.03000784106552601
v 0.013305874541401863 -0.08486698567867279 0.03145188093185425
v 0.027981527149677277 -0.060168392956256866 0.028152404353022575
v 0.006760471500456333 -0.08707788586616516 0.03353514522314072
v 0.010183301754295826 -0.03455962613224983 0.05221050977706909
v 0.004783871117979288 -0.03356176242232323 0.053623467683792114
v 0.015560074709355831 -0.036926403641700745 0.04940759018063545
v 0.02576385997235775 -0.06925380229949951 0.026173366233706474
v 0.02321985363960266 -0.07601708173751831 0.026350567117333412
v 0.03403777256608009 0.0234499741345644 0.028885258361697197
v -0.03401199355721474 0.023423291742801666 0.02749696560204029
v 0.03159280866384506 0.02339354157447815 0.040193915367126465
v 0.029983827844262123 0.02339266613125801 0.03987790271639824
v 0.028500033542513847 0.023392703384160995 0.03939248248934746
v 0.027255097404122353 0.02339249476790428 0.0388159416615963
v 0.03162471204996109 0.023721683770418167 0.04019326716661453
v 0.030046330764889717 0.024036124348640442 0.03987845778465271
v 0.028591489419341087 0.024326493963599205 0.03939308971166611
v 0.027373604476451874 0.024570414796471596 0.038816217333078384
v 0.031721461564302444 0.02403591014444828 0.04019424691796303
v 0.03023439459502697 0.024655241519212723 0.039878346025943756
v 0.028863482177257538 0.02522331476211548 0.03939209505915642
v 0.027713801711797714 0.025700969621539116 0.038814958184957504
v 0.031873468309640884 0.024326013401150703 0.04019356891512871
v 0.0305373203009367 0.02522328682243824 0.03987792506814003
v 0.029303807765245438 0.02605256997048855 0.039391644299030304
v 0.0282696895301342 0.02674371749162674 0.038814954459667206
v 0.03208417445421219 0.024579351767897606 0.04019218683242798
v 0.03094513528048992 0.025719376280903816 0.03987657278776169
v 0.029894627630710602 0.026776500046253204 0.039389777928590775
v 0.02901449240744114 0.027659764513373375 0.038813263177871704
v 0.03233569860458374 0.02478913776576519 0.04019063338637352
v 0.0314423069357872 0.026131557300686836 0.03987359628081322
v 0.03061823360621929 0.027369344606995583 0.03938755393028259
v 0.029928335919976234 0.028408464044332504 0.0388096384704113
v 0.03262634575366974 0.024942681193351746 0.040188636630773544
v 0.03201019763946533 0.026434533298015594 0.03987128287553787
v 0.031442463397979736 0.02781008929014206 0.03938545286655426
v 0.030968179926276207 0.028963450342416763 0.03880781680345535
v 0.03293989971280098 0.02503918670117855 0.040188226848840714
v 0.03262726590037346 0.026622112840414047 0.03987143933773041
v 0.0323360450565815 0.028084399178624153 0.03938458859920502
v 0.03209470212459564 0.029307376593351364 0.03880615532398224
v 0.03326638042926788 0.025071868672966957 0.04018798843026161
v 0.03326611965894699 0.026685383170843124 0.03987034410238266
v 0.03326723352074623 0.028175119310617447 0.03938288986682892
v 0.03326750174164772 0.029426218941807747 0.038804683834314346
v 0.03359349071979523 0.025039376690983772 0.04018864780664444
v 0.03390660881996155 0.026621587574481964 0.03986985236406326
v 0.03419797867536545 0.02808292582631111 0.03938198462128639
v 0.034438956528902054 0.029305769130587578 0.03880317509174347
v 0.033906757831573486 0.024941498413681984 0.0401887409389019
v 0.034522973001003265 0.026432832702994347 0.0398707278072834
v 0.03508942201733589 0.027808668091893196 0.039381276816129684
v 0.03556550666689873 0.02896171435713768 0.038802169263362885
v 0.034196995198726654 0.02478949725627899 0.04018797352910042
v 0.03508946672081947 0.02612985111773014 0.03986937925219536
v 0.03591480106115341 0.02736644633114338 0.039381109178066254
v 0.036604221910238266 0.0284049641340971 0.038801271468400955
v 0.03444801643490791 0.024578198790550232 0.040186963975429535
v 0.03558764606714249 0.02571840025484562 0.03986954316496849
v 0.03663739562034607 0.026773005723953247 0.03938005492091179
v 0.037516266107559204 0.027654442936182022 0.038799818605184555
v 0.03465757891535759 0.02432418428361416 0.040187541395425797
v 0.0359950065612793 0.025220219045877457 0.03986812382936478
v 0.03722812980413437 0.026047687977552414 0.03937865048646927
v 0.038264114409685135 0.026739660650491714 0.03879944235086441
v 0.03481116518378258 0.02403385005891323 0.04018761217594147
v 0.03629748895764351 0.0246521458029747 0.03986988216638565
v 0.03766937553882599 0.025220025330781937 0.03937981650233269
v 0.038820505142211914 0.02569669485092163 0.038799725472927094
v 0.03490782901644707 0.02371992915868759 0.04018854722380638
v 0.0364859476685524 0.02403413876891136 0.039869800209999084
v 0.03794263303279877 0.024324139580130577 0.03938013315200806
v 0.03916269540786743 0.024567581713199615 0.038801077753305435
v 0.034940335899591446 0.023392055183649063 0.040188416838645935
v 0.0365501269698143 0.0233919695019722 0.0398700088262558
v 0.03803449124097824 0.023391524329781532 0.039380162954330444
v 0.039281416684389114 0.023391127586364746 0.03880048543214798
v 0.0349082313477993 0.023064790293574333 0.0401872843503952
v 0.03648598864674568 0.022747274488210678 0.039868179708719254
v 0.03794341906905174 0.022456716746091843 0.03937990590929985
v 0.039163097739219666 0.02221483550965786 0.03880107402801514
v 0.03481132164597511 0.02274847775697708 0.04018568992614746
v 0.036298952996730804 0.022131554782390594 0.039867039769887924
v 0.03767123073339462 0.021560724824666977 0.039379462599754333
v 0.03882235661149025 0.02108512632548809 0.03880119323730469
v 0.03465929254889488 0.022457674145698547 0.040185242891311646
v 0.03599781543016434 0.02156035602092743 0.039866331964731216
v 0.03723125904798508 0.020732766017317772 0.039380498230457306
v 0.03826812282204628 0.020038658753037453 0.03880220651626587
v 0.034449558705091476 0.0222029909491539 0.040186744183301926
v 0.035590097308158875 0.021062003448605537 0.03987005352973938
v 0.036640189588069916 0.020006710663437843 0.03938346728682518
v 0.03752054646611214 0.01912200264632702 0.03880488872528076
v 0.03419886901974678 0.021993380039930344 0.040189389139413834
v 0.035092417150735855 0.020651569589972496 0.03987313061952591
v 0.03591844066977501 0.01941080577671528 0.03938675299286842
v 0.03660895675420761 0.01837249845266342 0.03880772367119789
v 0.033908113837242126 0.02183982916176319 0.040191419422626495
v 0.03452514857053757 0.020346498116850853 0.03987458720803261
v 0.03509217128157616 0.018971387296915054 0.039388444274663925
v 0.03556828573346138 0.01781642623245716 0.03880978748202324
v 0.03359485790133476 0.02174174226820469 0.04019196331501007
v 0.033909399062395096 0.02015753462910652 0.03987661376595497
v 0.03420010954141617 0.018697572872042656 0.03938911110162735
v 0.0344417504966259 0.01747209019958973 0.03881159797310829
v 0.03326796740293503 0.02170969545841217 0.04019235447049141
v 0.03326808288693428 0.02009630762040615 0.039876788854599
v 0.03326849639415741 0.018606089055538177 0.03939085081219673
v 0.033269431442022324 0.017354724928736687 0.03881276771426201
v 0.0329403281211853 0.021741565316915512 0.040192462503910065
v 0.03262758255004883 0.02015722543001175 0.03987780213356018
v 0.03233730420470238 0.01869654469192028 0.039392128586769104
v 0.03209611773490906 0.01747063547372818 0.03881467133760452
v 0.03262745589017868 0.021838411688804626 0.04019211605191231
v 0.03201008588075638 0.020345965400338173 0.03987669572234154
v 0.0314430370926857 0.018970659002661705 0.039392054080963135
v 0.030969180166721344 0.017815614119172096 0.03881465271115303
v 0.03233661502599716 0.021992642432451248 0.04019293189048767
v 0.031442683190107346 0.02064964920282364 0.039877958595752716
v 0.03061797469854355 0.019408350810408592 0.03939414396882057
v 0.029929915443062782 0.018371770158410072 0.03881491348147392
v 0.03208426013588905 0.022202085703611374 0.04019215330481529
v 0.030946169048547745 0.0210611242800951 0.03987766057252884
v 0.029895734041929245 0.02000604383647442 0.039392098784446716
v 0.029018906876444817 0.019121862947940826 0.0388154499232769
v 0.03187532722949982 0.022456007078289986 0.04019181802868843
v 0.030538339167833328 0.021558711305260658 0.039876800030469894
v 0.02930501289665699 0.020731577649712563 0.03939037397503853
v 0.028271790593862534 0.020039023831486702 0.038813136518001556
v 0.033266566693782806 0.023394450545310974 0.04030095785856247
v 0.03172355517745018 0.02274768240749836 0.04019122198224068
v 0.030236952006816864 0.022130224853754044 0.03987502306699753
v 0.028866037726402283 0.021560098975896835 0.03938988968729973
v 0.027716204524040222 0.021084822714328766 0.03881330415606499
v 0.03162553906440735 0.023062558844685555 0.040191587060689926
v 0.030047541484236717 0.022748224437236786 0.03987662121653557
v 0.028592810034751892 0.02245771698653698 0.039391085505485535
v 0.027374060824513435 0.0222159493714571 0.03881603851914406
v 0.02604517713189125 0.023392600938677788 0.038099322468042374
v 0.02417168952524662 0.02339295670390129 0.03659770265221596
v 0.022572418674826622 0.023393496870994568 0.03473096713423729
v 0.02138591930270195 0.0233942698687315 0.03267800807952881
v 0.020655354484915733 0.023395266383886337 0.03070708177983761
v 0.020411770790815353 0.02340042218565941 0.027124058455228806
v 0.020663131028413773 0.02339550480246544 0.02353913150727749
v 0.021395351737737656 0.023395273834466934 0.02156500332057476
v 0.02258535474538803 0.023394394665956497 0.019509093835949898
v 0.024188237264752388 0.023394474759697914 0.01763886772096157
v 0.026136623695492744 0.023395387455821037 0.016082337126135826
v 0.028363879770040512 0.023396247997879982 0.014915652573108673
v 0.03077561780810356 0.023396728560328484 0.014194364659488201
v 0.0261825118213892 0.024808542802929878 0.038099441677331924
v 0.02434682659804821 0.025172118097543716 0.0365971103310585
v 0.02277783676981926 0.02548903040587902 0.03473275527358055
v 0.02161455526947975 0.025718584656715393 0.03267695754766464
v 0.02089875191450119 0.025867370888590813 0.030704716220498085
v 0.020658601075410843 0.02591598592698574 0.027124173939228058
v 0.02090386487543583 0.02586732991039753 0.023541193455457687
v 0.02162362076342106 0.02571939118206501 0.021564815193414688
v 0.022791480645537376 0.025489751249551773 0.019507579505443573
v 0.024364428594708443 0.025173010304570198 0.01763811521232128
v 0.026275837793946266 0.0247950442135334 0.01608087494969368
v 0.02845560386776924 0.02435898408293724 0.01491687260568142
v 0.03082145005464554 0.023887863382697105 0.0141948526725173
v 0.026593752205371857 0.02616799995303154 0.0380999892950058
v 0.0248626209795475 0.026887593790888786 0.03659733757376671
v 0.023386994376778603 0.027505116537213326 0.034731823951005936
v 0.022291256114840508 0.02795916236937046 0.03267684951424599
v 0.021617509424686432 0.028241319581866264 0.030703052878379822
v 0.02139205113053322 0.02833534963428974 0.027122437953948975
v 0.021622024476528168 0.028241047635674477 0.02354181557893753
v 0.02229987271130085 0.027958650141954422 0.021563846617937088
v 0.023400815203785896 0.027504492551088333 0.01950676180422306
v 0.0248804222792387 0.026888104155659676 0.01763823814690113
v 0.026681838557124138 0.02613850124180317 0.01608121581375599
v 0.02873712219297886 0.025286706164479256 0.014916004613041878
v 0.030965741723775864 0.024359825998544693 0.014194042421877384
v 0.02725866064429283 0.027422647923231125 0.038098305463790894
v 0.025703411549329758 0.028469102457165718 0.036595460027456284
v 0.02437506802380085 0.029360482469201088 0.034731168299913406
v 0.023389382287859917 0.03002183325588703 0.03267592564225197
v 0.022783957421779633 0.03042761981487274 0.0307037141174078
v 0.0225797351449728 0.030568793416023254 0.02712102420628071
v 0.022787991911172867 0.030427630990743637 0.02353867143392563
v 0.023399831727147102 0.030021479353308678 0.021560566499829292
v 0.02438909001648426 0.029359612613916397 0.01950579322874546
v 0.02571907453238964 0.028467871248722076 0.01763947494328022
v 0.027341727167367935 0.02738029882311821 0.016081495210528374
v 0.02918991446495056 0.02613976038992405 0.014916722662746906
v 0.031198592856526375 0.024796046316623688 0.014194346964359283
v 0.028158804401755333 0.028522014617919922 0.038097672164440155
v 0.026833917945623398 0.029851697385311127 0.03659389168024063
v 0.025705769658088684 0.030985744670033455 0.034727588295936584
v 0.02486875094473362 0.031827837228775024 0.03267408534884453
v 0.024354426190257072 0.03234885260462761 0.0307014137506485
v 0.024181095883250237 0.032522354274988174 0.027119865640997887
v 0.024358676746487617 0.032347068190574646 0.02353489212691784
v 0.024878351017832756 0.03182782232761383 0.021558711305260658
v 0.02571846917271614 0.03098429925739765 0.019506031647324562
v 0.026850830763578415 0.029851159080863 0.01763630099594593
v 0.028229976072907448 0.028468981385231018 0.016080342233181
v 0.029804006218910217 0.026889463886618614 0.014915712177753448
v 0.03150974586606026 0.02517550066113472 0.014193227514624596
v 0.029254630208015442 0.029424482956528664 0.03809428587555885
v 0.028213683515787125 0.030986836180090904 0.03659069165587425
v 0.027326440438628197 0.032319486141204834 0.03472727909684181
v 0.02666901797056198 0.03331147879362106 0.03267224505543709
v 0.026265742257237434 0.03392380103468895 0.0306989923119545
v 0.026128491386771202 0.034130267798900604 0.027118036523461342
v 0.026270359754562378 0.03392387926578522 0.023533333092927933
v 0.02667747251689434 0.03331146761775017 0.021558506414294243
v 0.027338961139321327 0.03231929615139961 0.019503723829984665
v 0.02822917513549328 0.030985815450549126 0.017635731026530266
v 0.02931336872279644 0.029359806329011917 0.016078615561127663
v 0.03054988756775856 0.027505721896886826 0.014914543367922306
v 0.0318896546959877 0.02549096941947937 0.014193184673786163
v 0.030502144247293472 0.03009027987718582 0.038092240691185
v 0.029788212850689888 0.031828373670578 0.036588579416275024
v 0.029175354167819023 0.03331168368458748 0.034724775701761246
v 0.02872427925467491 0.03441406041383743 0.03266812860965729
v 0.028445731848478317 0.035094503313302994 0.03069479949772358
v 0.028355123475193977 0.03532600775361061 0.027115607634186745
v 0.028449254110455513 0.03509419411420822 0.023534346371889114
v 0.028731804341077805 0.03441309556365013 0.021557610481977463
v 0.029187222942709923 0.033311646431684494 0.019502168521285057
v 0.029802609235048294 0.03182871267199516 0.017633192241191864
v 0.030549392104148865 0.030021483078598976 0.01607687585055828
v 0.031399525701999664 0.027959506958723068 0.014913118444383144
v 0.03232486546039581 0.025721188634634018 0.014192359521985054
v 0.0318591333925724 0.030503828078508377 0.03808840736746788
v 0.03149748966097832 0.03234945237636566 0.036585304886102676
v 0.031184250488877296 0.03392334654927254 0.03472171723842621
v 0.030954066663980484 0.03509500250220299 0.03266486898064613
v 0.030812149867415428 0.035815462470054626 0.030693229287862778
v 0.030766434967517853 0.03606043756008148 0.027113819494843483
v 0.030815666541457176 0.035814788192510605 0.02353164739906788
v 0.03096054680645466 0.035093534737825394 0.021555650979280472
v 0.031194593757390976 0.0339227095246315 0.019500505179166794
v 0.03150799125432968 0.03234598785638809 0.017631324008107185
v 0.031888943165540695 0.030429629608988762 0.016075152903795242
v 0.03232331946492195 0.028242021799087524 0.014912043698132038
v 0.0327937938272953 0.025868268683552742 0.01419215090572834
v 0.03326832875609398 0.030642889440059662 0.03808654099702835
v 0.033269260078668594 0.032522354274988174 0.03658432140946388
v 0.03327115252614021 0.034130923449993134 0.03471778333187103
v 0.03327222540974617 0.03532523661851883 0.03266388922929764
v 0.03327331319451332 0.03605933114886284 0.03069162368774414
v 0.03327576443552971 0.03630854934453964 0.0271112360060215
v 0.03327788785099983 0.036058370023965836 0.023526683449745178
v 0.0332789309322834 0.0353245884180069 0.021554211154580116
v 0.03328012675046921 0.03413007780909538 0.01949850097298622
v 0.03328225389122963 0.03252188488841057 0.017630452290177345
v 0.0332830436527729 0.030568048357963562 0.016075486317276955
v 0.03328368812799454 0.028334587812423706 0.014911117032170296
v 0.03328392282128334 0.02591511234641075 0.014191828668117523
v 0.0346766896545887 0.030501672998070717 0.038085173815488815
v 0.0350436195731163 0.03234578296542168 0.03658220171928406
v 0.03535683825612068 0.03392237052321434 0.034716006368398666
v 0.03559071943163872 0.03509444370865822 0.03266149386763573
v 0.03573613613843918 0.03581488877534866 0.030687516555190086
v 0.03578555956482887 0.03605780750513077 0.027109624817967415
v 0.03573980554938316 0.03581436723470688 0.023527849465608597
v 0.035596903413534164 0.03509332984685898 0.021553486585617065
v 0.035365600138902664 0.0339224599301815 0.019496435299515724
v 0.035053662955760956 0.032345548272132874 0.01762954518198967
v 0.034677229821681976 0.030428852885961533 0.01607360877096653
v 0.03424273058772087 0.028242358937859535 0.014911161735653877
v 0.03377411141991615 0.025868715718388557 0.014191599562764168
v 0.03603026270866394 0.030086934566497803 0.03808482363820076
v 0.036750081926584244 0.031825337558984756 0.036580249667167664
v 0.03736558184027672 0.03330884128808975 0.0347147136926651
v 0.037820491939783096 0.034411802887916565 0.03266017511487007
v 0.03810287266969681 0.03509308025240898 0.03068464808166027
v 0.03819715231657028 0.03532330319285393 0.027107924222946167
v 0.03810491785407066 0.0350939966738224 0.02352699264883995
v 0.037826478481292725 0.03441254422068596 0.02155115455389023
v 0.037374019622802734 0.03331128507852554 0.01949542947113514
v 0.03676113858819008 0.031827300786972046 0.01762821152806282
v 0.03601576015353203 0.03002113476395607 0.01607412099838257
v 0.035167254507541656 0.027959581464529037 0.014910444617271423
v 0.03424341231584549 0.025721194222569466 0.014191207475960255
v 0.037280648946762085 0.029419422149658203 0.03808232769370079
v 0.03832400217652321 0.030982790514826775 0.036577992141246796
v 0.03921366482973099 0.0323166660964489 0.0347130224108696
v 0.03987481817603111 0.033308666199445724 0.03265970200300217
v 0.04028211534023285 0.03392159938812256 0.030684933066368103
v 0.040422722697257996 0.03412702679634094 0.027106035500764847
v 0.04028471186757088 0.03392203524708748 0.023523196578025818
v 0.03988146409392357 0.033310677856206894 0.021548520773649216
v 0.039222486317157745 0.032319217920303345 0.01949327625334263
v 0.03833543509244919 0.030985381454229355 0.01762874610722065
v 0.037252072244882584 0.029359402135014534 0.01607292890548706
v 0.03601725772023201 0.027504583820700645 0.014910314232110977
v 0.03467842936515808 0.025490930303931236 0.014190166257321835
v 0.038375966250896454 0.028514161705970764 0.03808267042040825
v 0.03970247879624367 0.0298468004912138 0.03657917678356171
v 0.04083430394530296 0.030981434509158134 0.03471126779913902
v 0.04167528823018074 0.031824953854084015 0.03265855461359024
v 0.04219377040863037 0.03234390169382095 0.03068487159907818
v 0.04237112030386925 0.03251950442790985 0.027105340734124184
v 0.04219663143157959 0.03234481438994408 0.02352149598300457
v 0.04168089106678963 0.031827665865421295 0.021547196432948112
v 0.04084254428744316 0.03098522499203682 0.019494282081723213
v 0.03971386328339577 0.029850339516997337 0.017626769840717316
v 0.038336288183927536 0.028468439355492592 0.016072798520326614
v 0.036763522773981094 0.02688821218907833 0.014910092577338219
v 0.03505556285381317 0.025175707414746284 0.014189851470291615
v 0.03927374631166458 0.027416961267590523 0.03808174654841423
v 0.04083539918065071 0.028463240712881088 0.036576755344867706
v 0.04216452315449715 0.02935592085123062 0.03471257537603378
v 0.04315481334924698 0.030018573626875877 0.03265821561217308
v 0.043765388429164886 0.030424989759922028 0.030683467164635658
v 0.043972767889499664 0.030565254390239716 0.02710508182644844
v 0.043767452239990234 0.030425911769270897 0.02352134883403778
v 0.04315939173102379 0.0300211813300848 0.021546415984630585
v 0.04217240586876869 0.029358746483922005 0.01949186436831951
v 0.040843721479177475 0.02846664749085903 0.017627837136387825
v 0.03922445699572563 0.027379333972930908 0.016072427853941917
v 0.03737756609916687 0.026139209046959877 0.014909697696566582
v 0.03536974638700485 0.024795960634946823 0.014189817011356354
v 0.039941221475601196 0.026163162663578987 0.038082536309957504
v 0.04167520999908447 0.02688303031027317 0.03657906875014305
v 0.043154872953891754 0.02750137634575367 0.034712158143520355
v 0.044255420565605164 0.02795623242855072 0.03265801817178726
v 0.0449322834610939 0.028239289298653603 0.030681798234581947
v 0.045161571353673935 0.028330938890576363 0.027104996144771576
v 0.04493337869644165 0.028239700943231583 0.023523693904280663
v 0.04425854608416557 0.027958117425441742 0.021548118442296982
v 0.04316034913063049 0.027503840625286102 0.019492603838443756
v 0.04168315604329109 0.026886142790317535 0.017626367509365082
v 0.03988474979996681 0.026137493550777435 0.01607179455459118
v 0.03783091530203819 0.02528592385351658 0.014909360557794571
v 0.03560224547982216 0.024359505623579025 0.014189780689775944
v 0.04035302996635437 0.024804571643471718 0.03808232396841049
v 0.0421953946352005 0.02516811154782772 0.036580268293619156
v 0.04376602917909622 0.025484716519713402 0.03471353277564049
v 0.0449351966381073 0.025715725496411324 0.032659128308296204
v 0.0456521101295948 0.02586515061557293 0.030682845041155815
v 0.04589536041021347 0.025912774726748466 0.02710600011050701
v 0.04565280303359032 0.025865433737635612 0.023523563519120216
v 0.04493487626314163 0.025717273354530334 0.02154865674674511
v 0.0437694750726223 0.025487860664725304 0.019492875784635544
v 0.04220042750239372 0.02517201006412506 0.01762639544904232
v 0.04028977081179619 0.024792712181806564 0.01607072912156582
v 0.038111794739961624 0.02435821294784546 0.01490959245711565
v 0.035745587199926376 0.02388729155063629 0.01418968103826046
v 0.04049590229988098 0.023390987887978554 0.03808360546827316
v 0.04237505421042442 0.023389993235468864 0.036582767963409424
v 0.04397672042250633 0.023390483111143112 0.03471522405743599
v 0.045165348798036575 0.023391418159008026 0.032660290598869324
v 0.04589752480387688 0.02339274249970913 0.030687648802995682
v 0.04614342749118805 0.023396950215101242 0.02710629627108574
v 0.04589593783020973 0.02339341677725315 0.023521197959780693
v 0.04516401141881943 0.02339320071041584 0.021548721939325333
v 0.04397684335708618 0.023393716663122177 0.019494561478495598
v 0.04237649217247963 0.023394251242280006 0.017626989632844925
v 0.04042966291308403 0.023393472656607628 0.016072915866971016
v 0.03820378705859184 0.023394139483571053 0.014910068362951279
v 0.035793401300907135 0.023394770920276642 0.014189841225743294
v 0.040355294942855835 0.021974410861730576 0.03808342292904854
v 0.04219836741685867 0.021609855815768242 0.036582205444574356
v 0.043772026896476746 0.021292807534337044 0.03471767157316208
v 0.04493829235434532 0.021065209060907364 0.0326613187789917
v 0.04565512761473656 0.020920833572745323 0.0306860264390707
v 0.045897092670202255 0.020873337984085083 0.027108006179332733
v 0.04565379023551941 0.020922377705574036 0.023525012657046318
v 0.04493626952171326 0.021067216992378235 0.021549835801124573
v 0.0437711700797081 0.021297484636306763 0.019495006650686264
v 0.04220055788755417 0.021613292396068573 0.017627350986003876
v 0.040290772914886475 0.021995535120368004 0.016071327030658722
v 0.03811182081699371 0.022429509088397026 0.014910141006112099
v 0.0357457734644413 0.022903699427843094 0.014190076850354671
v 0.03994506224989891 0.02061489224433899 0.038085732609033585
v 0.04168045148253441 0.019894622266292572 0.03658260032534599
v 0.04316098615527153 0.019276484847068787 0.034717850387096405
v 0.04426146671175957 0.01882420852780342 0.032662421464920044
v 0.044936653226614 0.018543777987360954 0.030686110258102417
v 0.045163992792367935 0.01844974420964718 0.027108483016490936
v 0.04493612051010132 0.018545446917414665 0.023526562377810478
v 0.04426058381795883 0.018826788291335106 0.02155139110982418
v 0.04316229745745659 0.01928200013935566 0.019496003165841103
v 0.04168469086289406 0.019898943603038788 0.017628533765673637
v 0.03988490253686905 0.020651239901781082 0.016073280945420265
v 0.037830937653779984 0.021504543721675873 0.014910192228853703
v 0.03560223802924156 0.022430365905165672 0.014190164394676685
v 0.03927807882428169 0.019359422847628593 0.0380852110683918
v 0.040840379893779755 0.018313385546207428 0.036582596600055695
v 0.04217110946774483 0.017420994117856026 0.03471853956580162
v 0.0431608110666275 0.01676255278289318 0.03266376256942749
v 0.04377038776874542 0.01635698415338993 0.030688146129250526
v 0.04397592321038246 0.016216125339269638 0.027110859751701355
v 0.04377029463648796 0.016359921544790268 0.023525891825556755
v 0.04316183179616928 0.016766397282481194 0.021551046520471573
v 0.042173322290182114 0.01742693968117237 0.019495461136102676
v 0.04084448143839836 0.018319185823202133 0.01762976311147213
v 0.039224717766046524 0.019407713785767555 0.01607409678399563
v 0.037377629429101944 0.02065116912126541 0.014910454861819744
v 0.03536975756287575 0.021995924413204193 0.01419082097709179
v 0.03837977349758148 0.018263308331370354 0.03808664157986641
v 0.03970782458782196 0.016930533573031425 0.03658388927578926
v 0.040840037167072296 0.015795955434441566 0.034717071801424026
v 0.04168099910020828 0.014954326674342155 0.032665278762578964
v 0.04219841957092285 0.014436326920986176 0.030690984800457954
v 0.042375318706035614 0.01426276471465826 0.02711017243564129
v 0.04219887778162956 0.014439422637224197 0.02352702058851719
v 0.04168366268277168 0.014958559535443783 0.021550552919507027
v 0.04084363579750061 0.015800850465893745 0.019498329609632492
v 0.03971445560455322 0.01693660020828247 0.01762993074953556
v 0.038336578756570816 0.018319686874747276 0.01607445254921913
v 0.03676370531320572 0.01989944837987423 0.014911294914782047
v 0.03505556657910347 0.021614475175738335 0.01419103890657425
v 0.03728540614247322 0.01735963299870491 0.038088608533144
v 0.03832850977778435 0.01579533889889717 0.03658522292971611
v 0.03921886906027794 0.014464241452515125 0.03472021594643593
v 0.039879780262708664 0.013473051600158215 0.032666388899087906
v 0.04028523340821266 0.012859825044870377 0.03069126605987549
v 0.04042653739452362 0.012654991820454597 0.02711269073188305
v 0.04028792679309845 0.012861022725701332 0.0235296618193388
v 0.03988303989171982 0.013476360589265823 0.021552449092268944
v 0.039223745465278625 0.014468930661678314 0.019496975466609
v 0.03833596035838127 0.0158012006431818 0.017632480710744858
v 0.03725222498178482 0.01742769218981266 0.016075721010565758
v 0.03601735457777977 0.019282832741737366 0.014912148006260395
v 0.03467833995819092 0.021298497915267944 0.01419161632657051
v 0.03328390419483185 0.023398475721478462 0.013948996551334858
v 0.0360344760119915 0.016690969467163086 0.03809236362576485
v 0.036752935498952866 0.014952313154935837 0.03658786788582802
v 0.037369463592767715 0.013472371734678745 0.034720826894044876
v 0.037824105471372604 0.01236953679472208 0.032667309045791626
v 0.03810514882206917 0.011689750477671623 0.030691366642713547
v 0.03819951415061951 0.011462421156466007 0.027113988995552063
v 0.038106825202703476 0.011691650375723839 0.023533036932349205
v 0.037827957421541214 0.012373204343020916 0.02155611850321293
v 0.03737605735659599 0.013476760126650333 0.01949889212846756
v 0.036762550473213196 0.014958667568862438 0.017631933093070984
v 0.03601682186126709 0.01676778867840767 0.016076885163784027
v 0.03516801819205284 0.018828842788934708 0.014912553131580353
v 0.0342431515455246 0.021068528294563293 0.014191566035151482
v 0.034679725766181946 0.016278265044093132 0.038093164563179016
v 0.0350460559129715 0.014433791860938072 0.036590296775102615
v 0.03535981476306915 0.012858801521360874 0.034723516553640366
v 0.03559320420026779 0.011689224280416965 0.0326690636575222
v 0.03573890030384064 0.010970832780003548 0.030693769454956055
v 0.03578723222017288 0.010730033740401268 0.02711605653166771
v 0.03574122488498688 0.010971946641802788 0.02353375218808651
v 0.03559897840023041 0.011692283675074577 0.02155851013958454
v 0.035367392003536224 0.012863565236330032 0.01950029656291008
v 0.03505399078130722 0.014440450817346573 0.017633482813835144
v 0.034677524119615555 0.016360526904463768 0.016076575964689255
v 0.034242723137140274 0.01854528859257698 0.014914369210600853
v 0.0337739922106266 0.020922604948282242 0.014192454516887665
v 0.03327028080821037 0.01613880880177021 0.038094662129879
v 0.03327085077762604 0.014257934875786304 0.0365912988781929
v 0.03327310457825661 0.012652203440666199 0.034724440425634384
v 0.033274438232183456 0.011461099609732628 0.03267047181725502
v 0.033275309950113297 0.010729068890213966 0.03069811314344406
v 0.03327787667512894 0.010486877523362637 0.027116898447275162
v 0.03327959403395653 0.01073154155164957 0.02353224903345108
v 0.033280592411756516 0.011464213021099567 0.021559324115514755
v 0.0332815982401371 0.012656394392251968 0.019503725692629814
v 0.03328245133161545 0.014265360310673714 0.017634563148021698
v 0.03328312933444977 0.01621897518634796 0.016078587621450424
v 0.033283621072769165 0.018455274403095245 0.01491382997483015
v 0.033284034579992294 0.020876700058579445 0.014192392118275166
v 0.031860511749982834 0.016277607530355453 0.03809671476483345
v 0.03149691969156265 0.014433745294809341 0.03659321367740631
v 0.03118661418557167 0.012858803384006023 0.03472808375954628
v 0.03095581941306591 0.011689470149576664 0.03267129510641098
v 0.0308137908577919 0.010971440933644772 0.030697239562869072
v 0.030768144875764847 0.010730802081525326 0.02711954526603222
v 0.030816126614809036 0.010973180644214153 0.023537732660770416
v 0.030961835756897926 0.011693192645907402 0.021560827270150185
v 0.031195849180221558 0.012863493524491787 0.01950465701520443
v 0.03150920942425728 0.014440510421991348 0.01763536036014557
v 0.0318889245390892 0.01636054925620556 0.016078468412160873
v 0.032324377447366714 0.018545465543866158 0.014915741980075836
v 0.03279389441013336 0.020922591909766197 0.014193326234817505
v 0.030506068840622902 0.01669054478406906 0.038098469376564026
v 0.029789406806230545 0.014954871498048306 0.03659471124410629
v 0.02917734533548355 0.013472774997353554 0.03472954034805298
v 0.028726521879434586 0.012370758689939976 0.03267393633723259
v 0.028447872027754784 0.011690680868923664 0.030698459595441818
v 0.028357379138469696 0.011462574824690819 0.02712094411253929
v 0.02845015749335289 0.011692360043525696 0.023539846763014793
v 0.02873286046087742 0.012373203411698341 0.021562624722719193
v 0.029187122359871864 0.01347664650529623 0.019506141543388367
v 0.029802730306982994 0.014958564192056656 0.017637383192777634
v 0.030549611896276474 0.01676797866821289 0.016080068424344063
v 0.031400490552186966 0.01882905513048172 0.014914805069565773
v 0.03232487291097641 0.02106848731637001 0.014192880131304264
v 0.029256433248519897 0.017358852550387383 0.03809808939695358
v 0.02821570448577404 0.01579541712999344 0.03659479692578316
v 0.027328087016940117 0.014464080333709717 0.03473086282610893
v 0.026670698076486588 0.013472630642354488 0.032676972448825836
v 0.026267625391483307 0.012860138900578022 0.03070199117064476
v 0.026130184531211853 0.012654568068683147 0.027122287079691887
v 0.02627108059823513 0.012862435542047024 0.023538054898381233
v 0.02667834609746933 0.01347674336284399 0.021562745794653893
v 0.02733992598950863 0.014470013789832592 0.019506845623254776
v 0.02822909690439701 0.015801366418600082 0.017640192061662674
v 0.029314307495951653 0.01742764376103878 0.016082124784588814
v 0.030550071969628334 0.01928376406431198 0.014916803687810898
v 0.03188983350992203 0.021298453211784363 0.014194169081747532
v 0.028161000460386276 0.01826237328350544 0.03809897229075432
v 0.02683693915605545 0.01692923717200756 0.0365968719124794
v 0.025708168745040894 0.015796639025211334 0.03472943603992462
v 0.024869967252016068 0.014956383965909481 0.03267771750688553
v 0.024355705827474594 0.01443772204220295 0.030702879652380943
v 0.024181393906474113 0.014263016171753407 0.02712293155491352
v 0.024359310045838356 0.01443925779312849 0.023538384586572647
v 0.024878278374671936 0.014958657324314117 0.021562838926911354
v 0.025719333440065384 0.015802085399627686 0.01950867660343647
v 0.026851125061511993 0.01693674549460411 0.017638854682445526
v 0.028230324387550354 0.018319658935070038 0.016082100570201874
v 0.02980409562587738 0.01990017667412758 0.014917057938873768
v 0.03151087835431099 0.021614259108901024 0.014193737879395485
v 0.027262099087238312 0.019360942766070366 0.0380978025496006
v 0.02570568211376667 0.018314054235816002 0.036595605313777924
v 0.024378152564167976 0.017422327771782875 0.03473201021552086
v 0.023391474038362503 0.016763173043727875 0.03267828747630119
v 0.02278381586074829 0.016357898712158203 0.030703801661729813
v 0.02258072979748249 0.016218069940805435 0.027123959735035896
v 0.02278873696923256 0.016360566020011902 0.023539993911981583
v 0.02339966595172882 0.016767151653766632 0.021563367918133736
v 0.02439061366021633 0.017428413033485413 0.019506674259901047
v 0.025720827281475067 0.018320048227906227 0.01763981021940708
v 0.027341943234205246 0.01940750703215599 0.01608261466026306
v 0.029189933091402054 0.020651008933782578 0.014917351305484772
v 0.031198684126138687 0.021995728835463524 0.014194470830261707
v 0.026596955955028534 0.020615775138139725 0.03809761628508568
v 0.02486550062894821 0.019896363839507103 0.03659560903906822
v 0.023389093577861786 0.019280895590782166 0.03473187983036041
v 0.0222924817353487 0.018825652077794075 0.032677046954631805
v 0.021619046106934547 0.018544230610132217 0.03070199303328991
v 0.021392229944467545 0.01845400221645832 0.027124304324388504
v 0.021621743217110634 0.01854492910206318 0.02354242652654648
v 0.022300520911812782 0.01882781833410263 0.021565161645412445
v 0.023400500416755676 0.01928214356303215 0.01950930804014206
v 0.024880308657884598 0.01989886909723282 0.01764041930437088
v 0.026681851595640182 0.02065141499042511 0.016082437708973885
v 0.028737051412463188 0.021504754200577736 0.014915895648300648
v 0.030965615063905716 0.022430406883358955 0.014194509945809841
v 0.026184141635894775 0.021975690498948097 0.038097694516181946
v 0.024347765371203423 0.021612731739878654 0.03659680485725403
v 0.022779185324907303 0.02129613421857357 0.03473188355565071
v 0.02161519043147564 0.021067675203084946 0.03267694264650345
v 0.020899636670947075 0.02092253789305687 0.030704529955983162
v 0.0206582210958004 0.020877134054899216 0.027124794200062752
v 0.02090342342853546 0.020923808217048645 0.023542119190096855
v 0.021624429151415825 0.02106909640133381 0.021565591916441917
v 0.02279239147901535 0.0212978757917881 0.019508279860019684
v 0.02436431497335434 0.02161462977528572 0.017638886347413063
v 0.02627567946910858 0.02199574187397957 0.016081515699625015
v 0.028455590829253197 0.022429825738072395 0.014917253516614437
v 0.03082248382270336 0.022904271259903908 0.014195090159773827
v -0.03495720401406288 0.023440707474946976 0.03880837559700012
v -0.03656485676765442 0.023440683260560036 0.038487743586301804
v -0.038046568632125854 0.0234406478703022 0.03799651190638542
v -0.03929155319929123 0.02344047836959362 0.03741712495684624
v -0.03492449223995209 0.023768655955791473 0.03880799189209938
v -0.03650057688355446 0.024082805961370468 0.038487985730171204
v -0.03795643150806427 0.02437288500368595 0.03799859806895256
v -0.03917475789785385 0.024616919457912445 0.03741934895515442
v -0.03482959046959877 0.024082813411951065 0.03880959749221802
v -0.03631441295146942 0.024701537564396858 0.038490768522024155
v -0.03768490254878998 0.025269456207752228 0.03800087049603462
v -0.038834452629089355 0.025746110826730728 0.0374206006526947
v -0.034676481038331985 0.02437336929142475 0.03881068527698517
v -0.03601261228322983 0.025269795209169388 0.03849123418331146
v -0.037245187908411026 0.026097558438777924 0.038002073764801025
v -0.0382804311811924 0.026789763942360878 0.03742411360144615
v -0.03446779027581215 0.02462792955338955 0.03881194442510605
v -0.035606641322374344 0.025768421590328217 0.03849510848522186
v -0.036655936390161514 0.0268235020339489 0.038006071001291275
v -0.037534233182668686 0.027704685926437378 0.03742749243974686
v -0.03421696275472641 0.024839239194989204 0.038813527673482895
v -0.035109251737594604 0.02618030458688736 0.03849628567695618
v -0.03593447804450989 0.027417482808232307 0.038008660078048706
v -0.03662332147359848 0.028455687686800957 0.03743012994527817
v -0.03392677754163742 0.024991093203425407 0.038813941180706024
v -0.03454342484474182 0.026483070105314255 0.038497522473335266
v -0.0351092666387558 0.027859505265951157 0.038009561598300934
v -0.0355851911008358 0.02901260368525982 0.037432052195072174
v -0.03361412137746811 0.02508912980556488 0.03881494700908661
v -0.03392678126692772 0.02667214721441269 0.03849802538752556
v -0.03421807661652565 0.028133952990174294 0.038011401891708374
v -0.03445874899625778 0.029356997460126877 0.03743332624435425
v -0.033286917954683304 0.025121623650193214 0.03881547600030899
v -0.033286694437265396 0.026735883206129074 0.03849911689758301
v -0.03328757733106613 0.028226077556610107 0.038012441247701645
v -0.03328675776720047 0.029476741328835487 0.03743408992886543
v -0.032960448414087296 0.025089677423238754 0.03881686180830002
v -0.03264729306101799 0.026672836393117905 0.03850087523460388
v -0.03235551342368126 0.028135117143392563 0.03801388293504715
v -0.03211398050189018 0.029357975348830223 0.037435099482536316
v -0.03264635056257248 0.024993252009153366 0.038816921412944794
v -0.032030701637268066 0.02648530900478363 0.0385005883872509
v -0.03146188706159592 0.02786080352962017 0.03801403194665909
v -0.030987197533249855 0.02901405096054077 0.03743605315685272
v -0.03235602751374245 0.024839425459504128 0.03881651535630226
v -0.03146221861243248 0.026182051748037338 0.038501061499118805
v -0.03063810244202614 0.027420055121183395 0.03801484405994415
v -0.02994719333946705 0.028458911925554276 0.037436340004205704
v -0.03210495039820671 0.024629423394799232 0.03881629928946495
v -0.03096538782119751 0.025769192725419998 0.03850100561976433
v -0.02991483360528946 0.02682631090283394 0.038013990968465805
v -0.02903323620557785 0.02770933322608471 0.037436436861753464
v -0.031894851475954056 0.024375060573220253 0.03881589323282242
v -0.03055841289460659 0.02527208812534809 0.03849989175796509
v -0.0293247252702713 0.02610146626830101 0.03801332041621208
v -0.028289224952459335 0.026792511343955994 0.0374351367354393
v -0.03174284100532532 0.02408411167562008 0.03881557285785675
v -0.030256131663918495 0.02470366843044758 0.038498830050230026
v -0.028884585946798325 0.02527143806219101 0.03801131248474121
v -0.027734579518437386 0.025749193504452705 0.037432197481393814
v -0.03164578601717949 0.023769833147525787 0.038814641535282135
v -0.03006812185049057 0.024084042757749557 0.03849746659398079
v -0.02861393429338932 0.024374734610319138 0.03800961375236511
v -0.027394842356443405 0.024618661031126976 0.03743138536810875
v -0.03161442652344704 0.023442134261131287 0.038814328610897064
v -0.030006201937794685 0.023441080003976822 0.038496434688568115
v -0.02852265164256096 0.02344120293855667 0.03800822049379349
v -0.027276508510112762 0.023441065102815628 0.037429798394441605
v -0.031646642833948135 0.02311132475733757 0.03881273418664932
v -0.03006923384964466 0.022796910256147385 0.038495585322380066
v -0.028615735471248627 0.0225067138671875 0.038006383925676346
v -0.027396349236369133 0.022264759987592697 0.03742934390902519
v -0.03174493834376335 0.02279672771692276 0.03881234675645828
v -0.03025921992957592 0.022180190309882164 0.038494426757097244
v -0.028888501226902008 0.021610097959637642 0.038005780428647995
v -0.02773851901292801 0.021134424954652786 0.037426747381687164
v -0.03189757093787193 0.022506283596158028 0.03881227597594261
v -0.030561376363039017 0.021609585732221603 0.03849397599697113
v -0.02932867966592312 0.02078298293054104 0.03800512105226517
v -0.028294283896684647 0.02008962817490101 0.03742554038763046
v -0.03210670128464699 0.02225288189947605 0.03881283476948738
v -0.03096899949014187 0.021112168207764626 0.038495488464832306
v -0.029919806867837906 0.020058192312717438 0.03800499439239502
v -0.02904217131435871 0.01917300559580326 0.03742498904466629
v -0.03235892578959465 0.022043660283088684 0.03881242871284485
v -0.03146617114543915 0.020701808854937553 0.03849285840988159
v -0.030643202364444733 0.01946188323199749 0.038004957139492035
v -0.029953697696328163 0.018423909321427345 0.03742452710866928
v -0.032648857682943344 0.021888721734285355 0.03881191834807396
v -0.03203297033905983 0.020397229120135307 0.038493551313877106
v -0.031466469168663025 0.019022874534130096 0.038004323840141296
v -0.030992254614830017 0.017867786809802055 0.037424203008413315
v -0.0329618863761425 0.0217917338013649 0.03881119191646576
v -0.03264956176280975 0.020208125934004784 0.03849285468459129
v -0.03235973045229912 0.01874827779829502 0.03800370544195175
v -0.032118555158376694 0.017522497102618217 0.037424515932798386
v -0.033288855105638504 0.0217593964189291 0.038811661303043365
v -0.033289309591054916 0.0201465655118227 0.038493432104587555
v -0.03328970447182655 0.018656738102436066 0.038004741072654724
v -0.033290568739175797 0.01740570180118084 0.03742436692118645
v -0.03361497074365616 0.021791493520140648 0.038809776306152344
v -0.03392909839749336 0.020207533612847328 0.03849202021956444
v -0.034219685941934586 0.018747642636299133 0.03800336644053459
v -0.03446197137236595 0.01752234250307083 0.03742517530918121
v -0.033927347511053085 0.021889546886086464 0.038809847086668015
v -0.03454430401325226 0.02039635181427002 0.03849115967750549
v -0.03511061891913414 0.019021010026335716 0.03800380602478981
v -0.03558714687824249 0.01786605641245842 0.03742441162467003
v -0.03421726077795029 0.02204289101064205 0.03880792483687401
v -0.03510986268520355 0.020700905472040176 0.03848978877067566
v -0.035935599356889725 0.019460264593362808 0.03800227865576744
v -0.036625832319259644 0.018421435728669167 0.03742388263344765
v -0.03446771204471588 0.022252265363931656 0.03880717605352402
v -0.03560655564069748 0.021111072972416878 0.038488082587718964
v -0.036655496805906296 0.020055899396538734 0.03799959644675255
v -0.037535425275564194 0.01917017064988613 0.03742242604494095
v -0.034675829112529755 0.022506581619381905 0.038804445415735245
v -0.0360117070376873 0.02160935290157795 0.038482293486595154
v -0.03724402189254761 0.020782027393579483 0.03799527883529663
v -0.03828002139925957 0.020087532699108124 0.03741807863116264
v -0.03328659012913704 0.023441947996616364 0.0389239601790905
v -0.03482787311077118 0.02279718779027462 0.038805391639471054
v -0.03631311655044556 0.02218090556561947 0.038483720272779465
v -0.0376824252307415 0.021610062569379807 0.03799377381801605
v -0.03883150964975357 0.021134469658136368 0.03741477429866791
v -0.034924037754535675 0.023113640025258064 0.0388062559068203
v -0.036498572677373886 0.022796079516410828 0.03848393261432648
v -0.0379529669880867 0.022506052628159523 0.037992991507053375
v -0.0391719788312912 0.02226433902978897 0.03741498664021492
v -0.040504906326532364 0.023439817130565643 0.03670203685760498
v -0.04238137975335121 0.02343832328915596 0.03520093858242035
v -0.04398490861058235 0.023437723517417908 0.03333842754364014
v -0.04517420753836632 0.02343704178929329 0.03128722682595253
v -0.04590648412704468 0.023436350747942924 0.02931651473045349
v -0.0461510606110096 0.023435411974787712 0.02573813870549202
v -0.04590263217687607 0.0234343521296978 0.022152887657284737
v -0.04516931250691414 0.023434573784470558 0.02018016204237938
v -0.04398023337125778 0.02343507669866085 0.018124379217624664
v -0.0423780232667923 0.023435357958078384 0.016255440190434456
v -0.04043012857437134 0.023434577509760857 0.01469995267689228
v -0.038203202188014984 0.023434767499566078 0.013535055331885815
v -0.03579222038388252 0.023434843868017197 0.012812456116080284
v -0.040364596992731094 0.02485348843038082 0.03670286759734154
v -0.042204707860946655 0.025216348469257355 0.03520200029015541
v -0.04377712309360504 0.025532018393278122 0.03334025293588638
v -0.04494541138410568 0.025761140510439873 0.03128737956285477
v -0.04566247761249542 0.02590835653245449 0.029313918203115463
v -0.04590456560254097 0.02595430053770542 0.02573825605213642
v -0.045660145580768585 0.02590697631239891 0.02215576358139515
v -0.04494025185704231 0.025759046897292137 0.020180195569992065
v -0.043773140758275986 0.025529589504003525 0.018123498186469078
v -0.04220188409090042 0.025213470682501793 0.016254892572760582
v -0.04028984159231186 0.024833891540765762 0.014697261154651642
v -0.03811092674732208 0.024398943409323692 0.013534002006053925
v -0.03574422746896744 0.02392745204269886 0.012811730615794659
v -0.03995569795370102 0.026212722063064575 0.03670668229460716
v -0.04168837144970894 0.02693157084286213 0.03520476445555687
v -0.04316836968064308 0.027549032121896744 0.03334126994013786
v -0.044267185032367706 0.028001800179481506 0.031287845224142075
v -0.044943224638700485 0.028283443301916122 0.029313446953892708
v -0.045170798897743225 0.02837369218468666 0.025737112388014793
v -0.044941145926713943 0.028282351791858673 0.022156041115522385
v -0.04426417872309685 0.027999993413686752 0.020179683342576027
v -0.043164148926734924 0.027545394375920296 0.018123844638466835
v -0.0416850782930851 0.026928070932626724 0.01625571772456169
v -0.03988487273454666 0.026178594678640366 0.014698167331516743
v -0.03782968968153 0.025326373055577278 0.013532998040318489
v -0.035600949078798294 0.024399174377322197 0.012811201624572277
v -0.0392901785671711 0.027466824278235435 0.03670923039317131
v -0.04085073620080948 0.02851220965385437 0.035205528140068054
v -0.042179565876722336 0.029404254630208015 0.03334231674671173
v -0.04316812381148338 0.03006484918296337 0.031288180500268936
v -0.04377686232328415 0.030470050871372223 0.02931465394794941
v -0.04398239031434059 0.030609088018536568 0.02573665790259838
v -0.04377463459968567 0.030468635261058807 0.022153129801154137
v -0.04316467046737671 0.03006306290626526 0.020177260041236877
v -0.04217563569545746 0.029399078339338303 0.018121177330613136
v -0.04084566608071327 0.0285077802836895 0.016255740076303482
v -0.03922500088810921 0.02742014080286026 0.014698946848511696
v -0.037376973778009415 0.026179613545536995 0.013534209690988064
v -0.03536828234791756 0.024835685268044472 0.012811952270567417
v -0.038393404334783554 0.028564201667904854 0.036711495369672775
v -0.03971901908516884 0.029896119609475136 0.03520878404378891
v -0.04084961861371994 0.03103010542690754 0.03334276005625725
v -0.04168911278247833 0.03187115490436554 0.0312906876206398
v -0.04220544174313545 0.03238937258720398 0.029315823689103127
v -0.04238094761967659 0.03256369009613991 0.025736253708600998
v -0.04220404475927353 0.032387856394052505 0.022152310237288475
v -0.04168626293540001 0.03186948224902153 0.020177558064460754
v -0.040846385061740875 0.031026799231767654 0.01812349259853363
v -0.039715588092803955 0.02989094704389572 0.01625405251979828
v -0.038336873054504395 0.028508029878139496 0.014698116108775139
v -0.03676290810108185 0.02692829631268978 0.013533911667764187
v -0.03505415469408035 0.025215070694684982 0.012811508029699326
v -0.03729839622974396 0.02946925163269043 0.03671180456876755
v -0.038340792059898376 0.031031712889671326 0.035208411514759064
v -0.03922941908240318 0.03236481174826622 0.03334388509392738
v -0.03988891467452049 0.0333552248775959 0.031290147453546524
v -0.04029396176338196 0.033966656774282455 0.029314706102013588
v -0.040432509034872055 0.03417102247476578 0.025735950097441673
v -0.04029247164726257 0.03396505117416382 0.02215236984193325
v -0.039886873215436935 0.03335276246070862 0.020177405327558517
v -0.03922612965106964 0.032360855489969254 0.01812143810093403
v -0.03833768144249916 0.03102717362344265 0.016256049275398254
v -0.037252601236104965 0.029400117695331573 0.014698145911097527
v -0.03601698949933052 0.027544809505343437 0.01353343017399311
v -0.03467719629406929 0.025530438870191574 0.0128116300329566
v -0.03604903817176819 0.030137166380882263 0.0367148220539093
v -0.03676735609769821 0.03187403082847595 0.03521016612648964
v -0.037380948662757874 0.033356163650751114 0.0333445779979229
v -0.03783402964472771 0.03445711359381676 0.03128905966877937
v -0.0381142795085907 0.0351368710398674 0.029313085600733757
v -0.038206856697797775 0.03536679968237877 0.025736378505825996
v -0.038113027811050415 0.03513661026954651 0.022154834121465683
v -0.03783224895596504 0.034454721957445145 0.020177945494651794
v -0.03737778961658478 0.03335303068161011 0.01812201924622059
v -0.03676290810108185 0.03186875209212303 0.01625298522412777
v -0.03601611778140068 0.030062157660722733 0.014697267673909664
v -0.03516624867916107 0.027999596670269966 0.013532105833292007
v -0.03424181416630745 0.02576061151921749 0.012811613269150257
v -0.0346953310072422 0.030551593750715256 0.036715008318424225
v -0.035060495138168335 0.03239373862743378 0.03521118313074112
v -0.03537221625447273 0.03396886587142944 0.03334467113018036
v -0.03560415655374527 0.03513918071985245 0.03128891438245773
v -0.035747677087783813 0.03585793823003769 0.0293146762996912
v -0.035794928669929504 0.03609989210963249 0.025736503303050995
v -0.03574719652533531 0.035856060683727264 0.02215367928147316
v -0.03560223430395126 0.03513519465923309 0.020177846774458885
v -0.03536918759346008 0.03396417200565338 0.01812068745493889
v -0.035055093467235565 0.032387085258960724 0.01625218614935875
v -0.0346774160861969 0.030470430850982666 0.014695731922984123
v -0.03424202278256416 0.02828318439424038 0.01353249792009592
v -0.033772774040699005 0.025908587500452995 0.012811735272407532
v -0.033286284655332565 0.03069201670587063 0.036715082824230194
v -0.03328584507107735 0.032569754868745804 0.03521222621202469
v -0.03328615054488182 0.03417704999446869 0.03334468603134155
v -0.03328554704785347 0.03536973148584366 0.031289875507354736
v -0.03328483924269676 0.036102406680583954 0.02931717224419117
v -0.033284496515989304 0.036347221583127975 0.02573661506175995
v -0.03328441455960274 0.03609984740614891 0.02214989624917507
v -0.03328408673405647 0.035366419702768326 0.02017691358923912
v -0.03328338637948036 0.034171734005212784 0.018120305612683296
v -0.033283527940511703 0.032563116401433945 0.016251543536782265
v -0.03328317776322365 0.03060920350253582 0.014696148224174976
v -0.03328269347548485 0.028375063091516495 0.013531255535781384
v -0.0332825593650341 0.025955215096473694 0.012811233289539814
v -0.03187743201851845 0.030553657561540604 0.03671635314822197
v -0.03151407837867737 0.03239739313721657 0.03521204739809036
v -0.03119892068207264 0.03397024795413017 0.033346496522426605
v -0.03096688911318779 0.03513960540294647 0.03128917142748833
v -0.03082270361483097 0.03585843741893768 0.029315482825040817
v -0.030775247141718864 0.03610207512974739 0.025735508650541306
v -0.03082282468676567 0.0358566977083683 0.022152472287416458
v -0.03096577525138855 0.03513547405600548 0.020176460966467857
v -0.031197836622595787 0.033964648842811584 0.018119554966688156
v -0.031509291380643845 0.03238716349005699 0.0162507351487875
v -0.031888850033283234 0.03047039918601513 0.014694326557219028
v -0.03232263773679733 0.02828262932598591 0.01353114191442728
v -0.03279249742627144 0.025908252224326134 0.012811030261218548
v -0.0305201206356287 0.03014027699828148 0.03671921417117119
v -0.02980479598045349 0.03187695890665054 0.03521372377872467
v -0.02918962389230728 0.0333593524992466 0.03334755823016167
v -0.028736544772982597 0.034459494054317474 0.031289562582969666
v -0.028455913066864014 0.03513871505856514 0.02931446209549904
v -0.028363743796944618 0.03536873310804367 0.02573510631918907
v -0.02845621667802334 0.035137295722961426 0.02215227484703064
v -0.028736941516399384 0.034455616027116776 0.020175453275442123
v -0.029190411791205406 0.03335362300276756 0.01811879314482212
v -0.02980414219200611 0.03186988830566406 0.01625053770840168
v -0.030549567192792892 0.030062170699238777 0.0146947568282485
v -0.03139843791723251 0.027999797835946083 0.013531412929296494
v -0.0323234461247921 0.025760991498827934 0.012810750864446163
v -0.029271835461258888 0.029474014416337013 0.03671901673078537
v -0.02822945825755596 0.03103564865887165 0.035213910043239594
v -0.027340726926922798 0.032367900013923645 0.033348482102155685
v -0.026681477203965187 0.03335849195718765 0.0312914215028286
v -0.026276396587491035 0.033969223499298096 0.0293171014636755
v -0.026136988773941994 0.03417443484067917 0.025734495371580124
v -0.02627677097916603 0.0339670367538929 0.022148821502923965
v -0.02668233960866928 0.03335423022508621 0.02017335407435894
v -0.02734202891588211 0.032361388206481934 0.018117815256118774
v -0.028230853378772736 0.031026894226670265 0.016251137480139732
v -0.029313575476408005 0.029400557279586792 0.014695034362375736
v -0.030549341812729836 0.02754618600010872 0.013531789183616638
v -0.0318884551525116 0.02553088776767254 0.012810884043574333
v -0.028176087886095047 0.02857125923037529 0.03672046214342117
v -0.026849692687392235 0.029900645837187767 0.035215165466070175
v -0.02571909688413143 0.031033510342240334 0.03334582969546318
v -0.024880560114979744 0.03187538683414459 0.03129111975431442
v -0.024364594370126724 0.032394684851169586 0.029316553846001625
v -0.024189436808228493 0.032567098736763 0.025733616203069687
v -0.02436527982354164 0.03239050135016441 0.022147806361317635
v -0.02488316036760807 0.0318705290555954 0.02017117664217949
v -0.02572193369269371 0.031026285141706467 0.01811819337308407
v -0.026852689683437347 0.029892532154917717 0.016249798238277435
v -0.028230514377355576 0.02850964106619358 0.014695052057504654
v -0.029803406447172165 0.02692989446222782 0.013531570322811604
v -0.03150857985019684 0.025215348228812218 0.01281043328344822
v -0.02727624773979187 0.027471302077174187 0.03671823814511299
v -0.025718433782458305 0.02851734682917595 0.03521329537034035
v -0.024388235062360764 0.029408453032374382 0.03334774821996689
v -0.023401185870170593 0.030068932101130486 0.031290795654058456
v -0.022794190794229507 0.03047303855419159 0.02931530959904194
v -0.022588202729821205 0.03061334788799286 0.02573293447494507
v -0.02279483899474144 0.030471106991171837 0.02214863710105419
v -0.02340475283563137 0.03006407804787159 0.020171236246824265
v -0.024392670020461082 0.029401870444417 0.018116699531674385
v -0.02572157047688961 0.028509508818387985 0.01625109277665615
v -0.02734234742820263 0.02742113545536995 0.014694595709443092
v -0.02918935939669609 0.02618011087179184 0.013531249016523361
v -0.03119741566479206 0.02483591064810753 0.0128105403855443
v -0.026612328365445137 0.026216519996523857 0.03671758994460106
v -0.024878917261958122 0.026935718953609467 0.03521331772208214
v -0.023400628939270973 0.02755238674581051 0.03334660083055496
v -0.022303365170955658 0.028004879131913185 0.03128843754529953
v -0.021628260612487793 0.028285428881645203 0.029312239959836006
v -0.02140101231634617 0.028379226103425026 0.025731952860951424
v -0.02162959612905979 0.02828407473862171 0.022150035947561264
v -0.02230546809732914 0.028001194819808006 0.02017238922417164
v -0.023404311388731003 0.027546610683202744 0.01811656728386879
v -0.024882236495614052 0.026929626241326332 0.01624869555234909
v -0.02668202668428421 0.026179281994700432 0.014693418517708778
v -0.028736092150211334 0.025326676666736603 0.01353045180439949
v -0.03096456080675125 0.024399409070611 0.012810167856514454
v -0.02620163932442665 0.02485666237771511 0.03671450912952423
v -0.024363746866583824 0.025219600647687912 0.03521030396223068
v -0.02279224805533886 0.025535698980093002 0.03334519639611244
v -0.02162790112197399 0.025763599202036858 0.031286321580410004
v -0.0209103561937809 0.025910789147019386 0.029312873259186745
v -0.020668210461735725 0.02595868706703186 0.02573208138346672
v -0.02091171406209469 0.025908958166837692 0.022148195654153824
v -0.02162937819957733 0.025761134922504425 0.020171742886304855
v -0.022795232012867928 0.025531604886054993 0.018115956336259842
v -0.024366013705730438 0.025214409455657005 0.01624756120145321
v -0.026275847107172012 0.024836016818881035 0.014692101627588272
v -0.028454899787902832 0.024399422109127045 0.013529813848435879
v -0.030820120126008987 0.023927336558699608 0.012810216285288334
v -0.026064293459057808 0.023440677672624588 0.036712225526571274
v -0.024189315736293793 0.023440275341272354 0.0352092869579792
v -0.022588377818465233 0.023439712822437286 0.03334072604775429
v -0.02140067145228386 0.02343912236392498 0.03128574416041374
v -0.02066827565431595 0.023438766598701477 0.029314203187823296
v -0.020421667024493217 0.023439064621925354 0.0257318876683712
v -0.02067084051668644 0.02343648672103882 0.022144988179206848
v -0.02140146680176258 0.0234365351498127 0.020171141251921654
v -0.022589147090911865 0.023436056450009346 0.018116485327482224
v -0.02418988198041916 0.023436250165104866 0.016247503459453583
v -0.026136862114071846 0.023436183109879494 0.01469308603554964
v -0.028362814337015152 0.023435885086655617 0.013529001735150814
v -0.030773993581533432 0.023435737937688828 0.012809960171580315
v -0.02620459347963333 0.022024203091859818 0.03670975938439369
v -0.02436620555818081 0.021660039201378822 0.035207342356443405
v -0.022796286270022392 0.021342765539884567 0.03333982825279236
v -0.02163012884557247 0.02111263945698738 0.031284231692552567
v -0.020912297070026398 0.02096566930413246 0.029310356825590134
v -0.020668765529990196 0.020919060334563255 0.025730714201927185
v -0.02091214992105961 0.02096543088555336 0.022147757932543755
v -0.02163064107298851 0.02111053466796875 0.02017153799533844
v -0.022796284407377243 0.021339619532227516 0.01811499148607254
v -0.024365967139601707 0.021656140685081482 0.016247380524873734
v -0.026275910437107086 0.022036656737327576 0.014691716060042381
v -0.02845488302409649 0.02247009240090847 0.013529506511986256
v -0.030821029096841812 0.022943779826164246 0.012810101732611656
v -0.02661813423037529 0.020665116608142853 0.03670908883213997
v -0.02488534152507782 0.019944611936807632 0.03520483151078224
v -0.02340710535645485 0.019328081980347633 0.033338386565446854
v -0.02230771817266941 0.01887107826769352 0.03128303214907646
v -0.021631695330142975 0.018588310107588768 0.02930709719657898
v -0.02140304632484913 0.018496790900826454 0.025729868561029434
v -0.02163063734769821 0.018587393686175346 0.02214757911860943
v -0.022306906059384346 0.0188697949051857 0.020171167328953743
v -0.02340458147227764 0.019323745742440224 0.018115682527422905
v -0.024882234632968903 0.019941026344895363 0.016248421743512154
v -0.02668198198080063 0.02069210633635521 0.01469299104064703
v -0.028735997155308723 0.021544527262449265 0.013529138639569283
v -0.03096448816359043 0.022469740360975266 0.012809937819838524
v -0.027283987030386925 0.01941060833632946 0.03670719638466835
v -0.025725848972797394 0.018362976610660553 0.03520303964614868
v -0.02439679577946663 0.017470259219408035 0.0333380289375782
v -0.023407546803355217 0.016809716820716858 0.03128381446003914
v -0.02279745601117611 0.016403211280703545 0.029308956116437912
v -0.022591589018702507 0.01626172848045826 0.025729382410645485
v -0.02279682457447052 0.016402995213866234 0.022145260125398636
v -0.023405324667692184 0.016809212043881416 0.020170697942376137
v -0.02439408004283905 0.017469018697738647 0.018115868791937828
v -0.025722775608301163 0.018361777067184448 0.016249652951955795
v -0.0273424219340086 0.01944842003285885 0.014693508855998516
v -0.029189204797148705 0.020691165700554848 0.013529904186725616
v -0.031197326257824898 0.022035153582692146 0.012809515930712223
v -0.028182823210954666 0.018312467262148857 0.03670687600970268
v -0.026857277378439903 0.0169783066958189 0.035203419625759125
v -0.025725917890667915 0.0158441960811615 0.033335164189338684
v -0.024885820224881172 0.015003169886767864 0.031283196061849594
v -0.024369100108742714 0.014482924714684486 0.02930876798927784
v -0.02419218420982361 0.014307116158306599 0.02572905831038952
v -0.02436746470630169 0.01448209211230278 0.022144874557852745
v -0.024883784353733063 0.01500130258500576 0.020169444382190704
v -0.02572348341345787 0.015843141824007034 0.018116045743227005
v -0.026853101328015327 0.016977867111563683 0.016249027103185654
v -0.028230823576450348 0.018359670415520668 0.014694202691316605
v -0.02980349026620388 0.019940217956900597 0.013530530966818333
v -0.03150947391986847 0.021653534844517708 0.012809636071324348
v -0.029278164729475975 0.01740943267941475 0.03670598194003105
v -0.02823593094944954 0.01584423892199993 0.03520166128873825
v -0.027346963062882423 0.014512354508042336 0.03333713114261627
v -0.026686685159802437 0.013519170694053173 0.03128334507346153
v -0.026280725374817848 0.012904951348900795 0.02930908277630806
v -0.026140686124563217 0.012698182836174965 0.025729889050126076
v -0.026278913021087646 0.01290504727512598 0.022146165370941162
v -0.026684345677495003 0.013519066385924816 0.02017109841108322
v -0.027343852445483208 0.014511719346046448 0.018115775659680367
v -0.02823135070502758 0.01584305241703987 0.016250481829047203
v -0.029314959421753883 0.017468320205807686 0.01469417568296194
v -0.03054976649582386 0.019323822110891342 0.013530978001654148
v -0.031888626515865326 0.021338287740945816 0.012809986248612404
v -0.033282484859228134 0.02343599684536457 0.012568634003400803
v -0.03052857145667076 0.016742028295993805 0.0367070809006691
v -0.02980966866016388 0.01500426884740591 0.03520291671156883
v -0.029195373877882957 0.013520359992980957 0.033337004482746124
v -0.02874119207262993 0.012415892444550991 0.0312827043235302
v -0.028459955006837845 0.011734386906027794 0.02930731512606144
v -0.028367191553115845 0.011504927650094032 0.025730837136507034
v -0.028458453714847565 0.01173483207821846 0.022149451076984406
v -0.028738828375935555 0.01241517998278141 0.020173341035842896
v -0.029191192239522934 0.013518372550606728 0.018117062747478485
v -0.029804576188325882 0.014999859035015106 0.016250068321824074
v -0.030550122261047363 0.01680850423872471 0.014694331213831902
v -0.03139987587928772 0.018869051709771156 0.013530509546399117
v -0.03232366591691971 0.021108409389853477 0.012809892185032368
v -0.03188192844390869 0.01632867380976677 0.036706142127513885
v -0.031516183167696 0.014482440426945686 0.03520307317376137
v -0.031203903257846832 0.012905655428767204 0.0333375409245491
v -0.03097011148929596 0.01173424068838358 0.03128238767385483
v -0.030825477093458176 0.011014197021722794 0.029308365657925606
v -0.030777670443058014 0.010771657340228558 0.025731468573212624
v -0.030823925510048866 0.01101451925933361 0.022149812430143356
v -0.030967334285378456 0.011734538711607456 0.020174497738480568
v -0.03119942545890808 0.012904960662126541 0.01811799593269825
v -0.031510788947343826 0.014481449499726295 0.016250405460596085
v -0.03188927471637726 0.01640123873949051 0.014694024808704853
v -0.03232382982969284 0.018585801124572754 0.013531938195228577
v -0.03279269486665726 0.020962625741958618 0.012810410000383854
v -0.03329016640782356 0.01618853211402893 0.03670600801706314
v -0.033289726823568344 0.014306589029729366 0.035202573984861374
v -0.03328961506485939 0.012698995880782604 0.03333645313978195
v -0.03328859806060791 0.01150605920702219 0.03128327429294586
v -0.033287663012742996 0.01077234372496605 0.029311463236808777
v -0.03328673914074898 0.01052514836192131 0.025732586160302162
v -0.03328618034720421 0.010772302746772766 0.022147538140416145
v -0.03328567370772362 0.011505233123898506 0.0201750248670578
v -0.03328491747379303 0.012697465717792511 0.018119892105460167
v -0.033284083008766174 0.014306284487247467 0.016251355409622192
v -0.03328349441289902 0.01625971496105194 0.01469576545059681
v -0.033282920718193054 0.018495427444577217 0.013531235978007317
v -0.033282533288002014 0.02091679535806179 0.01281021535396576
v -0.03469870984554291 0.016327783465385437 0.036706481128931046
v -0.03506395220756531 0.014482235535979271 0.03520321100950241
v -0.035375095903873444 0.012905281037092209 0.033338479697704315
v -0.035606663674116135 0.01173427700996399 0.03128373622894287
v -0.035749759525060654 0.011013928800821304 0.02930987812578678
v -0.03579588606953621 0.010771995410323143 0.02573383040726185
v -0.03574793040752411 0.011013103649020195 0.022151321172714233
v -0.035603947937488556 0.011733448132872581 0.020176095888018608
v -0.03537043556571007 0.012904800474643707 0.018119286745786667
v -0.03505540266633034 0.014481419697403908 0.016251755878329277
v -0.034677788615226746 0.01640135608613491 0.014695226214826107
v -0.03424229100346565 0.01858585886657238 0.013532939366996288
v -0.03377267345786095 0.02096247673034668 0.012811033986508846
v -0.03605193644762039 0.016740087419748306 0.036707524210214615
v -0.03676936402916908 0.01500016637146473 0.03520343080163002
v -0.037383418530225754 0.013518206775188446 0.0333382710814476
v -0.0378362201154232 0.012414475902915001 0.031284913420677185
v -0.03811497986316681 0.01173344999551773 0.02931000106036663
v -0.03820740431547165 0.011505423113703728 0.02573392726480961
v -0.03811350837349892 0.011733672581613064 0.022152775898575783
v -0.037832681089639664 0.01241476833820343 0.02017623372375965
v -0.03737892210483551 0.01351798977702856 0.018120238557457924
v -0.0367639884352684 0.014999737963080406 0.016252191737294197
v -0.036017078906297684 0.016808554530143738 0.014696651138365269
v -0.03516723960638046 0.018869001418352127 0.013532258570194244
v -0.03424178436398506 0.021108299493789673 0.012810979969799519
v -0.03730089217424393 0.0174074899405241 0.03670598566532135
v -0.0383431576192379 0.01584184728562832 0.035203248262405396
v -0.03923166170716286 0.014509275555610657 0.0333390012383461
v -0.039890825748443604 0.013518312945961952 0.03128622844815254
v -0.04029451310634613 0.012904219329357147 0.02931170165538788
v -0.04043387621641159 0.012698296457529068 0.025734642520546913
v -0.04029380902647972 0.012903334572911263 0.02215154841542244
v -0.03988707438111305 0.013517746701836586 0.02017558179795742
v -0.039226315915584564 0.014509879052639008 0.018120184540748596
v -0.03833737224340439 0.015842793509364128 0.016254300251603127
v -0.03725241869688034 0.017468133941292763 0.014696924015879631
v -0.03601681441068649 0.01932288147509098 0.013532777316868305
v -0.03467705473303795 0.021338190883398056 0.012811987660825253
v -0.038394492119550705 0.01831045001745224 0.03670634329319
v -0.0397210530936718 0.01697755977511406 0.035204071551561356
v -0.04085144028067589 0.01584194041788578 0.033338386565446854
v -0.041690558195114136 0.015000133775174618 0.03128703683614731
v -0.04220673441886902 0.014481311663985252 0.029312988743185997
v -0.04238206520676613 0.014305497519671917 0.02573515474796295
v -0.04220425710082054 0.014481493271887302 0.022151654586195946
v -0.04168744757771492 0.014999588020145893 0.02017604373395443
v -0.04084664210677147 0.01584179885685444 0.018123282119631767
v -0.039715830236673355 0.016976984217762947 0.016254717484116554
v -0.038336824625730515 0.018359119072556496 0.014698152430355549
v -0.036762870848178864 0.019939040765166283 0.013533235527575016
v -0.03505415469408035 0.02165350876748562 0.012811681255698204
v -0.039290644228458405 0.019406883046030998 0.036704473197460175
v -0.040851034224033356 0.018360385671257973 0.03520314767956734
v -0.04218098521232605 0.017467552796006203 0.03334019333124161
v -0.04316914081573486 0.01680842973291874 0.03128698468208313
v -0.04377777501940727 0.016401521861553192 0.029313744977116585
v -0.0439821295440197 0.016258738934993744 0.0257356446236372
v -0.04377564787864685 0.016401521861553192 0.02215314656496048
v -0.043165743350982666 0.01680755242705345 0.020177749916911125
v -0.042175859212875366 0.017467034980654716 0.018122214823961258
v -0.040846094489097595 0.018359912559390068 0.016256308183073997
v -0.03922509774565697 0.019447878003120422 0.014698558486998081
v -0.03737697750329971 0.020690858364105225 0.01353360339999199
v -0.03536822646856308 0.022034918889403343 0.012812212109565735
v -0.03995485231280327 0.020663535222411156 0.03670209273695946
v -0.041689448058605194 0.019942350685596466 0.0352015383541584
v -0.04316949471831322 0.019323278218507767 0.03333982825279236
v -0.04426875337958336 0.018869515508413315 0.03128719702363014
v -0.044944122433662415 0.018587002530694008 0.029313476756215096
v -0.04517042264342308 0.018492216244339943 0.025736011564731598
v -0.04494196176528931 0.018587185069918633 0.02215542644262314
v -0.04426513984799385 0.018868019804358482 0.020180029794573784
v -0.04316500946879387 0.019323082640767097 0.01812264882028103
v -0.04168602079153061 0.019940251484513283 0.01625462993979454
v -0.039884839206933975 0.02069174312055111 0.014698436483740807
v -0.03782978653907776 0.02154405601322651 0.01353336963802576
v -0.035600997507572174 0.022469537332654 0.012811542488634586
v -0.04036368802189827 0.0220233965665102 0.036699555814266205
v -0.042205944657325745 0.021658170968294144 0.03520117327570915
v -0.04377974569797516 0.021339863538742065 0.03333991393446922
v -0.0449458472430706 0.02111096866428852 0.03128692880272865
v -0.04566285014152527 0.0209641233086586 0.029314175248146057
v -0.04590403661131859 0.02091529220342636 0.025737129151821136
v -0.04565991833806038 0.020963594317436218 0.02215535193681717
v -0.044941242784261703 0.02110888808965683 0.020180216059088707
v -0.0437740683555603 0.021338770166039467 0.01812358759343624
v -0.04220191761851311 0.021654492244124413 0.016255050897598267
v -0.040290724486112595 0.022036345675587654 0.014697522856295109
v -0.03811098635196686 0.022469669580459595 0.013534239493310452
v -0.03574419021606445 0.022943347692489624 0.012811955064535141
v 0.024149755015969276 -0.030768994241952896 0.02794007398188114
v 0.023560717701911926 -0.030762560665607452 0.028472445905208588
v 0.022496424615383148 -0.030762767419219017 0.029828574508428574
v 0.019795559346675873 -0.030807899311184883 0.033059630542993546
v 0.01605011709034443 -0.030857114121317863 0.037034064531326294
v 0.011160093359649181 -0.03092380426824093 0.04061778262257576
v 0.006081225350499153 -0.0309201218187809 0.04261812940239906
v 1.8928913050331175e-05 -0.030921271070837975 0.04303210973739624
v -0.006061788182705641 -0.030934875831007957 0.04233284667134285
v -0.011301008053123951 -0.030913308262825012 0.04036369174718857
v -0.016331592574715614 -0.030911318957805634 0.03687774017453194
v -0.02017119713127613 -0.030908485874533653 0.03300914913415909
v -0.022875377908349037 -0.030885934829711914 0.02980487048625946
v -0.02393767610192299 -0.030903944745659828 0.028429370373487473
v -0.02449834533035755 -0.030924292281270027 0.02788904309272766
v 0.024149755015969276 -0.08440778404474258 0.007633911445736885
v 0.023560717701911926 -0.08455897122621536 0.008144406601786613
v 0.022496424615383148 -0.08495993167161942 0.009439904242753983
v 0.019795559346675873 -0.08595789223909378 0.012513315305113792
v 0.01605011709034443 -0.08717942982912064 0.016295691952109337
v 0.011160093359649181 -0.08830220252275467 0.019699642434716225
v 0.006081225350499153 -0.08888982236385345 0.021611733362078667
v 1.892897125799209e-05 -0.08901326358318329 0.022006884217262268
v -0.006061788182705641 -0.08881961554288864 0.021334830671548843
v -0.011301008053123951 -0.08821708709001541 0.019459998235106468
v -0.016331592574715614 -0.08718501776456833 0.01613033004105091
v -0.02017119713127613 -0.08603906631469727 0.012435363605618477
v -0.022875377908349037 -0.08507059514522552 0.00938086025416851
v -0.02393767610192299 -0.08468130975961685 0.008061472326517105
v -0.02449834533035755 -0.08454106748104095 0.007539266720414162
v 0.024149755015969276 -0.0455617681145668 0.02794007398188114
v 0.023560717701911926 -0.04555533826351166 0.028472445905208588
v 0.022496424615383148 -0.04555554315447807 0.029828574508428574
v 0.019795559346675873 -0.04560067504644394 0.033059630542993546
v 0.01605011709034443 -0.04564988985657692 0.037034064531326294
v 0.011160093359649181 -0.045716580003499985 0.04061778262257576
v 0.006081225350499153 -0.045712895691394806 0.04261812940239906
v 1.8928913050331175e-05 -0.04571404680609703 0.04303210973739624
v -0.006061788182705641 -0.045727651566267014 0.04233284667134285
v -0.011301008053123951 -0.04570608586072922 0.04036369174718857
v -0.016331592574715614 -0.04570409655570984 0.03687774017453194
v -0.02017119713127613 -0.04570126160979271 0.03300914913415909
v -0.022875377908349037 -0.04567871242761612 0.02980487048625946
v -0.02393767610192299 -0.045696720480918884 0.028429370373487473
v -0.02449834533035755 -0.04571706801652908 0.02788904309272766
v 0.024149755015969276 -0.07027570903301239 0.012005476281046867
v 0.023560717701911926 -0.07042689621448517 0.012515969574451447
v 0.022496424615383148 -0.07082784920930862 0.01381146814674139
v 0.019795559346675873 -0.07182580977678299 0.016884878277778625
v 0.01605011709034443 -0.07304735481739044 0.02066725492477417
v 0.011160093359649181 -0.07417012006044388 0.024071205407381058
v 0.006081225350499153 -0.07475774735212326 0.0259832963347435
v 1.892897125799209e-05 -0.0748811885714531 0.02637844905257225
v -0.006061788182705641 -0.07468754053115845 0.025706395506858826
v -0.011301008053123951 -0.07408501207828522 0.02383156307041645
v -0.016331592574715614 -0.07305294275283813 0.020501893013715744
v -0.02017119713127613 -0.07190698385238647 0.01680692657828331
v -0.022875377908349037 -0.07093851268291473 0.013752425089478493
v -0.02393767610192299 -0.07054922729730606 0.012433037161827087
v -0.02449834533035755 -0.07040899246931076 0.01191083062440157
v 0.024149755015969276 -0.030768994241952896 0.02054368518292904
v 0.023560717701911926 -0.030762560665607452 0.021076057106256485
v 0.022496424615383148 -0.030762767419219017 0.02243218570947647
v 0.019795559346675873 -0.030807899311184883 0.025663243606686592
v 0.01605011709034443 -0.030857114121317863 0.02963767573237419
v 0.011160093359649181 -0.03092380426824093 0.03322139382362366
v 0.006081225350499153 -0.0309201218187809 0.03522174060344696
v 1.8928913050331175e-05 -0.030921271070837975 0.03563572093844414
v -0.006061788182705641 -0.030934875831007957 0.03493645787239075
v -0.011301008053123951 -0.030913308262825012 0.032967302948236465
v -0.016331592574715614 -0.030911318957805634 0.029481351375579834
v -0.02017119713127613 -0.030908485874533653 0.025612762197852135
v -0.022875377908349037 -0.030885934829711914 0.022408481687307358
v -0.02393767610192299 -0.030903944745659828 0.02103298157453537
v -0.02449834533035755 -0.030924292281270027 0.02049265429377556
v 0.024149755015969276 -0.0455617681145668 0.02054368518292904
v 0.023560717701911926 -0.04555533826351166 0.021076057106256485
v 0.022496424615383148 -0.04555554315447807 0.02243218570947647
v 0.019795559346675873 -0.04560067504644394 0.025663243606686592
v 0.01605011709034443 -0.04564988985657692 0.02963767573237419
v 0.011160093359649181 -0.045716580003499985 0.03322139382362366
v 0.006081225350499153 -0.045712895691394806 0.03522174060344696
v 1.8928913050331175e-05 -0.04571404680609703 0.03563572093844414
v -0.006061788182705641 -0.045727651566267014 0.03493645787239075
v -0.011301008053123951 -0.04570608586072922 0.032967302948236465
v -0.016331592574715614 -0.04570409655570984 0.029481351375579834
v -0.02017119713127613 -0.04570126160979271 0.025612762197852135
v -0.022875377908349037 -0.04567871242761612 0.022408481687307358
v -0.02393767610192299 -0.045696720480918884 0.02103298157453537
v -0.02449834533035755 -0.04571706801652908 0.02049265429377556
v 0.024149755015969276 -0.08222200721502304 0.0005678702145814896
v 0.023560717701911926 -0.08237318694591522 0.0010783672332763672
v 0.022496424615383148 -0.08277414739131927 0.0023738648742437363
v 0.019795559346675873 -0.08377210795879364 0.005447275936603546
v 0.01605011709034443 -0.0849936455488205 0.009229650720953941
v 0.011160093359649181 -0.08611641824245453 0.01263360120356083
v 0.006081225350499153 -0.08670404553413391 0.014545692130923271
v 1.892897125799209e-05 -0.08682747930288315 0.014940842986106873
v -0.006061788182705641 -0.0866338312625885 0.014268791303038597
v -0.011301008053123951 -0.08603131026029587 0.012393957003951073
v -0.016331592574715614 -0.08499924093484879 0.009064288809895515
v -0.02017119713127613 -0.08385328203439713 0.005369322374463081
v -0.022875377908349037 -0.08288481086492538 0.002314819023013115
v -0.02393767610192299 -0.08249552547931671 0.0009954329580068588
v -0.02449834533035755 -0.08235528320074081 0.0004732254892587662
v 0.024149755015969276 -0.06808992475271225 0.004939435049891472
v 0.023560717701911926 -0.06824111193418503 0.0054499302059412
v 0.022496424615383148 -0.06864206492900848 0.006745428778231144
v 0.019795559346675873 -0.06964002549648285 0.00981883890926838
v 0.01605011709034443 -0.0708615705370903 0.013601214624941349
v 0.011160093359649181 -0.07198434323072433 0.017005164176225662
v 0.006081225350499153 -0.07257196307182312 0.018917255103588104
v 1.892897125799209e-05 -0.07269540429115295 0.019312407821416855
v -0.006061788182705641 -0.0725017562508583 0.01864035427570343
v -0.011301008053123951 -0.07189922779798508 0.016765521839261055
v -0.016331592574715614 -0.070867158472538 0.013435852713882923
v -0.02017119713127613 -0.06972119957208633 0.009740886278450489
v -0.022875377908349037 -0.0687527284026146 0.006686383858323097
v -0.02393767610192299 -0.06836344301700592 0.005366997793316841
v -0.02449834533035755 -0.06822320818901062 0.004844789393246174
f 4 2 1
f 8 6 5
f 13 15 14
f 17 19 18
f 32 30 29
f 36 34 33
f 37 39 38
f 21 23 20
f 25 27 24
f 41 43 42
f 48 46 45
f 52 50 49
f 53 55 54
f 60 58 57
f 29 62 61
f 66 64 63
f 67 6 68
f 72 70 69
f 76 74 73
f 77 79 78
f 81 83 82
f 59 86 85
f 88 90 89
f 96 94 93
f 100 98 97
f 101 103 102
f 106 34 87
f 108 115 107
f 117 36 118
f 124 126 125
f 131 129 128
f 132 134 133
f 142 140 139
f 148 60 147
f 144 127 124
f 149 151 150
f 156 154 153
f 159 158 157
f 116 164 105
f 171 169 168
f 174 173 172
f 179 181 180
f 186 188 187
f 194 196 195
f 199 139 198
f 206 208 207
f 213 211 210
f 202 214 201
f 96 216 54
f 92 43 44
f 97 246 100
f 250 229 228
f 252 58 253
f 258 256 255
f 260 229 259
f 110 112 113
f 114 263 109
f 265 267 266
f 56 270 269
f 274 249 250
f 185 63 64
f 280 278 276
f 285 283 157
f 288 211 212
f 141 92 46
f 289 175 176
f 148 105 106
f 312 170 171
f 238 42 43
f 318 160 317
f 310 308 307
f 241 325 324
f 160 240 317
f 47 307 308
f 108 315 164
f 345 86 119
f 348 350 349
f 356 358 357
f 355 353 352
f 363 32 362
f 149 150 176
f 364 253 365
f 366 368 367
f 183 371 63
f 163 161 160
f 209 101 208
f 378 165 166
f 379 381 380
f 383 3 4
f 284 386 385
f 387 389 388
f 391 229 249
f 73 397 396
f 405 407 406
f 203 411 410
f 414 413 412
f 1 357 4
f 277 131 275
f 254 57 58
f 358 415 351
f 417 386 408
f 401 192 420
f 419 127 143
f 421 182 422
f 103 302 409
f 428 368 174
f 380 359 356
f 62 266 323
f 140 431 430
f 357 351 348
f 356 379 380
f 415 403 434
f 437 436 435
f 438 440 439
f 188 450 449
f 452 454 453
f 265 181 421
f 224 64 225
f 237 213 427
f 275 128 458
f 281 460 459
f 50 79 461
f 73 282 281
f 468 466 465
f 390 352 359
f 482 484 483
f 489 487 486
f 493 495 494
f 472 470 469
f 502 500 499
f 220 222 223
f 512 143 66
f 518 511 80
f 513 230 286
f 205 31 244
f 189 451 188
f 163 532 8
f 533 225 251
f 446 447 412
f 335 540 334
f 544 546 545
f 329 291 292
f 199 262 238
f 385 416 550
f 532 191 247
f 363 118 243
f 236 237 250
f 578 580 579
f 573 571 570
f 561 562 272
f 241 259 240
f 590 592 591
f 545 595 594
f 503 155 504
f 606 624 623
f 478 480 479
f 646 648 647
f 590 689 684
f 564 651 650
f 728 184 727
f 714 716 715
f 692 575 693
f 541 581 578
f 346 248 400
f 161 230 160
f 128 94 95
f 698 704 703
f 574 576 575
f 290 401 328
f 630 725 726
f 733 735 734
f 755 496 493
f 759 481 760
f 757 762 761
f 764 466 467
f 768 3808 3809
f 759 488 489
f 492 475 771
f 474 769 473
f 773 465 772
f 771 486 483
f 484 775 491
f 774 489 486
f 495 764 756
f 495 761 494
f 137 784 136
f 325 797 547
f 165 51 52
f 369 29 370
f 730 568 569
f 90 301 89
f 243 516 242
f 800 806 805
f 817 808 816
f 816 823 822
f 306 447 807
f 815 809 808
f 829 828 825
f 726 501 502
f 274 424 423
f 879 881 880
f 884 879 885
f 219 217 211
f 906 904 897
f 455 205 542
f 898 830 829
f 903 880 881
f 906 897 898
f 377 519 165
f 923 948 946
f 946 951 950
f 3519 739 3517
f 900 886 880
f 225 65 144
f 182 442 422
f 809 947 824
f 954 962 961
f 927 965 966
f 885 880 886
f 925 966 967
f 343 341 340
f 965 971 968
f 968 970 969
f 972 969 973
f 963 981 978
f 336 338 339
f 992 827 828
f 810 996 959
f 1007 1002 1008
f 1012 827 1009
f 1011 1007 1008
f 294 292 291
f 907 920 919
f 1017 1019 1018
f 1020 1022 1021
f 1035 1020 1044
f 1061 1047 1046
f 1063 1046 1062
f 1044 1021 1045
f 1102 1097 1109
f 1116 1118 1117
f 1016 1014 1013
f 881 904 903
f 816 1127 817
f 1094 949 1097
f 514 167 515
f 146 81 82
f 1133 1130 1129
f 1102 1126 822
f 822 1116 816
f 1145 1148 1136
f 1076 1151 1069
f 1148 1086 1087
f 1109 1114 1136
f 1154 1156 1155
f 1153 967 1156
f 3464 463 3714
f 1144 1152 1151
f 1156 1163 1162
f 1164 1169 1165
f 1145 1176 1147
f 1114 1154 1171
f 1183 1164 1177
f 1184 1177 1185
f 1069 1062 1064
f 1023 1194 1022
f 1162 1170 1169
f 1195 1185 1191
f 1183 1176 1155
f 1201 1152 1196
f 1061 1201 1202
f 3825 843 3836
f 1203 1195 1034
f 1202 1184 1195
f 1218 1203 1217
f 1060 1202 1203
f 1225 1217 1219
f 671 694 670
f 1219 1024 1035
f 1217 1034 1024
f 1226 1015 1227
f 1243 1234 1233
f 1231 1229 1228
f 847 1233 843
f 843 1244 878
f 1233 1245 1244
f 1923 233 216
f 2100 499 500
f 3914 2135 3900
f 61 323 505
f 210 217 457
f 1299 1309 1300
f 3863 1231 3862
f 1066 1321 1322
f 1322 1228 1229
f 1060 1321 1047
f 1325 1323 1310
f 1244 1332 1330
f 1290 1242 1288
f 1337 1339 1338
f 1330 1340 1339
f 1341 1245 1294
f 1342 1332 1341
f 1343 1341 1344
f 1344 1294 1293
f 3857 1345 1346
f 1347 1342 1343
f 3856 1295 1345
f 1349 1348 1347
f 3861 1347 3853
f 3853 1343 3857
f 906 829 1353
f 905 1353 1354
f 865 1355 1357
f 1355 829 825
f 1357 825 826
f 1356 1353 1355
f 3834 1338 3833
f 866 1356 865
f 1358 1354 1356
f 3828 1337 3834
f 838 1012 841
f 1363 1338 1339
f 1368 1339 1340
f 1348 1340 1342
f 1371 3824 3829
f 524 526 523
f 528 530 527
f 1372 1369 1371
f 535 537 538
f 1367 1348 1350
f 1370 1359 1369
f 1369 3833 3824
f 1373 903 904
f 555 557 558
f 1374 910 1373
f 1373 905 1375
f 1374 1375 1376
f 1375 1354 1370
f 1378 908 1377
f 376 651 1387
f 1388 973 969
f 586 588 585
f 1390 1388 1391
f 1391 969 970
f 597 599 596
f 600 602 603
f 1392 970 979
f 608 610 607
f 612 523 611
f 614 616 613
f 617 25 24
f 620 622 619
f 1397 1391 1392
f 1398 1392 1399
f 1400 920 1378
f 1402 1165 1169
f 636 638 635
f 930 1402 929
f 641 643 644
f 929 1169 1170
f 1404 1403 1402
f 1411 1365 1406
f 1412 1415 1414
f 652 654 655
f 609 657 658
f 659 661 662
f 558 586 585
f 665 667 664
f 1413 1406 1412
f 1418 3810 3813
f 1417 1371 1416
f 1416 3829 3810
f 1419 1416 1418
f 1386 1374 1420
f 677 679 676
f 1385 1420 1421
f 1420 1376 1422
f 685 687 688
f 1421 1422 1423
f 528 691 658
f 1422 1372 1417
f 1018 747 1425
f 699 701 702
f 1424 579 1017
f 3663 1767 3660
f 700 711 712
f 1093 3754 1571
f 717 530 719
f 721 723 720
f 704 3543 3554
f 19 1426 1430
f 1429 1427 1426
f 1658 3542 3544
f 1439 1434 1438
f 1437 1435 1434
f 1426 1433 1432
f 1442 1432 1440
f 742 744 745
f 1432 1441 1440
f 751 753 750
f 1438 1403 1405
f 1446 1444 1443
f 1447 1446 1443
f 3860 1443 3848
f 1415 1445 1446
f 1414 1446 1448
f 2173 469 470
f 777 779 686
f 780 782 783
f 1676 1806 1675
f 3859 1349 3861
f 789 791 788
f 745 793 742
f 652 795 653
f 1455 1457 1456
f 1454 1350 1452
f 610 802 801
f 3831 698 703
f 1352 1045 1351
f 1015 1459 1460
f 811 813 814
f 2118 3817 2117
f 819 821 818
f 1466 1194 1190
f 1467 1465 1466
f 1182 1468 1467
f 832 833 831
f 835 837 834
f 1467 1190 1182
f 1469 1444 1445
f 840 712 690
f 1453 1469 1454
f 599 845 846
f 1226 3849 3855
f 851 853 850
f 855 856 854
f 858 860 857
f 861 863 864
f 1014 3855 3858
f 867 868 869
f 870 872 873
f 874 876 877
f 1310 1471 1309
f 1476 1427 1475
f 1461 1475 1460
f 887 889 890
f 788 892 891
f 894 896 893
f 1460 1227 1015
f 901 524 612
f 1465 1477 1464
f 1865 3500 1864
f 911 913 914
f 916 918 915
f 1850 3507 1851
f 921 895 894
f 1479 1436 1478
f 926 667 601
f 1481 563 1480
f 269 84 1482
f 931 933 916
f 934 614 869
f 936 688 937
f 938 662 939
f 1484 122 123
f 941 835 834
f 320 509 510
f 1849 3505 1850
f 84 1484 83
f 1487 1488 539
f 1757 3502 3509
f 365 1491 364
f 461 80 511
f 117 362 1496
f 1494 541 1495
f 926 957 958
f 1477 1433 1476
f 1709 1585 1700
f 119 1496 345
f 271 504 156
f 511 189 186
f 345 1492 365
f 255 344 254
f 57 299 132
f 1501 268 1500
f 267 1499 145
f 974 976 977
f 1678 1693 1676
f 3846 1807 3840
f 557 663 558
f 983 984 985
f 1443 3849 3848
f 421 268 265
f 989 991 988
f 1490 418 1504
f 279 309 310
f 997 676 679
f 998 999 875
f 1504 38 1505
f 1506 1507 1486
f 360 1508 1506
f 1506 207 360
f 939 1006 938
f 270 1483 269
f 66 546 512
f 1010 793 935
f 367 437 1509
f 244 363 243
f 1670 3534 1669
f 209 1510 226
f 235 1512 1511
f 1511 234 235
f 388 426 425
f 427 250 237
f 161 521 231
f 100 45 44
f 1025 608 1027
f 1029 1031 1028
f 939 1033 1032
f 41 594 99
f 1036 783 1037
f 702 1038 1039
f 1040 1042 1043
f 362 369 1493
f 187 477 186
f 70 539 198
f 1511 1521 234
f 1049 603 1048
f 613 869 614
f 860 1051 857
f 1005 1053 1006
f 753 1056 1054
f 1057 1059 1055
f 293 1522 292
f 288 1521 1522
f 292 1523 329
f 331 1508 1524
f 306 453 305
f 100 41 99
f 462 78 79
f 330 1524 462
f 635 1068 636
f 1485 1526 1528
f 206 1528 1510
f 1070 1072 831
f 942 1073 1074
f 916 1075 917
f 440 1530 439
f 157 1514 285
f 1529 5 1530
f 371 546 63
f 790 663 791
f 1077 857 1078
f 1403 1435 1165
f 1080 1082 1079
f 531 1529 440
f 21 1084 1085
f 272 1531 561
f 137 396 397
f 690 802 691
f 335 3567 581
f 1090 1029 1091
f 1092 794 1042
f 1533 137 138
f 661 1095 1096
f 69 445 72
f 1099 1101 1098
f 38 1536 1505
f 1104 1106 1103
f 852 1108 853
f 1377 909 1386
f 291 411 294
f 316 516 33
f 539 1533 534
f 1505 316 313
f 1110 1112 1113
f 1539 460 264
f 522 1537 1539
f 834 1120 1119
f 1122 1124 1121
f 612 1041 901
f 935 615 614
f 276 130 131
f 1686 3522 1685
f 193 1541 273
f 231 1540 287
f 556 982 557
f 365 85 345
f 190 318 1541
f 1810 3574 3528
f 3924 3512 3791
f 1132 985 1131
f 208 102 132
f 1134 662 661
f 1491 80 77
f 429 1542 147
f 1137 915 918
f 172 428 174
f 1139 1141 1142
f 549 54 55
f 1517 1518 296
f 976 1146 938
f 834 984 941
f 1543 286 115
f 1544 239 513
f 133 1544 1542
f 506 257 258
f 420 328 401
f 1158 1160 1157
f 587 1103 588
f 1513 1514 151
f 607 1027 608
f 304 1545 303
f 364 77 506
f 69 198 139
f 1006 976 938
f 700 1112 701
f 3877 3525 3787
f 1166 657 656
f 1167 858 1077
f 1300 3524 1299
f 1172 1174 1175
f 218 200 217
f 1179 1181 1178
f 372 97 98
f 89 227 88
f 1186 1188 1189
f 172 1517 1549
f 1482 81 1498
f 1090 1193 1030
f 394 353 1551
f 526 1198 1197
f 811 858 812
f 1199 1026 1025
f 606 697 696
f 1204 1206 743
f 1207 523 526
f 1209 867 613
f 914 685 936
f 1478 1441 1477
f 1029 1161 1091
f 1211 1213 1214
f 3858 1451 3859
f 844 1216 845
f 423 273 274
f 1220 1222 1083
f 22 1224 23
f 882 897 881
f 1519 173 387
f 1189 1232 1178
f 349 550 416
f 1071 1236 1072
f 1237 1239 745
f 1221 1189 1240
f 1510 1512 333
f 939 1241 1005
f 1556 5 67
f 1553 394 1551
f 404 67 347
f 1247 1249 1246
f 142 238 92
f 1251 635 1250
f 850 1253 851
f 1254 1077 1255
f 57 133 429
f 443 552 551
f 1187 1175 1188
f 1256 831 833
f 432 382 383
f 741 747 746
f 434 351 415
f 349 383 348
f 251 1481 1480
f 395 352 353
f 1518 1550 1551
f 1558 378 340
f 109 314 315
f 285 1513 407
f 395 393 392
f 202 410 1558
f 417 405 432
f 1246 1258 1247
f 3 297 2
f 1259 1261 1262
f 403 347 284
f 955 953 952
f 462 51 330
f 1096 687 1263
f 429 60 57
f 896 1265 932
f 1267 1268 1266
f 423 327 420
f 37 180 40
f 20 1187 1186
f 1256 1071 1070
f 155 156 504
f 1188 1269 1232
f 1236 1271 1262
f 1272 535 621
f 565 463 464
f 1273 745 1239
f 876 1255 1274
f 316 164 315
f 437 503 1509
f 194 1495 197
f 1275 864 863
f 624 631 630
f 1277 1137 1278
f 569 567 566
f 1481 125 366
f 324 547 326
f 1279 1107 1280
f 1525 329 1523
f 1281 1137 918
f 171 1553 1552
f 1488 396 1533
f 1557 1562 1559
f 1282 1206 1205
f 1053 1278 1281
f 778 607 1283
f 713 3566 3569
f 251 144 124
f 4 348 383
f 709 707 706
f 728 45 246
f 261 1563 544
f 789 1287 790
f 74 263 282
f 403 385 434
f 1178 1240 1189
f 1223 1289 1224
f 158 150 151
f 1220 1186 1221
f 296 354 433
f 784 1538 1566
f 1181 1291 1222
f 1269 1257 1246
f 1566 438 399
f 136 1566 1564
f 1563 169 1565
f 107 109 108
f 1297 1298 1296
f 1464 1476 1461
f 1520 507 508
f 1301 1303 1304
f 1306 1308 1305
f 175 1532 272
f 1532 200 201
f 1311 1312 1313
f 872 1315 1316
f 1317 1318 1319
f 3836 878 3828
f 1305 864 1276
f 1040 863 1320
f 1564 399 169
f 592 1575 591
f 591 1088 689
f 1581 1583 1582
f 1196 1147 1176
f 710 583 713
f 285 408 386
f 953 961 963
f 1594 1589 1593
f 1585 1587 1586
f 1592 1590 1589
f 3885 944 3899
f 1600 1598 1597
f 1604 1602 1601
f 1399 979 980
f 1589 1596 1595
f 1610 1608 1607
f 298 361 360
f 551 276 277
f 1627 3814 3819
f 859 818 860
f 1078 1328 1329
f 1555 1530 1556
f 572 680 681
f 772 776 774
f 977 918 917
f 404 392 393
f 1054 750 753
f 1644 1643 1642
f 932 1082 933
f 1067 1334 1068
f 1540 264 114
f 597 643 1336
f 471 762 470
f 1642 3831 3842
f 1644 3842 3843
f 923 950 927
f 96 548 95
f 520 522 521
f 445 443 442
f 849 848 842
f 480 755 493
f 1646 481 1639
f 311 1567 170
f 464 3497 3495
f 3497 1361 3495
f 234 236 235
f 190 192 191
f 153 152 149
f 231 286 230
f 1552 1551 1550
f 760 1648 488
f 3832 1649 3830
f 828 826 825
f 52 166 165
f 1663 1661 1660
f 287 115 286
f 668 670 669
f 634 640 639
f 553 559 554
f 118 33 516
f 492 491 490
f 3552 1651 3553
f 582 584 583
f 384 392 415
f 1381 1383 1380
f 1562 435 436
f 952 951 947
f 3529 583 584
f 1660 1667 1666
f 1394 1396 1393
f 1660 1664 1663
f 1671 1669 1668
f 1624 1673 1672
f 1407 1409 1410
f 1677 1675 1674
f 1613 1677 1625
f 1679 1676 1677
f 1626 3811 3814
f 534 198 539
f 176 150 159
f 803 734 800
f 400 191 192
f 65 143 144
f 3526 1656 3540
f 402 157 283
f 629 627 626
f 461 49 50
f 758 495 756
f 796 786 785
f 406 1513 1560
f 342 166 167
f 1694 1658 1695
f 1692 1694 1696
f 3557 1652 3552
f 3921 1703 3923
f 326 302 90
f 3916 1702 1706
f 3919 1698 1701
f 1699 3927 3918
f 1557 1560 1561
f 1127 1117 1128
f 400 289 346
f 1706 1707 1708
f 1707 1599 1600
f 1709 1708 1588
f 1714 1711 1713
f 3919 1709 1700
f 1704 1577 1703
f 1716 1713 1715
f 1559 1549 297
f 1722 1720 1719
f 1335 596 1489
f 410 377 378
f 973 1163 972
f 168 399 398
f 1571 1089 1093
f 1572 682 1571
f 749 647 754
f 1730 1723 1729
f 1594 1729 1592
f 1729 1591 1592
f 1731 1730 1583
f 1384 1377 1379
f 1732 1712 1714
f 1724 1731 1732
f 1712 1731 1580
f 1722 1732 1733
f 1721 1733 1734
f 1734 1716 1717
f 1735 1736 1697
f 1733 1714 1716
f 1663 1741 1668
f 1742 1740 1743
f 1738 1737 1735
f 1665 1666 1740
f 1665 1744 1664
f 1725 1746 1745
f 1591 1745 1590
f 1590 1747 1596
f 1745 1748 1747
f 1659 3538 3542
f 3287 3545 3282
f 1185 1182 1190
f 1664 1749 1741
f 1741 1739 1738
f 1746 1743 1748
f 1726 1742 1746
f 1153 924 925
f 1115 1153 1154
f 1654 3575 1655
f 1896 3549 1686
f 1720 1744 1726
f 1721 1749 1720
f 1750 1701 1698
f 1697 1750 1696
f 1151 1063 1062
f 1751 1670 1671
f 1695 1752 1751
f 961 986 981
f 1770 1768 1767
f 1766 1593 1765
f 1731 1579 1580
f 1579 1774 1578
f 3928 1771 3929
f 1764 3928 3917
f 1777 1775 1774
f 3762 1699 1700
f 1004 1128 1003
f 1774 1771 1772
f 987 1399 980
f 1578 1772 1764
f 1783 1781 1778
f 1597 1770 1767
f 639 3895 3884
f 3928 1769 1770
f 1793 1789 1788
f 3929 1798 1769
f 3508 3773 1806
f 1802 3924 3922
f 1788 1794 1793
f 1793 1795 1776
f 3773 1675 1806
f 1584 1783 1789
f 1771 3920 3929
f 1801 1798 1800
f 1768 1798 1799
f 1775 1797 1771
f 508 515 1520
f 1796 1802 1797
f 1800 3920 3922
f 1794 1804 1795
f 3532 1752 3547
f 485 1807 775
f 3809 1640 768
f 3837 1810 1653
f 485 1640 1808
f 1690 3770 3772
f 487 1648 1811
f 3839 1816 3822
f 3838 1648 3830
f 3839 1811 3838
f 1812 487 1811
f 1641 767 768
f 465 755 776
f 767 3823 3808
f 3822 3826 3847
f 1809 1815 767
f 3837 1651 3840
f 675 3541 3496
f 1814 1822 1821
f 1821 3821 3820
f 1824 1649 1825
f 1827 1850 1805
f 1668 1662 1663
f 1779 1848 1828
f 1790 1805 1794
f 1833 1853 1852
f 3521 693 575
f 1614 1616 1617
f 1852 3498 3501
f 1620 1622 1623
f 1855 1574 1861
f 1847 3501 3513
f 1766 1855 1782
f 1629 1631 1628
f 1633 1634 1632
f 1635 1637 1638
f 1848 1852 1847
f 1855 1863 1862
f 1803 1867 1802
f 1862 1831 1832
f 1782 1862 1781
f 3922 1865 1800
f 1873 1870 1869
f 1874 799 804
f 2045 3897 2044
f 1219 1295 1225
f 1615 1396 1395
f 3884 1877 1876
f 645 3786 3559
f 1345 1035 1346
f 634 3884 3880
f 15 1327 14
f 3910 1878 1893
f 1894 605 1893
f 3506 627 693
f 3560 645 3559
f 340 454 1558
f 1897 195 1898
f 1889 1877 1890
f 1901 129 1900
f 196 754 232
f 1705 3921 3916
f 340 166 343
f 1570 563 561
f 1904 194 1897
f 1781 1832 1780
f 1905 55 1906
f 1000 995 996
f 986 920 987
f 1191 1190 1194
f 2094 2075 2093
f 1920 1919 1915
f 453 1912 1911
f 1915 1918 1916
f 3882 2106 3901
f 1655 3531 1868
f 1916 1926 1925
f 704 3561 703
f 278 1925 1900
f 3565 1818 1820
f 1097 1115 1114
f 1927 727 1923
f 3578 3654 3758
f 1920 307 1929
f 1929 48 728
f 503 1497 1509
f 1902 787 796
f 1816 3820 3826
f 1925 1923 1924
f 1535 1568 1534
f 254 258 255
f 1509 366 367
f 119 35 36
f 219 293 294
f 141 47 431
f 542 244 245
f 1940 430 431
f 1779 1827 1790
f 1701 3915 3919
f 1661 3515 1667
f 270 754 647
f 197 749 196
f 1727 1212 1211
f 53 232 754
f 1465 1479 1478
f 1284 3854 1293
f 1951 412 413
f 168 1554 1553
f 1486 206 207
f 506 78 361
f 994 1007 993
f 951 963 964
f 1013 3861 1351
f 3826 1820 1818
f 1498 1954 1482
f 299 543 132
f 1754 1756 1753
f 1681 1683 1682
f 1696 1695 1697
f 13 738 737
f 473 475 474
f 482 768 1640
f 204 30 205
f 1761 820 819
f 611 1125 612
f 1501 1908 1909
f 1074 711 699
f 1960 82 83
f 120 1960 123
f 35 87 34
f 1773 1025 1031
f 1965 1569 1535
f 494 471 479
f 1966 1969 1968
f 446 1971 1967
f 174 125 126
f 1580 1578 1577
f 1785 1787 1784
f 1972 304 305
f 1254 875 999
f 1973 342 514
f 321 1973 509
f 1910 275 1907
f 509 514 508
f 1486 1527 1485
f 1974 804 1975
f 1977 1974 1978
f 1980 1966 1981
f 379 2 295
f 1718 1710 1701
f 884 992 883
f 1680 1678 1679
f 902 525 524
f 344 256 299
f 135 137 136
f 236 228 333
f 448 1967 1966
f 589 604 584
f 910 908 907
f 1981 1968 1987
f 1982 1987 1979
f 1988 1987 1989
f 1990 1989 1991
f 1991 1993 1992
f 322 320 319
f 992 830 883
f 1144 1086 1143
f 1995 1978 1994
f 1133 1118 1126
f 1997 1994 1996
f 870 1335 1489
f 805 1982 1998
f 727 2000 1999
f 1996 1988 1990
f 1994 1979 1988
f 1829 792 1273
f 1830 941 983
f 798 800 799
f 729 731 730
f 2011 2023 2022
f 1834 846 1159
f 402 284 347
f 2022 2024 2025
f 1838 989 988
f 810 952 809
f 1823 1840 644
f 1430 1432 1431
f 1215 1841 1079
f 149 176 177
f 1316 873 872
f 2112 1384 2106
f 1842 1844 1845
f 1159 845 1160
f 837 1846 1120
f 1971 2030 2027
f 517 370 189
f 858 833 812
f 1471 2027 1888
f 3551 626 627
f 2174 770 490
f 935 1854 1010
f 1613 1611 1618
f 1231 1225 1295
f 1856 891 892
f 1300 748 741
f 1150 1858 1859
f 1643 696 1642
f 1215 1264 1216
f 1320 902 901
f 1956 1944 1960
f 2031 669 1474
f 2034 1310 1299
f 1879 1656 1657
f 40 242 39
f 1992 2039 1456
f 888 957 889
f 1882 1996 1990
f 1078 1255 1077
f 1871 1192 1090
f 294 218 219
f 1323 2026 1471
f 123 83 1484
f 1324 2041 1323
f 384 359 352
f 1324 2038 2036
f 1883 1885 1829
f 287 114 107
f 1096 1134 661
f 915 931 916
f 806 1981 1982
f 3533 584 604
f 1425 2042 1018
f 1018 1948 1017
f 3562 740 3519
f 1948 649 646
f 1881 1990 1991
f 1900 130 278
f 992 994 993
f 923 925 924
f 3878 2047 3876
f 1643 625 606
f 2050 2051 2049
f 2045 1404 2047
f 3876 945 3885
f 1139 1079 1841
f 1037 892 982
f 2055 2057 2056
f 1198 718 717
f 1619 1612 1611
f 2058 1606 2059
f 2059 1607 2058
f 2058 1624 1605
f 71 179 37
f 405 1557 382
f 976 1006 977
f 322 1972 1911
f 2061 2063 2062
f 2066 2067 1825
f 2052 2064 2051
f 1609 2066 1647
f 1515 152 1516
f 1009 993 1007
f 1644 3815 2118
f 279 1916 278
f 1285 3862 1284
f 1647 1825 1649
f 2056 2067 2065
f 319 1953 1952
f 667 1913 1914
f 2070 625 2048
f 2052 2055 2063
f 2038 1655 1458
f 1606 2073 2072
f 1235 1270 1236
f 2072 2075 2074
f 2059 2072 2062
f 2074 2077 2076
f 1601 2078 2073
f 2049 1643 1645
f 1000 1001 994
f 1089 684 689
f 1931 1306 1930
f 1462 1021 1022
f 1932 1934 1935
f 875 1846 998
f 1936 1937 1938
f 44 46 92
f 1534 1956 120
f 1541 317 391
f 2081 2084 2083
f 146 1959 300
f 1360 1942 1361
f 985 1032 1033
f 1995 1892 2043
f 2079 2082 2081
f 2095 2076 2077
f 2081 2078 2079
f 2055 2054 2053
f 501 2095 500
f 2097 2099 2098
f 2098 2094 2083
f 2140 3893 3866
f 2141 3894 3893
f 2051 2048 2049
f 592 2101 1576
f 2071 2076 2096
f 2102 2098 2101
f 593 2102 592
f 1019 746 747
f 1950 12 1327
f 725 2096 501
f 1385 2104 1379
f 1379 2106 1384
f 2107 2100 2097
f 3908 502 3896
f 3896 499 3901
f 940 2109 944
f 928 1170 973
f 3868 684 3899
f 1962 1964 1961
f 3878 573 3897
f 2039 1968 1969
f 1389 2110 2109
f 1398 2113 1397
f 3757 3753 3743
f 3911 2107 2103
f 949 924 1115
f 260 324 326
f 1390 2113 2110
f 2070 2064 2071
f 3867 2103 593
f 2105 1421 2114
f 2114 1423 2115
f 3892 2115 3903
f 3908 2114 3892
f 554 1902 553
f 972 967 966
f 1765 1573 1574
f 1984 1986 1983
f 2053 2069 2057
f 3573 724 714
f 1625 1674 1673
f 3881 2119 2122
f 3903 2123 3904
f 56 1906 55
f 626 3879 629
f 2001 2003 2004
f 3912 2127 3907
f 2006 2008 2009
f 2127 1412 2128
f 2014 2016 2017
f 2018 2020 2021
f 1495 1947 197
f 1379 1386 1385
f 3814 1680 1618
f 2029 1884 2028
f 3902 2120 3887
f 629 3914 3872
f 682 943 1089
f 724 2121 716
f 1757 3821 3845
f 765 3844 3809
f 3851 715 3852
f 706 3870 3872
f 981 987 980
f 1457 1656 1880
f 2017 2032 2033
f 1458 1868 1457
f 1776 1792 1793
f 1959 1946 1958
f 3663 3725 3661
f 3913 2122 3850
f 1093 689 1088
f 966 968 972
f 3852 3881 3913
f 2172 2170 2171
f 670 2137 669
f 3761 1903 233
f 1429 28 1449
f 964 978 971
f 3841 1413 2127
f 1473 669 2137
f 3834 1359 1358
f 2138 1870 2137
f 1872 2137 1870
f 715 3888 3881
f 1881 1992 1880
f 3843 739 740
f 1837 3513 3514
f 253 59 85
f 1808 3840 1807
f 1647 3818 1609
f 3865 671 668
f 2112 3883 2111
f 1405 2044 1438
f 3829 1364 1366
f 273 391 249
f 576 3520 3555
f 3875 668 2031
f 1430 2140 2139
f 2136 3860 28
f 1430 18 19
f 3893 570 695
f 1442 2046 2141
f 1431 2141 2140
f 3869 3850 2136
f 3808 1817 766
f 3866 695 671
f 2142 798 2138
f 571 2142 694
f 3819 1618 1611
f 2143 2025 2142
f 694 2138 670
f 681 2144 572
f 2144 2022 2143
f 328 457 290
f 1572 2011 2144
f 630 3903 624
f 2085 2087 2088
f 2090 2092 2089
f 572 2143 571
f 1875 2153 2149
f 1873 2149 2154
f 2103 2097 2102
f 2157 2155 2156
f 2128 1414 2120
f 3874 589 582
f 3872 628 629
f 2149 2158 2159
f 2159 3905 3890
f 698 3902 705
f 3823 3827 1817
f 2158 3874 3905
f 1438 2046 1439
f 2035 2160 2161
f 2161 3889 3886
f 3871 605 589
f 3873 18 3875
f 370 61 451
f 649 413 648
f 2153 2156 2158
f 1428 1449 1450
f 1490 73 1488
f 3890 710 633
f 2155 3891 3871
f 1456 1880 1992
f 2125 2087 2124
f 2160 3890 3889
f 300 505 323
f 1064 1046 1065
f 2043 1891 2155
f 2129 2004 2003
f 2131 2133 2134
f 3848 1450 1449
f 1998 804 805
f 3879 3864 3914
f 474 490 770
f 1164 1182 1177
f 707 3909 3870
f 708 2162 707
f 2162 3886 3909
f 548 1905 458
f 1145 1114 1171
f 705 1650 704
f 2043 1977 1995
f 737 554 559
f 1034 1191 1023
f 458 1907 275
f 195 232 233
f 2040 1969 1970
f 2145 2147 2148
f 2054 2049 1645
f 3832 1639 3818
f 9 11 10
f 252 506 258
f 472 479 471
f 1865 3791 3503
f 900 910 907
f 1941 2151 1942
f 1921 1927 1919
f 2163 1898 2116
f 271 153 178
f 1904 12 9
f 282 264 460
f 1872 2154 2035
f 1326 1897 2163
f 628 693 627
f 1724 1719 1723
f 1549 436 172
f 1582 1730 1729
f 1921 1929 1928
f 3563 10 11
f 2152 1950 1949
f 475 774 771
f 769 2171 473
f 2171 476 473
f 476 772 475
f 1791 464 1760
f 2166 2168 2169
f 595 372 98
f 483 1641 482
f 762 2173 470
f 771 484 492
f 486 1809 483
f 297 1517 296
f 763 2174 762
f 776 759 489
f 184 2176 2000
f 412 303 414
f 2005 185 224
f 3811 1682 3846
f 2164 756 764
f 1472 2161 2162
f 950 964 965
f 2177 2179 2180
f 227 1510 333
f 764 467 2164
f 2182 2184 2181
f 2186 2018 2185
f 1985 2181 1986
f 214 729 1531
f 1545 1546 1569
f 865 842 866
f 849 1357 1362
f 452 1558 454
f 559 3188 737
f 16 737 3188
f 560 498 374
f 3193 3195 3194
f 3200 3198 3199
f 3211 3213 3212
f 3215 3217 3216
f 2187 2002 2001
f 2169 2189 2190
f 2192 2085 2191
f 2193 2195 2196
f 2198 2200 2197
f 1998 1979 1975
f 3664 3668 3671
f 2116 1903 1902
f 1859 2009 1150
f 3904 2126 3906
f 1135 1087 1130
f 2201 2015 2014
f 1149 110 1858
f 3221 3218 3215
f 2203 2205 2206
f 579 1895 1019
f 1755 2208 1756
f 3891 1893 605
f 1211 2150 1727
f 868 2210 2209
f 944 930 940
f 2130 2202 2201
f 233 1898 195
f 665 750 666
f 1167 999 618
f 2211 2213 2214
f 2215 2217 2218
f 3867 590 3868
f 2220 220 2219
f 823 948 1094
f 3225 3227 3226
f 266 455 265
f 3882 2107 3883
f 2221 3519 3517
f 2223 2225 2226
f 2207 2124 2208
f 673 3869 3864
f 817 996 815
f 2227 2146 2145
f 1947 646 749
f 3900 17 3873
f 2229 1638 1381
f 1679 1618 1680
f 1637 2232 2230
f 2233 1617 1616
f 2231 2236 2237
f 1381 2238 1382
f 3586 2242 3587
f 1630 2233 1631
f 1681 472 469
f 1408 2243 2244
f 3236 3238 3237
f 3232 3240 3235
f 1637 2238 1638
f 3237 3233 3234
f 1409 1634 2245
f 1380 2247 2246
f 1628 2245 1621
f 2249 1622 1633
f 1632 1408 2244
f 2248 1631 2250
f 2235 1637 1636
f 3245 3199 3198
f 631 2071 725
f 515 52 49
f 782 2251 1251
f 2253 2255 2252
f 397 459 784
f 1456 2040 1455
f 2040 2036 1455
f 1401 2111 1398
f 2041 1970 2026
f 1535 414 1965
f 1586 2080 2079
f 2256 1132 1886
f 1700 3918 3919
f 3815 1686 3817
f 1263 1886 1096
f 598 844 599
f 2257 2259 2260
f 2258 2262 2259
f 2259 2263 2216
f 2260 2216 2215
f 1967 1970 1969
f 2212 1963 2213
f 922 2218 2217
f 1312 1101 2264
f 1307 1286 789
f 1548 1546 1972
f 2266 2268 2265
f 2265 2270 2269
f 2272 2269 2271
f 2273 2265 2272
f 2275 2277 2274
f 2278 2277 2279
f 2284 3617 3639
f 2287 2286 2281
f 2288 2283 2287
f 2290 3639 3620
f 2291 2293 2294
f 2295 2294 2279
f 2296 2291 2295
f 2297 2292 2291
f 2294 2299 2300
f 2279 2300 2278
f 2298 2302 2292
f 2292 2303 2293
f 2293 2304 2299
f 2304 2306 2299
f 2306 2300 2299
f 2308 2310 2307
f 2302 2310 2303
f 2301 2307 2302
f 2312 2307 2311
f 2313 2315 2316
f 2318 2320 2317
f 3748 2322 2323
f 2324 2273 2326
f 2313 2326 2327
f 2328 2313 2316
f 2329 2324 2328
f 2331 2333 2330
f 2330 2267 2266
f 2325 2266 2273
f 2329 2330 2325
f 2333 2335 2267
f 2336 2333 2332
f 2338 2332 2337
f 2331 2337 2332
f 2329 2339 2331
f 2328 2340 2329
f 2316 2341 2328
f 2342 2315 2343
f 2344 2346 2347
f 2341 2347 2340
f 2342 2344 2341
f 2348 2345 2344
f 2350 2352 2353
f 2339 2353 2337
f 2340 2350 2339
f 2347 2351 2350
f 2337 2354 2338
f 2353 2355 2354
f 2356 2276 2357
f 2356 2358 2359
f 2356 2296 2295
f 2279 2356 2295
f 2360 2270 2268
f 2267 2360 2268
f 2362 2364 2365
f 2362 2361 2358
f 2366 2358 2357
f 2366 2363 2362
f 2357 2368 2366
f 2366 2369 2367
f 2276 2370 2368
f 2368 2282 2369
f 2372 2374 2371
f 2375 2377 2007
f 2378 2380 2381
f 2382 2381 2383
f 2384 2378 2382
f 2385 2379 2378
f 2388 2390 2387
f 2387 2392 2391
f 2393 2387 2391
f 2394 2388 2387
f 2186 2402 2400
f 2403 2327 2326
f 2272 2326 2273
f 2271 2403 2272
f 2405 2404 2403
f 2404 2408 2327
f 2409 2411 2412
f 2409 2271 2269
f 2413 2269 2270
f 2413 2410 2409
f 2417 2416 2418
f 2417 2406 2405
f 2412 2405 2271
f 2411 2417 2412
f 2406 2407 2404
f 3569 632 713
f 2420 2397 2421
f 2420 2423 2422
f 2424 2422 2419
f 2424 2398 2420
f 2425 2392 2426
f 2421 2426 2423
f 2397 2425 2421
f 2396 2391 2425
f 2427 2315 2314
f 2427 2408 2428
f 2430 2428 2429
f 2343 2427 2430
f 2432 2430 2431
f 2431 2429 2433
f 2435 2433 2434
f 2436 2431 2435
f 2428 2407 2437
f 2422 2407 2419
f 2438 2422 2423
f 2429 2437 2438
f 2440 2433 2439
f 2441 2433 2429
f 2442 2439 2441
f 2443 2440 2439
f 2445 2444 2443
f 2447 2443 2442
f 2383 2445 2447
f 2381 2446 2445
f 2448 2423 2426
f 2449 2426 2392
f 2441 2449 2442
f 2441 2438 2448
f 2449 2390 2450
f 2450 2389 2451
f 2447 2451 2383
f 2442 2450 2447
f 2451 2453 2452
f 2452 2455 2454
f 2382 2454 2384
f 2383 2452 2382
f 2456 2373 2372
f 2459 2461 2458
f 2463 2465 2462
f 2462 2285 2284
f 2466 2284 2290
f 2467 2462 2466
f 2461 3703 3701
f 2468 2470 2471
f 2472 2471 2473
f 2474 3701 3688
f 2475 2477 2478
f 2458 2453 2479
f 2479 2389 2388
f 2395 2479 2388
f 2480 2458 2479
f 2481 2483 2478
f 2484 2485 221
f 2471 2464 2463
f 2473 2463 2467
f 2487 2466 2486
f 2486 2290 2488
f 2490 2488 2489
f 2491 2486 2490
f 2492 2467 2487
f 2493 2487 2491
f 2494 2492 2493
f 2495 2473 2492
f 3690 2474 3688
f 3691 2496 3690
f 2498 2493 2499
f 2500 2499 2501
f 3700 2498 2500
f 3687 2494 2498
f 2306 2278 2300
f 2305 2504 2306
f 2504 2507 2506
f 2506 2288 2508
f 2274 2508 2275
f 2278 2506 2274
f 3633 2489 2488
f 3620 2488 2290
f 2507 2289 2288
f 2505 2509 2507
f 2508 2287 2511
f 2511 2281 2280
f 2370 2280 2282
f 2275 2511 2370
f 2512 2489 2513
f 2514 2513 2515
f 2517 2514 2516
f 2517 2490 2512
f 2499 2491 2517
f 2499 2516 2501
f 2510 2519 2518
f 2518 2521 2520
f 3616 2520 3621
f 3632 2518 3616
f 2522 2303 2310
f 2523 2310 2309
f 2305 2522 2524
f 2524 2523 2525
f 2519 2525 2521
f 2505 2524 2519
f 2308 2527 2526
f 2526 2529 2528
f 2531 2528 2530
f 2309 2526 2531
f 1214 2151 1211
f 2419 2418 2424
f 2533 2349 2317
f 2534 2317 2320
f 2535 2533 2534
f 2536 2345 2533
f 2537 2346 2536
f 2538 2536 2535
f 2539 2537 2538
f 2540 2351 2537
f 2312 2541 2527
f 2527 2542 2529
f 2543 2434 2544
f 2545 2544 2546
f 2319 2543 2545
f 2318 2435 2543
f 2514 2548 2547
f 2547 2550 2549
f 2552 2549 2551
f 2552 2514 2547
f 2520 2554 2553
f 2553 2556 2555
f 3590 2555 3593
f 3621 2553 3590
f 2523 2531 2557
f 2557 2530 2558
f 2525 2557 2559
f 2559 2558 2560
f 2554 2560 2556
f 2521 2559 2554
f 2561 2007 2006
f 2376 2225 2377
f 2564 2566 2563
f 2563 338 2567
f 2569 2567 2568
f 2570 2563 2569
f 2572 2574 2571
f 2571 2576 2575
f 2544 2575 2546
f 2544 2572 2571
f 2578 2569 2577
f 2579 2569 2568
f 2574 2579 2576
f 2573 2577 2574
f 2581 2583 2580
f 2584 2583 2585
f 3697 2580 2584
f 3676 2580 3675
f 2582 2552 2583
f 2583 2551 2585
f 2500 2589 2588
f 2590 2589 2591
f 3693 2588 2590
f 3695 2500 2588
f 2501 2591 2589
f 2592 2594 2595
f 2386 2503 2502
f 2596 2386 2374
f 2596 2373 2597
f 2599 2597 2598
f 2599 2379 2596
f 2600 2380 2599
f 2600 2598 2601
f 2603 2601 2602
f 2603 2446 2600
f 2604 2602 2605
f 2440 2605 2434
f 2444 2604 2440
f 2606 2581 2607
f 2606 2590 2591
f 2591 2582 2606
f 3676 2456 3689
f 3689 2372 3693
f 2478 2608 2481
f 2609 2611 2199
f 2564 2613 2612
f 2612 2598 2597
f 2457 2597 2373
f 2565 2612 2457
f 2614 2570 2578
f 2615 2578 2573
f 2602 2614 2615
f 2601 2613 2614
f 2572 2605 2616
f 2616 2602 2615
f 2573 2616 2615
f 1459 1045 1021
f 1265 1079 1082
f 1612 1609 1611
f 2067 2069 2068
f 1135 1136 1148
f 1938 2618 2617
f 95 458 128
f 2058 1608 1612
f 1454 1445 1367
f 655 1048 2619
f 722 2621 723
f 1131 1033 1134
f 562 366 1497
f 1723 1725 1591
f 1786 1122 1787
f 267 323 266
f 1325 1654 2038
f 1468 1435 1479
f 658 529 528
f 8 247 7
f 382 1559 3
f 788 1307 789
f 940 929 928
f 911 2623 912
f 2621 655 654
f 2624 2625 2626
f 998 27 26
f 635 2626 2625
f 2627 644 1840
f 2628 1840 2629
f 1200 2627 2628
f 1199 641 2627
f 1520 49 477
f 1452 1349 1451
f 2630 1859 1858
f 644 1335 1823
f 1197 717 2632
f 2632 719 1166
f 2628 1166 1200
f 2629 2632 2628
f 1762 1050 821
f 1823 873 1839
f 2634 794 652
f 1028 1027 1161
f 1042 2635 1043
f 93 1901 1924
f 2036 1458 1455
f 1527 1525 1526
f 877 1274 1277
f 134 797 1544
f 1328 931 1329
f 607 1091 1161
f 1043 2637 2636
f 2636 2639 2638
f 1275 2638 1276
f 1275 1043 2636
f 1272 2626 2640
f 2640 638 637
f 1110 2640 637
f 536 2640 2641
f 1472 1474 1473
f 2042 1951 649
f 1058 1105 1059
f 2642 2643 2644
f 1192 2644 1193
f 912 2642 1192
f 3898 3526 3786
f 1049 2620 2621
f 616 1885 613
f 1331 666 750
f 990 1198 525
f 1911 321 322
f 1298 1205 2645
f 76 1504 75
f 1502 421 422
f 610 658 691
f 1146 659 938
f 2646 914 936
f 1280 1238 1279
f 975 2647 2648
f 2647 975 974
f 1453 1452 1451
f 1514 158 151
f 835 1843 1842
f 1271 1173 1289
f 2649 813 2650
f 1893 1826 1894
f 1050 1937 1051
f 2651 814 813
f 1006 1281 977
f 2653 2654 2655
f 1001 1003 1002
f 585 679 558
f 2624 621 620
f 555 2028 556
f 1207 1197 2629
f 1626 478 472
f 426 419 1567
f 1030 1773 1031
f 3898 634 3880
f 534 138 262
f 1125 1042 1041
f 333 88 227
f 569 561 730
f 1489 871 870
f 1857 620 891
f 1673 3770 3763
f 622 864 1308
f 2647 974 2657
f 619 891 620
f 261 545 262
f 393 1556 404
f 2658 2647 2657
f 1075 2657 917
f 1081 2658 1075
f 1080 2659 2658
f 2644 1141 2660
f 2660 1140 1336
f 642 1336 643
f 1193 2660 642
f 679 555 558
f 1503 1500 1502
f 1318 1101 1100
f 2661 1139 1142
f 2661 2663 2662
f 2662 2659 2661
f 2662 2622 2664
f 2664 911 2646
f 2648 2646 1146
f 2648 2662 2664
f 2083 2093 2081
f 1442 1437 1439
f 519 330 51
f 1885 1209 613
f 799 805 804
f 1946 1952 1953
f 1302 1253 1252
f 566 224 533
f 1389 928 1388
f 683 681 680
f 836 1842 2665
f 2665 1845 1303
f 2666 1303 1302
f 24 2665 2666
f 831 2650 832
f 1845 1304 1303
f 2010 2012 2011
f 1051 2667 2668
f 1522 1511 1523
f 531 441 522
f 782 1251 1250
f 1250 2625 2669
f 2669 1857 1856
f 783 1856 1037
f 782 2669 783
f 720 2671 721
f 1055 1930 1056
f 1333 1251 2251
f 619 1308 1307
f 652 2619 2634
f 521 1539 1540
f 1838 537 2672
f 2672 536 2641
f 1113 2641 1110
f 1113 1838 2672
f 1016 1351 1045
f 3897 570 3894
f 226 104 101
f 3564 3827 1818
f 1036 1884 1883
f 2674 1304 2673
f 2673 1844 2675
f 1334 2675 1039
f 1333 2673 1334
f 2676 1039 2675
f 1843 2675 1844
f 942 2676 1843
f 1074 702 2676
f 811 859 858
f 752 1055 753
f 1200 656 1026
f 1120 874 2677
f 2677 877 1052
f 1241 1052 1005
f 1119 2677 1241
f 1560 151 1515
f 1208 611 523
f 215 736 214
f 1460 1462 1461
f 1208 1839 873
f 854 1282 1297
f 72 182 179
f 544 1565 512
f 217 456 457
f 2047 930 945
f 1204 1937 2633
f 913 686 685
f 840 1113 1112
f 1531 730 561
f 2678 1283 801
f 601 1914 602
f 1537 459 460
f 1819 3509 3527
f 991 862 538
f 2679 1073 1830
f 2680 983 2256
f 779 2256 1263
f 778 2680 779
f 2678 1830 2680
f 180 245 40
f 1886 1131 1134
f 1138 1274 1255
f 1841 1140 1139
f 75 314 74
f 193 420 192
f 2681 1099 1098
f 170 1565 169
f 349 417 432
f 1121 2684 2683
f 547 409 302
f 123 121 120
f 2643 1142 1141
f 1542 513 1543
f 899 907 919
f 1210 676 867
f 791 982 892
f 24 837 836
f 893 932 931
f 1860 863 862
f 535 862 861
f 832 813 812
f 2650 813 832
f 1569 1547 1568
f 181 542 180
f 660 937 688
f 2013 568 2012
f 887 2631 2630
f 1524 361 78
f 520 162 1529
f 2653 854 2685
f 1238 2655 2686
f 718 527 530
f 1492 518 1491
f 792 615 793
f 599 1835 596
f 290 456 175
f 312 1552 425
f 1248 1179 1249
f 153 177 178
f 1240 1222 1221
f 1257 1235 1071
f 1291 1083 1222
f 1052 1277 1053
f 743 2618 1204
f 444 430 443
f 23 1172 1187
f 2687 1180 1179
f 102 409 134
f 1283 610 801
f 373 650 651
f 1180 1084 1291
f 855 2655 1237
f 1173 1917 1174
f 2689 853 2688
f 2688 1108 1279
f 2686 1279 1238
f 2687 2688 2686
f 2691 1252 2690
f 2690 850 2689
f 1248 2689 2687
f 1248 2691 2690
f 2692 24 2666
f 2691 2666 1302
f 1247 2692 2691
f 1258 617 2692
f 394 1555 393
f 2693 1259 1223
f 1072 1262 1261
f 1257 1168 1258
f 398 1555 1554
f 871 1314 872
f 1178 1249 1179
f 1224 1173 1172
f 1010 2618 742
f 1175 1292 1269
f 2654 2686 2655
f 2694 1216 1264
f 71 1487 70
f 701 1111 1038
f 1072 2649 2650
f 1085 22 21
f 895 1264 896
f 1601 1605 1604
f 1259 1271 1289
f 21 1220 1083
f 988 538 537
f 598 1336 1140
f 820 1762 821
f 1050 818 821
f 1298 1761 2652
f 1168 618 617
f 858 1256 833
f 39 516 1536
f 2652 819 814
f 313 315 314
f 2026 1971 2027
f 2656 596 1835
f 814 818 811
f 2696 813 2649
f 1260 2649 1261
f 2693 2696 1260
f 2697 2651 2696
f 381 390 380
f 3818 1611 1609
f 1475 1428 1227
f 1292 1917 1235
f 1551 354 1518
f 1526 1523 1511
f 1593 1595 1573
f 1232 1246 1249
f 2695 1223 22
f 2698 1296 2697
f 2698 2693 2695
f 2685 2695 1085
f 2685 1297 2698
f 562 271 272
f 2652 1296 1298
f 1365 1364 1363
f 1958 1953 1957
f 585 2210 997
f 1561 1515 435
f 975 1146 976
f 347 68 346
f 1038 636 1068
f 2700 780 2699
f 2699 1036 1883
f 2701 1883 1829
f 851 2699 2701
f 2674 2251 2702
f 2702 781 2700
f 1253 2700 851
f 1301 2702 1253
f 1519 388 1550
f 1273 1280 2703
f 2703 1107 852
f 2701 852 851
f 1829 2703 2701
f 91 326 90
f 1784 2656 1785
f 2683 2705 2704
f 604 3499 3533
f 1669 3548 1662
f 2062 2060 2059
f 621 861 622
f 2023 732 2024
f 686 1263 687
f 857 2668 1328
f 883 882 879
f 637 1111 1110
f 2668 893 1328
f 2667 894 2668
f 1039 1068 1334
f 313 1504 1505
f 1911 305 453
f 1936 1964 2212
f 2707 2401 2183
f 2708 2183 2182
f 738 2116 554
f 2349 2432 2436
f 2711 2020 2019
f 2400 2019 2186
f 2714 2716 2713
f 2717 2719 2720
f 2721 2723 2724
f 2726 2728 2725
f 2725 2730 2729
f 2731 2729 2709
f 2732 2725 2731
f 2734 2736 2733
f 2738 2740 2737
f 2737 2741 2742
f 2744 2746 2743
f 2745 2748 2747
f 2749 2747 2751
f 2753 2751 2752
f 2250 2246 2248
f 2754 1614 2755
f 3598 2755 3609
f 3608 2747 3609
f 1617 2755 1614
f 2242 1620 2757
f 2191 2760 2759
f 2761 2760 2762
f 3648 2761 3649
f 3623 2759 3648
f 3209 3223 3224
f 1395 2236 2235
f 1395 1636 1615
f 1616 2229 2233
f 1617 2763 2756
f 2756 3628 3608
f 2765 2234 1630
f 2766 3628 3622
f 3202 3246 3247
f 1516 435 1515
f 2768 3552 3553
f 1495 578 1424
f 2135 28 17
f 3526 2773 2774
f 1690 3926 3925
f 2778 2780 2777
f 2777 2781 2782
f 2784 2777 2783
f 3555 575 576
f 1494 9 540
f 3529 2015 3566
f 451 505 450
f 2786 2788 2785
f 2779 2785 2780
f 2789 2741 2740
f 2790 2752 2789
f 2792 2794 2791
f 2793 2796 2794
f 2796 2750 2749
f 2794 2749 2753
f 2798 1396 2754
f 3591 2754 3598
f 2798 2800 1393
f 3591 2799 2798
f 2797 2795 2801
f 2791 2753 2790
f 216 232 54
f 3804 2807 3803
f 3805 2804 3803
f 2769 3557 3552
f 183 184 97
f 2811 2775 2776
f 2804 2776 2805
f 2809 2811 2804
f 2812 2813 2814
f 3805 2816 3795
f 3796 2815 3795
f 3798 2820 2821
f 3793 2819 3798
f 2824 2735 2819
f 2823 2824 2819
f 2825 2826 2724
f 3793 2827 3792
f 3796 2826 3792
f 2713 2829 2828
f 2828 2831 2830
f 2822 2828 2830
f 2821 2713 2828
f 2832 2822 2830
f 2833 2830 2831
f 2834 2832 2833
f 2835 2827 2832
f 2837 2839 2836
f 2836 2841 2840
f 2842 2840 2727
f 2843 2836 2842
f 2840 2845 2844
f 2718 2845 2719
f 2730 2844 2718
f 2727 2844 2728
f 2846 2719 2845
f 2846 2841 2847
f 2829 2847 2831
f 2829 2716 2846
f 2847 2839 2848
f 2848 2838 2849
f 2833 2849 2834
f 2831 2848 2833
f 2850 2851 2852
f 2853 2852 2854
f 2783 2782 2855
f 2785 2853 2856
f 2780 2856 2781
f 2857 2855 2782
f 2859 2782 2781
f 2861 2842 2860
f 2860 2727 2726
f 2862 2726 2732
f 2863 2860 2862
f 2861 2858 2857
f 2843 2857 2859
f 2856 2854 2864
f 2781 2864 2859
f 2837 2859 2864
f 2838 2864 2854
f 2852 2834 2849
f 2854 2849 2838
f 2865 2818 2835
f 2851 2835 2834
f 2813 2815 2865
f 2814 2865 2851
f 2866 2814 2850
f 2788 2850 2853
f 2866 2787 2867
f 2812 2867 2775
f 1892 1890 1891
f 2720 2846 2870
f 298 256 257
f 2872 2713 2820
f 3794 2735 2734
f 2729 2874 2873
f 2846 2715 2870
f 2876 2878 2875
f 2733 2878 2734
f 3806 2879 2880
f 3806 2872 3794
f 2882 2884 2881
f 2881 2715 2714
f 2880 2714 2872
f 2879 2881 2880
f 2885 2887 2888
f 2888 2890 2885
f 2885 2892 2891
f 2893 2885 2891
f 1942 2532 2894
f 2895 2720 2870
f 2884 2870 2715
f 2883 2895 2884
f 2896 2892 2895
f 2889 2717 2890
f 2890 2720 2892
f 2897 2891 2896
f 2898 2896 2883
f 2899 2883 2882
f 2900 2882 2879
f 3797 2879 3807
f 2876 2901 2877
f 2901 2904 2903
f 1785 1835 1834
f 2905 2899 2900
f 2907 2897 2898
f 3797 2903 3799
f 632 577 633
f 3532 2867 2787
f 434 550 350
f 2768 3640 3643
f 2910 1623 2249
f 2241 2758 2242
f 3640 2913 3652
f 1623 2757 1620
f 3587 2757 3652
f 2229 1380 2250
f 2765 1629 2914
f 2915 1629 2912
f 3642 2914 2915
f 3641 2765 2914
f 2919 3642 3613
f 2918 2912 2241
f 3614 2241 3586
f 3618 3613 3670
f 3541 2180 3496
f 3521 2188 3506
f 3705 714 3851
f 2925 2917 2924
f 2924 2916 2919
f 3610 2919 3618
f 3611 2924 3610
f 2926 2766 2925
f 3658 2925 3611
f 1715 1705 1710
f 785 498 796
f 1387 565 1791
f 374 1899 560
f 3573 2206 3556
f 2929 2886 2893
f 2932 2934 2931
f 1905 1908 1907
f 2930 2936 2937
f 2938 2930 2929
f 1493 517 518
f 1603 1586 1602
f 2939 2929 2908
f 2940 2908 2907
f 3665 1600 3661
f 2886 2937 2887
f 2906 2898 2899
f 2908 2893 2897
f 2942 2933 2941
f 2941 2937 2936
f 3501 2936 3513
f 3498 2941 3501
f 2943 2710 2873
f 2943 2874 2889
f 2945 2889 2888
f 2946 2943 2945
f 2932 2888 2887
f 2931 2945 2932
f 727 1929 728
f 2903 2947 2948
f 545 42 262
f 1480 533 251
f 2907 2949 2940
f 2906 2950 2949
f 1558 215 202
f 3799 2948 3801
f 2054 1644 2118
f 3705 2203 3573
f 1828 1849 1827
f 2953 2955 2952
f 2952 2957 2956
f 2956 2258 2952
f 2953 2258 2257
f 2454 2474 2496
f 3747 2959 3766
f 3747 2131 3737
f 2961 2963 2958
f 2958 2964 2959
f 222 2485 2965
f 2477 2966 2608
f 2631 2006 1859
f 2384 2496 2497
f 2967 2959 2964
f 2968 2970 2969
f 3759 2971 3784
f 3784 2960 3766
f 2972 2033 2032
f 2007 2973 2008
f 3560 2134 2133
f 1836 1832 1831
f 3506 2090 3551
f 955 959 956
f 672 674 673
f 633 713 632
f 2024 733 803
f 2025 803 798
f 425 1550 388
f 2975 888 887
f 1319 1157 2694
f 1212 2977 1213
f 889 2228 2227
f 1978 1975 1979
f 1138 1329 915
f 751 2979 2978
f 1619 1625 1624
f 2252 1728 1727
f 1157 845 1216
f 2706 1938 2617
f 2980 2254 2981
f 2982 887 2630
f 802 711 2679
f 678 2029 2028
f 527 690 528
f 1839 2629 1840
f 2983 602 1914
f 2983 1913 1331
f 2985 1331 1054
f 2986 2983 2985
f 2987 2635 2634
f 2985 2639 2986
f 2990 1318 2989
f 2991 2993 2994
f 2995 2994 2996
f 1106 2991 2995
f 1058 2992 2991
f 1415 1365 1367
f 1317 2217 2997
f 1932 2255 2980
f 926 2999 664
f 3001 2992 3000
f 3000 1057 2978
f 2999 2978 2979
f 2998 3000 2999
f 3002 2209 3003
f 3002 2996 2994
f 2993 3002 2994
f 3001 2998 3002
f 1103 2995 3004
f 3004 2996 3003
f 2209 3004 3003
f 588 3004 2210
f 295 433 381
f 2638 2988 3005
f 3005 1056 1930
f 1305 1930 1306
f 1276 3005 1305
f 1987 1993 1989
f 2633 1761 2645
f 1423 1417 1419
f 3561 739 703
f 2671 2704 2705
f 1473 2035 1472
f 922 2694 895
f 1401 1378 1384
f 556 1884 1037
f 842 3825 3836
f 1854 2617 1010
f 933 1081 1075
f 1440 1436 1437
f 529 719 530
f 1031 1027 1028
f 777 912 1871
f 2645 1204 2633
f 441 1538 1537
f 790 587 586
f 2065 1610 1607
f 1860 990 902
f 60 87 59
f 1424 1948 1947
f 332 1507 331
f 261 138 135
f 187 449 507
f 1719 1726 1725
f 1931 1059 3006
f 3006 1105 1104
f 1287 1104 587
f 1286 3006 1287
f 3007 3009 3010
f 3009 653 795
f 618 26 25
f 2029 1210 1209
f 957 600 2228
f 1049 2228 600
f 2631 3011 2561
f 890 2227 3011
f 3011 2145 3012
f 2561 3012 2375
f 1026 609 608
f 2706 1961 1964
f 3013 2485 3014
f 2148 1267 3015
f 3015 1266 1311
f 2997 1101 1317
f 642 1773 1193
f 186 461 511
f 1041 1320 901
f 1121 3017 1122
f 2984 2987 3018
f 3018 2634 2619
f 1048 3018 2619
f 603 2984 3018
f 2679 801 802
f 2062 2074 2061
f 2061 2076 2064
f 414 1545 1965
f 3016 2683 3019
f 3019 2704 2670
f 3020 2670 720
f 3007 3019 3020
f 1871 1091 777
f 3021 1122 3017
f 3022 3017 3010
f 1314 3022 1315
f 1784 3021 1314
f 1316 1763 611
f 3023 3010 3009
f 3023 795 1092
f 1763 1092 1125
f 1315 3023 1763
f 3016 3010 3017
f 752 2978 1057
f 2986 2637 2987
f 3024 653 3008
f 3020 3008 3007
f 720 3024 3020
f 723 654 3024
f 2681 1268 3025
f 2671 1268 721
f 2705 3025 2671
f 1313 3027 1311
f 3026 3029 3027
f 3027 3030 3031
f 1311 3031 3015
f 2012 731 2023
f 917 974 977
f 743 856 744
f 1888 2030 1425
f 2682 2684 3032
f 3032 1124 2989
f 1100 2989 1318
f 1099 3032 1100
f 1123 2989 1124
f 3033 1159 1158
f 2990 1158 1319
f 1123 3033 2990
f 1786 1834 3033
f 1054 2988 2985
f 2979 664 2999
f 2623 2663 2643
f 1095 688 687
f 3034 2261 2956
f 3036 2956 2957
f 3037 3034 3036
f 3038 3035 3034
f 3040 3026 1313
f 2263 3041 3040
f 3042 3043 3041
f 3041 3028 3026
f 3044 3043 3039
f 3046 3045 3044
f 3047 3049 3045
f 3043 3049 3028
f 3038 3051 3050
f 3050 3053 3052
f 3052 3044 3050
f 3039 3050 3044
f 3054 3039 3042
f 3042 2262 3054
f 2261 3054 2262
f 2216 2997 2217
f 2212 2667 1936
f 3056 2209 3055
f 934 1961 1854
f 2013 3757 567
f 3058 3060 3061
f 3059 3063 3060
f 3060 2213 1963
f 3061 1963 1962
f 3063 2214 2213
f 3062 3064 3063
f 3065 2260 3064
f 3064 2215 2214
f 3066 3031 3030
f 2608 3067 3066
f 2966 3068 3067
f 3031 3068 3015
f 2455 2461 2474
f 2476 2226 2477
f 3551 2089 3525
f 3526 3769 3786
f 433 355 381
f 2115 1419 2123
f 3509 2922 3527
f 3769 2131 2134
f 3069 2167 2166
f 2971 2928 2960
f 2961 2773 2962
f 3070 2478 2483
f 2610 3071 2954
f 2502 2374 2386
f 3072 2595 3073
f 2964 3052 2967
f 3048 3074 3049
f 2593 3075 3074
f 3075 3029 3074
f 3074 3028 3049
f 3072 3075 2592
f 3076 2482 2481
f 2481 3066 3076
f 3076 3030 3075
f 2967 3053 2970
f 2482 3073 2483
f 479 493 494
f 706 3873 709
f 3561 2221 3517
f 2013 3754 3755
f 3533 2016 3529
f 3562 2222 2974
f 1171 1155 1176
f 2586 2565 2587
f 2982 113 2484
f 2562 3077 3068
f 2376 3012 3077
f 3012 2148 3077
f 3077 3015 3068
f 2963 3046 2964
f 3051 2970 3053
f 1683 491 775
f 3850 1447 3860
f 1986 3734 3768
f 3079 2546 2575
f 3081 2575 2576
f 1983 3768 3765
f 3082 2319 2545
f 3080 2545 2546
f 3734 3082 3080
f 3732 2323 3082
f 1309 1888 748
f 3073 2772 2771
f 2760 3084 2762
f 2760 2088 3083
f 3085 3086 3087
f 3089 3090 3088
f 3089 3084 3085
f 3092 3090 3091
f 3093 2744 2743
f 2751 2748 3093
f 3093 2752 2751
f 2742 3093 3094
f 3094 2743 3095
f 3096 3098 3087
f 3099 3087 3086
f 3097 3095 3098
f 3100 2746 3101
f 3101 3102 3100
f 2764 2927 3101
f 2745 3101 2746
f 3102 3091 3100
f 3100 3095 2743
f 2869 3592 3634
f 3102 3104 3092
f 3658 2869 3634
f 2927 3103 3102
f 3098 3091 3090
f 3087 3090 3085
f 2088 3105 3083
f 3083 3086 3084
f 2483 2771 3070
f 2401 2185 2321
f 3099 3105 3106
f 2125 3106 3105
f 3108 2742 3107
f 3107 3094 3097
f 3110 3107 3109
f 3109 3097 3096
f 3111 3096 3099
f 3112 3109 3111
f 3113 2737 3108
f 3115 2722 3114
f 3117 3114 3116
f 3119 3116 3118
f 3118 3120 3121
f 3116 3113 3120
f 3122 3111 3123
f 3122 1755 1754
f 3124 3126 3127
f 3125 3121 3126
f 3128 3118 3125
f 3129 3125 3124
f 2020 3128 3129
f 3853 1346 1352
f 1065 1047 1066
f 1814 3830 1649
f 2021 3129 3130
f 3111 3106 3123
f 3123 2207 1755
f 2377 2224 2973
f 3014 113 112
f 1756 3782 3767
f 3131 2530 2528
f 3133 2528 2529
f 1753 3767 3775
f 3134 3127 3135
f 2327 2314 2313
f 2436 2317 2349
f 2018 3711 3712
f 2534 3137 2535
f 2320 3136 2534
f 2185 3712 3771
f 3138 2542 2539
f 3134 3744 3745
f 3785 3134 3745
f 3140 2539 2538
f 2535 3140 2538
f 3711 3130 3785
f 2558 3132 3141
f 3782 3141 3132
f 2560 3141 3142
f 3760 3142 3141
f 958 2976 2981
f 1933 2980 3143
f 2399 2418 2416
f 2348 2343 2432
f 2322 2319 2323
f 2718 2874 2730
f 2709 2873 2710
f 2894 1361 1942
f 346 176 347
f 1876 1882 1881
f 2802 3607 3592
f 3104 3088 3092
f 2974 3649 3603
f 3089 2761 2762
f 3088 3145 3089
f 2803 3603 3607
f 3870 692 628
f 2123 1418 2126
f 1365 1368 1367
f 1581 1782 1783
f 3569 2129 3520
f 3555 2002 3521
f 3146 2551 3147
f 3751 3147 3750
f 3742 3146 3751
f 3149 2585 3146
f 3196 3197 3195
f 3604 2191 3623
f 3142 2556 2560
f 3777 3150 3142
f 3646 2550 3593
f 3150 2555 2556
f 3778 3151 3150
f 3788 3152 3646
f 3153 2551 2549
f 3152 2549 2550
f 3781 3153 3152
f 3776 3147 3153
f 3148 2206 2205
f 2183 2321 2184
f 2132 2928 2133
f 3684 2204 2203
f 3719 2197 3721
f 2594 2773 2951
f 2595 2951 2772
f 1870 799 1869
f 3713 2178 3706
f 3706 3736 3790
f 336 3774 3722
f 339 3154 336
f 3789 3149 3742
f 3683 2584 3149
f 2963 3048 3047
f 3722 337 336
f 339 2566 2586
f 3156 2168 2167
f 2610 2167 2611
f 2954 3156 2610
f 3157 2953 2257
f 3707 2169 3709
f 2567 3159 2568
f 337 2567 338
f 3730 2166 3707
f 3764 1983 3765
f 2579 3081 2576
f 2568 3160 2579
f 3709 2190 3764
f 3065 3162 3161
f 3161 1984 2189
f 3157 2189 2168
f 2257 3161 3157
f 734 1922 806
f 3059 2708 3163
f 3163 2182 1985
f 3162 1985 1984
f 3062 3163 3162
f 3203 3205 3204
f 2122 1448 1447
f 3817 1685 3812
f 139 444 69
f 1570 566 533
f 2957 3165 3036
f 2955 3164 2957
f 1912 341 1973
f 3130 3124 3134
f 1548 319 1547
f 1949 1327 1887
f 2969 3078 3167
f 3167 3169 3168
f 3724 2017 3720
f 3720 2033 3759
f 3168 3165 3170
f 3170 3164 3171
f 3779 3171 3756
f 3724 3170 3779
f 3171 3166 3172
f 3172 3071 3173
f 3752 3173 3749
f 3756 3172 3752
f 3169 3036 3165
f 2593 2962 2594
f 3173 2609 3174
f 3174 2199 2198
f 3783 2198 3719
f 3749 3174 3783
f 2190 1984 1983
f 2196 2767 3148
f 2119 1414 1448
f 1464 1466 1465
f 2199 3069 2200
f 2457 2587 2565
f 2226 2562 2966
f 481 1627 1639
f 333 235 236
f 3078 3037 3169
f 3040 2997 2263
f 2219 1933 2220
f 2385 2497 2503
f 221 3175 2484
f 2220 3143 3175
f 3175 2976 2975
f 2484 2975 2982
f 2954 3166 2955
f 2630 110 2982
f 1547 1952 1955
f 2091 2188 2187
f 3733 2178 2177
f 1918 1927 1926
f 3563 111 3511
f 955 960 954
f 2037 112 3563
f 3143 2981 2976
f 2218 2214 2215
f 672 3787 3541
f 2152 3014 2037
f 1147 1143 1145
f 2248 1409 2245
f 1615 1635 1616
f 1410 2246 2247
f 3241 3242 3240
f 3177 1383 1382
f 2238 3176 1382
f 3176 2230 3178
f 1410 3179 1407
f 3179 2243 1407
f 1633 2800 2249
f 1621 2758 2912
f 1622 2245 1634
f 2236 3181 3182
f 2237 3182 3183
f 2250 2233 2229
f 2912 1628 1621
f 135 1564 1563
f 1567 512 1565
f 1085 2653 2685
f 3184 868 3056
f 869 3057 934
f 1266 1098 1312
f 1267 722 721
f 937 2646 936
f 2146 722 2147
f 2211 921 2667
f 1957 507 449
f 1313 2264 3040
f 1496 1493 1492
f 2681 2705 2682
f 2887 2933 2932
f 1687 1659 1694
f 145 1498 81
f 1317 1319 2694
f 37 418 71
f 1935 3185 2977
f 104 301 103
f 2101 2083 2084
f 543 360 207
f 1934 3186 3185
f 234 212 237
f 3845 1822 1824
f 1976 1874 1974
f 223 2219 220
f 3655 3605 3612
f 468 773 2165
f 1935 1728 1932
f 3240 3226 3235
f 3261 3250 3260
f 3215 3244 3264
f 3265 3215 3264
f 3267 3198 3196
f 3205 3269 3255
f 3214 3265 3270
f 3271 3214 3192
f 3251 3239 3236
f 3222 3266 3272
f 3232 3234 3233
f 3216 3243 3244
f 3196 3268 3267
f 3244 3254 3255
f 3238 3247 3246
f 3264 3255 3269
f 3253 3216 3217
f 3211 3221 3265
f 3257 3218 3256
f 3258 3272 3259
f 3274 3280 3273
f 3228 3262 3263
f 3275 3281 3280
f 3226 3273 3280
f 3236 3260 3251
f 3281 3236 3237
f 3287 3192 3189
f 3235 3280 3234
f 3234 3281 3237
f 3288 3259 3272
f 3260 3276 3251
f 3289 3278 3284
f 3210 3224 3283
f 3199 3201 3200
f 3228 3230 3229
f 3290 3285 3286
f 3282 3271 3287
f 3260 3262 3261
f 3243 3268 3254
f 3267 3241 3232
f 3194 3208 3193
f 3191 3269 3206
f 3270 3192 3214
f 3275 3230 3231
f 3264 3270 3265
f 3252 3276 3291
f 3248 3291 3223
f 3213 3279 3277
f 3272 3289 3288
f 3277 3212 3213
f 3228 3281 3231
f 3220 3253 3219
f 3219 3217 3257
f 3256 3222 3258
f 3247 3252 3248
f 3245 3232 3233
f 3266 3212 3289
f 3208 3255 3254
f 3288 3284 3285
f 3204 3208 3207
f 560 3187 559
f 3209 3201 3202
f 3189 3191 3190
f 448 807 447
f 647 122 270
f 1833 1780 1832
f 510 508 507
f 3210 1887 3201
f 1887 3200 3201
f 15 3197 3200
f 16 3195 3197
f 3195 3187 3194
f 3194 1899 3207
f 3207 375 3204
f 387 126 127
f 3189 1760 3287
f 3577 757 758
f 763 2172 2175
f 3583 3580 3581
f 3581 3579 3578
f 3594 3596 3595
f 3400 3602 3401
f 3626 3625 3627
f 3631 3599 3601
f 3636 3595 3596
f 3647 3588 3645
f 3650 3584 3647
f 3653 3580 3651
f 3653 3654 3579
f 1801 3656 3655
f 3651 3582 3650
f 3644 3595 3637
f 1767 3659 3660
f 1597 3661 1600
f 1708 3665 3664
f 3671 3667 3666
f 3666 3673 3672
f 1588 3664 1587
f 2080 3666 2082
f 2082 3672 2084
f 3674 3635 3631
f 3677 3636 3635
f 3682 3645 3681
f 3692 3650 3686
f 3681 3644 3680
f 786 3692 785
f 3694 3651 3692
f 785 3686 497
f 497 3682 650
f 650 3681 564
f 3696 3681 3680
f 3405 3605 3402
f 3702 3678 3677
f 3699 3679 3678
f 3645 3638 3644
f 1799 3659 1768
f 3708 3458 3460
f 3462 3708 3460
f 3714 564 3696
f 3615 3602 3600
f 3710 3696 3698
f 3635 3596 3599
f 3629 3627 3630
f 3597 3599 3596
f 3630 3715 3629
f 3627 3597 3594
f 3717 3723 3718
f 3715 3660 3629
f 3716 3725 3715
f 3668 3661 3725
f 3668 3717 3667
f 3667 3718 3673
f 3727 3673 3718
f 3728 3672 3673
f 3726 3718 3723
f 1576 2084 3672
f 3727 3731 3729
f 3203 1387 3190
f 3190 1791 3189
f 3283 1949 3210
f 317 259 391
f 2000 3653 3694
f 3601 3600 3602
f 3589 3584 3585
f 3577 756 2170
f 3585 3582 3583
f 3678 3637 3636
f 3204 376 3203
f 1801 3657 1799
f 3729 3728 3727
f 1575 3738 1088
f 3735 1576 3728
f 1776 1796 1775
f 1293 1290 1284
f 1326 1327 12
f 1294 1234 1290
f 878 1330 1337
f 497 374 498
f 122 413 121
f 3699 3704 3708
f 3606 3401 3602
f 3708 3698 3699
f 3464 3710 3462
f 3704 3443 3458
f 439 399 438
f 1512 1526 1511
f 1668 1738 1671
f 839 1362 838
f 1362 826 1012
f 3843 1896 3815
f 2053 2118 2117
f 3888 2120 2119
f 696 3816 3831
f 1826 639 640
f 3740 3729 3731
f 956 886 960
f 1980 1922 807
f 33 105 164
f 1343 3856 3857
f 3907 2128 3902
f 1766 1582 1594
f 14 2163 738
f 595 99 594
f 3233 3246 3245
f 1346 1044 1352
f 748 1425 747
f 3193 3254 3268
f 3190 3206 3203
f 3612 3606 3615
f 3624 3615 3625
f 3631 3443 3674
f 3679 3644 3637
f 3686 3647 3682
f 3702 3674 3704
f 3625 3600 3597
f 3601 3415 3631
f 3739 3735 3729
f 3630 3594 3741
f 3741 3716 3630
f 1284 1288 1285
f 3698 3680 3679
f 1778 1780 1779
f 1792 1584 1789
f 695 571 694
f 3638 3594 3595
f 3741 3588 3589
f 3247 3209 3202
f 3292 3294 3295
f 3296 3298 3299
f 3299 3300 3301
f 3302 3304 3305
f 3306 3308 3309
f 3307 3311 3308
f 3303 3301 3300
f 3312 3304 3313
f 3314 3316 3317
f 3318 3320 3321
f 3324 3321 3325
f 3326 3328 3323
f 3329 3331 3332
f 3333 3335 3336
f 3337 3339 3340
f 3333 3341 3342
f 3342 3343 3344
f 3319 3344 3343
f 3338 3334 3339
f 3346 3302 3347
f 3305 3347 3302
f 3312 3223 3349
f 3350 3340 3351
f 3312 3348 3305
f 3352 3341 3326
f 3311 3354 3308
f 3341 3327 3326
f 3359 3361 3362
f 3360 3250 3249
f 3318 3345 3319
f 3364 3318 3324
f 3314 3324 3365
f 3366 3301 3346
f 3299 3367 3296
f 3308 3368 3309
f 3369 3295 3294
f 3317 3364 3314
f 3370 3317 3316
f 3325 3365 3324
f 3352 3319 3343
f 3296 3353 3311
f 3297 3311 3310
f 3363 3354 3345
f 3345 3353 3344
f 3344 3367 3342
f 3366 3342 3367
f 3347 3334 3346
f 3339 3348 3340
f 3348 3351 3340
f 3363 3369 3368
f 3294 3368 3369
f 3293 3309 3294
f 3331 3374 3332
f 3346 3333 3366
f 3323 3352 3326
f 3356 3321 3320
f 3355 3325 3321
f 3357 3371 3325
f 3322 3320 3352
f 3361 3329 3362
f 3373 3375 3374
f 3374 3376 3332
f 3329 3376 3362
f 3327 3372 3328
f 3336 3375 3327
f 3335 3376 3375
f 3376 3337 3362
f 3337 3359 3362
f 3359 3276 3250
f 3377 3295 3370
f 3277 3315 3278
f 3371 3379 3365
f 3378 3358 3380
f 3365 3315 3314
f 3316 3279 3370
f 3282 3370 3279
f 3313 3224 3312
f 3378 3284 3379
f 3380 3285 3378
f 3379 3278 3315
f 3276 3351 3291
f 3291 3349 3223
f 3313 2965 3013
f 2965 3303 222
f 222 3300 223
f 223 3298 3186
f 3298 3185 3186
f 3297 2977 3185
f 3310 1213 2977
f 3307 1214 1213
f 2532 3306 3293
f 2894 3293 3292
f 2871 3292 3377
f 3253 3240 3242
f 3283 3013 2152
f 1997 1889 1892
f 1237 744 855
f 1535 120 121
f 1531 201 214
f 1119 1032 984
f 946 824 947
f 163 5 162
f 3589 3723 3741
f 1155 1162 1164
f 427 327 424
f 553 796 498
f 3381 2231 2237
f 3381 2230 2232
f 2237 3180 3381
f 3383 3385 3382
f 3384 3387 3385
f 3386 3389 3387
f 3388 3391 3389
f 3392 3394 3395
f 3395 3396 3397
f 3398 3397 3396
f 3400 3399 3398
f 3403 3405 3402
f 3406 3404 3403
f 3408 3407 3406
f 3410 3409 3408
f 3412 3411 3410
f 3415 3398 3414
f 3414 3396 3416
f 3416 3394 3417
f 3417 3393 3418
f 3393 3420 3418
f 3419 3421 3420
f 3390 3422 3421
f 3388 3423 3422
f 3386 3424 3423
f 3384 3425 3424
f 3425 3426 3184
f 2904 3428 2947
f 3429 2904 2902
f 3430 2902 2876
f 2875 3430 2876
f 3432 2733 2736
f 2825 3435 2824
f 3437 3439 3436
f 3441 3436 3440
f 2724 3434 2825
f 3436 3115 3117
f 3440 3117 3119
f 3443 3414 3442
f 3442 3416 3444
f 3444 3417 3445
f 3445 3418 3446
f 3446 3420 3447
f 3420 3448 3447
f 3421 3449 3448
f 3422 3450 3449
f 3423 3451 3450
f 3424 3452 3451
f 3425 3056 3452
f 3451 2253 2252
f 3450 2252 1727
f 3449 1727 2150
f 3448 2150 1941
f 3453 3448 1941
f 3454 3447 3453
f 3455 3446 3454
f 3456 3445 3455
f 3442 3456 3457
f 3443 3457 3458
f 3459 3458 3457
f 3457 3455 3459
f 3459 3454 3461
f 3462 3459 3461
f 3461 3453 3463
f 3464 3461 3463
f 3463 1941 1360
f 3404 3401 3405
f 3407 3399 3404
f 3409 3397 3407
f 3411 3395 3409
f 3465 3413 3412
f 3467 3469 3466
f 3465 3431 3433
f 3470 3466 3465
f 3438 3432 3435
f 3467 3438 3437
f 3468 3437 3441
f 3471 3468 3472
f 3472 3441 3473
f 3473 3440 2712
f 2712 3119 3128
f 3475 3472 3474
f 3474 3473 3476
f 3476 2712 2711
f 3477 2711 2400
f 3478 3476 3477
f 3479 3474 3478
f 3392 3413 3480
f 3466 3480 3413
f 3419 3392 3480
f 3390 3480 3391
f 3469 3391 3480
f 3389 3471 3475
f 3387 3475 3479
f 3385 3479 3481
f 3482 2400 2402
f 3483 3477 3482
f 3481 3478 3483
f 3484 2402 2707
f 3058 2707 2708
f 3061 3484 3058
f 3485 3482 3484
f 3382 3481 3486
f 3486 3483 3485
f 3426 3382 3487
f 3487 3486 1962
f 3486 3061 1962
f 1961 3487 1962
f 3057 3426 3487
f 3428 3402 3488
f 3427 3403 3428
f 3429 3406 3427
f 3430 3408 3429
f 3431 3410 3430
f 3470 3433 3432
f 3434 3438 3435
f 2723 3439 3434
f 2875 3433 3431
f 2736 3435 3432
f 2947 3488 3500
f 3464 1360 3497
f 1900 1924 1901
f 1736 1718 1750
f 1955 1943 1956
f 1671 1735 1751
f 1696 1698 1692
f 1800 1864 1801
f 2063 2056 2060
f 1737 1717 1736
f 1751 1697 1695
f 943 3899 684
f 3656 3402 3605
f 1577 1764 1703
f 3917 1599 3923
f 1945 82 1944
f 68 7 248
f 147 1543 148
f 1109 1133 1102
f 1503 1907 1908
f 1499 1909 1498
f 452 735 215
f 1824 3835 3845
f 1825 2068 1824
f 1463 1022 1194
f 841 1009 1011
f 1568 1955 1534
f 1926 1927 1923
f 1910 1502 1939
f 1939 422 442
f 309 1940 308
f 1804 1866 1803
f 269 1954 56
f 2065 2060 2056
f 3812 1758 3835
f 280 552 1940
f 1875 1869 1874
f 1739 1734 1737
f 1778 1790 1788
f 310 1915 279
f 1909 1906 1954
f 1789 1778 1788
f 978 980 979
f 1584 1731 1583
f 425 311 312
f 148 115 116
f 2044 3894 2046
f 277 1939 551
f 1943 1945 1944
f 1461 1463 1464
f 2253 3056 3055
f 2981 3489 958
f 2209 3489 3055
f 2254 3055 3489
f 2998 958 3489
f 2826 2721 2724
f 3490 2721 2817
f 2816 3490 2817
f 2334 2296 2335
f 2298 2334 2336
f 2301 2336 2338
f 2311 2338 2354
f 2312 2354 2355
f 2359 2361 2360
f 2335 2359 2360
f 2414 2365 2364
f 2413 2361 2365
f 2355 2540 2541
f 2541 2539 2542
f 2722 2739 2738
f 3114 2738 3113
f 3110 3121 3120
f 3108 3120 3113
f 3122 3127 3126
f 3112 3126 3121
f 3127 1753 3135
f 3139 2529 2542
f 3744 3133 3139
f 3490 2740 2739
f 3491 2789 3490
f 228 91 88
f 245 243 242
f 248 247 191
f 2 296 295
f 145 300 267
f 327 210 328
f 329 331 330
f 250 228 236
f 239 240 230
f 373 375 374
f 178 176 175
f 1218 1228 1321
f 3862 1295 3854
f 808 824 823
f 3858 1013 1014
f 3813 1411 1413
f 2154 2159 2160
f 3845 1758 1757
f 306 1922 452
f 2157 1976 1977
f 708 2031 1474
f 1450 1227 1428
f 1672 1605 1624
f 1813 1821 1816
f 1717 1715 1718
f 176 402 347
f 1710 3916 3915
f 1712 1577 1711
f 1705 1711 1704
f 971 979 970
f 822 1094 1102
f 2909 2793 2792
f 2810 2795 2793
f 2799 2249 2800
f 3662 2910 2799
f 2769 2801 2795
f 3177 3178 3179
f 3178 3180 3179
f 3181 1393 2800
f 3181 1632 3182
f 3182 2244 3183
f 3183 2243 3180
f 3492 2790 3491
f 2808 3491 2816
f 2239 3572 2240
f 1149 3571 3570
f 1150 3567 3571
f 2202 3566 2015
f 2921 3565 2923
f 3568 2133 2928
f 1777 1759 1792
f 1201 1183 1184
f 3561 2195 2194
f 3553 2770 2768
f 3927 1687 1692
f 1516 154 503
f 3549 2974 2803
f 3550 2779 2778
f 2771 3575 3546
f 3070 3546 3558
f 3547 2775 2867
f 1376 1370 1372
f 2767 3556 2206
f 2195 3543 2767
f 2775 3542 2776
f 3377 3545 2871
f 3804 3539 2806
f 2776 3538 2805
f 2240 3535 2920
f 2920 3669 3619
f 3548 2786 2779
f 1805 1851 1804
f 3534 2787 2786
f 2951 3540 3531
f 2772 3531 3575
f 2973 3530 3536
f 2224 3537 3530
f 1957 320 510
f 306 304 303
f 2770 3528 2913
f 2913 3574 2239
f 2923 3527 2922
f 308 431 47
f 207 132 543
f 1879 1881 1880
f 3733 3525 2089
f 2475 3558 3524
f 2476 3524 3523
f 2223 3523 3537
f 3522 2803 2802
f 2037 11 1950
f 1959 450 505
f 2003 3520 2129
f 9 334 540
f 2009 3518 3567
f 2008 3536 3518
f 3877 673 3879
f 3515 2778 2784
f 2935 3513 2936
f 111 3570 3511
f 3510 2935 2938
f 683 3885 943
f 3508 2810 2909
f 736 732 729
f 1795 1803 1796
f 3505 2938 2939
f 3507 2939 2940
f 2950 3504 2949
f 2940 3504 3507
f 3801 3512 2950
f 2868 3502 2869
f 2869 3522 2802
f 1024 1023 1020
f 3500 2948 2947
f 551 442 443
f 2972 3568 2928
f 2032 3499 2972
f 216 1924 1923
f 203 201 200
f 1828 1847 1837
f 1958 449 450
f 272 178 175
f 2871 3495 1361
f 3619 3564 2921
f 2801 3643 3662
f 2005 3654 2176
f 960 899 962
f 3657 3612 3624
f 3780 3646 3151
f 3151 3593 2555
f 2193 3623 2194
f 3607 3145 3144
f 3603 2761 3145
f 3592 3144 3104
f 2926 3634 3103
f 3634 3104 3103
f 3755 3746 3753
f 566 3758 2005
f 3488 1864 3500
f 1602 2079 2078
f 2868 3611 2922
f 2922 3610 2923
f 2923 3618 2921
f 3670 2918 3614
f 3619 3614 2920
f 2921 3670 3619
f 2920 3586 2240
f 3613 2915 2918
f 2917 3622 3641
f 2916 3641 3642
f 2239 3652 2913
f 2911 3652 2757
f 3643 2911 2910
f 2797 3662 3591
f 2797 3598 2750
f 3622 2763 2765
f 3608 2764 2745
f 2194 3648 2221
f 2221 3649 2222
f 2756 3609 2755
f 2750 3609 2747
f 3669 1817 3827
f 3763 1691 1699
f 2515 3590 2548
f 2548 3593 2550
f 2513 3632 3616
f 2513 3621 2515
f 2509 3620 2289
f 2510 3633 2509
f 2289 3639 2283
f 2283 3617 2286
f 2240 3587 2239
f 3659 3624 3626
f 716 3887 3888
f 727 3761 1923
f 2165 2170 2164
f 3660 3626 3629
f 3743 3578 3757
f 2175 769 770
f 2100 2095 2099
f 3758 3757 3578
f 640 3568 1826
f 1653 3553 1651
f 1895 3530 746
f 746 3537 741
f 1653 3528 3576
f 3762 1604 1672
f 2093 2073 2078
f 959 995 884
f 962 919 986
f 1400 1398 1399
f 1000 1127 1004
f 956 884 885
f 1662 3550 1661
f 2034 3546 1654
f 3926 3539 3802
f 3535 766 1817
f 3572 765 766
f 334 3571 335
f 1868 3540 1656
f 1684 1652 1678
f 1682 775 1807
f 1585 3762 1700
f 3763 1672 1673
f 2173 490 491
f 1658 3547 1752
f 3556 1650 724
f 1571 2010 1572
f 1587 3671 2080
f 2099 2077 2094
f 787 1999 786
f 2000 786 1999
f 3155 3697 3683
f 3713 3683 3789
f 2180 3685 3684
f 3496 3684 3705
f 1684 3840 1651
f 1760 3495 3545
f 2607 3693 2590
f 2581 3689 2607
f 2371 3700 3695
f 2371 3693 2372
f 2587 3675 2586
f 2586 3697 339
f 2497 3687 2503
f 2502 3687 3700
f 2494 3690 2495
f 3690 2472 2495
f 3688 2468 2472
f 3701 2469 2468
f 726 3892 630
f 581 3518 580
f 10 3570 334
f 1837 3510 1849
f 741 3523 1300
f 1299 3558 2034
f 1851 3504 1866
f 3527 1820 1819
f 580 3536 1895
f 1758 3522 3502
f 1693 3508 1806
f 3504 1867 1866
f 1894 3568 3499
f 2126 3813 3841
f 3906 3841 3912
f 2113 3867 2110
f 2179 3789 3685
f 624 3904 623
f 2192 3788 3780
f 2177 3787 3733
f 1364 3833 1338
f 3858 1470 1453
f 3135 3775 3744
f 2069 3835 2068
f 1351 3853 1352
f 2108 3901 499
f 2089 3736 3733
f 3828 1358 866
f 2001 3783 2187
f 2187 3719 2091
f 2130 3752 2004
f 2004 3749 2001
f 2014 3779 2201
f 2201 3756 2130
f 3167 3759 2969
f 3168 3720 3167
f 3159 3764 3160
f 3160 3765 3081
f 3730 3158 337
f 3158 3709 3159
f 2200 3730 3722
f 3685 3742 2204
f 3722 2197 2200
f 3790 2092 3721
f 3774 3721 2197
f 3154 3790 3774
f 3155 3706 3154
f 2091 3721 2092
f 2196 3750 3776
f 2193 3776 3781
f 3604 3781 3788
f 2086 3780 3778
f 2087 3778 3777
f 2204 3751 2205
f 2205 3750 3148
f 3909 574 692
f 2124 3777 3760
f 2208 3760 3782
f 3711 3140 3137
f 3785 3138 3140
f 3745 3139 3138
f 3771 3136 2322
f 3712 3137 3136
f 3775 3131 3133
f 3767 3132 3131
f 1813 3838 1814
f 1293 3856 1344
f 2184 3748 3732
f 2181 3732 3734
f 3765 3079 3081
f 3768 3080 3079
f 709 3875 2031
f 2774 3737 3769
f 3786 2134 3559
f 3809 766 765
f 2968 3766 2959
f 2969 3784 2968
f 2958 3737 2961
f 2132 3766 2960
f 2321 3771 3748
f 3860 1449 28
f 3905 582 710
f 3886 577 574
f 3847 1818 3827
f 705 3887 2121
f 3816 3907 698
f 2111 3911 2113
f 3810 1366 1411
f 1812 3822 1815
f 675 3852 674
f 3496 3851 675
f 2110 3868 2109
f 2104 3901 2106
f 2109 3899 944
f 3842 703 739
f 1680 3846 1684
f 1639 3819 3818
f 623 3906 697
f 2139 3866 3865
f 1808 3844 3837
f 3820 1819 1820
f 3872 3900 706
f 1646 3830 1648
f 3889 633 577
f 2139 3875 18
f 2156 3871 3874
f 674 3913 3869
f 2117 3812 2069
f 1815 3847 3823
f 3855 1444 1470
f 697 3912 3816
f 866 3836 3828
f 3864 2136 2135
f 3585 3726 3589
f 3583 3731 3585
f 3753 3738 3739
f 3740 3581 3743
f 1088 3746 1093
f 3739 3743 3753
f 2791 3493 2792
f 3492 2807 3493
f 2792 3494 2909
f 3493 2806 3494
f 3508 3494 3516
f 3516 2806 3539
f 2948 3791 3801
f 2105 3896 2104
f 3538 3804 2805
f 680 3876 683
f 1891 3910 3891
f 2905 3801 2950
f 2900 3799 2905
f 2901 3807 2877
f 2734 3806 3794
f 2877 3806 2878
f 2820 3794 2872
f 2818 3792 2827
f 2823 3792 2826
f 2822 3798 2821
f 2819 3800 3798
f 2817 3795 2816
f 2809 3795 2815
f 2808 3803 2807
f 2805 3803 2804
f 1702 3923 1599
f 3922 1797 1802
f 3915 1706 1709
f 3918 1692 1698
f 1657 3880 1879
f 1890 3895 3910
f 3772 1674 1675
f 1689 3772 3773
f 3926 3538 1688
f 3516 1689 3773
f 3917 1703 1764
f 1598 3928 1770
f 3880 1876 1879
f 1691 3925 3927
f 3925 1688 1687
f 1117 1118 3930
f 1066 1322 3930
f 1243 847 3930
f 3825 848 3930
f 1128 1117 3930
f 1129 1130 3930
f 841 1011 3930
f 1230 3863 3930
f 1242 1243 3930
f 1322 1229 3930
f 1064 1065 3930
f 1003 1128 3930
f 1229 1230 3930
f 3863 1285 3930
f 1285 1288 3930
f 848 839 3930
f 847 3825 3930
f 1118 1129 3930
f 1065 1066 3930
f 1087 1086 3930
f 1008 1002 3930
f 1011 1008 3930
f 1002 1003 3930
f 1076 1069 3930
f 838 841 3930
f 839 838 3930
f 1288 1242 3930
f 1130 1087 3930
f 1086 1076 3930
f 1069 1064 3930
f 2410 2414 3931
f 2411 2410 3931
f 3617 2285 3931
f 2394 2393 3931
f 2393 2396 3931
f 2281 2286 3931
f 2282 2280 3931
f 2398 2399 3931
f 2465 2464 3931
f 2396 2397 3931
f 2470 2469 3931
f 2399 2416 3931
f 2480 2395 3931
f 2459 2480 3931
f 2369 2282 3931
f 2460 2459 3931
f 2415 2411 3931
f 2416 2415 3931
f 2364 2363 3931
f 2286 3617 3931
f 2464 2470 3931
f 2469 3703 3931
f 2285 2465 3931
f 2414 2364 3931
f 2395 2394 3931
f 2363 2367 3931
f 2397 2398 3931
f 2280 2281 3931
f 3703 2460 3931
f 2367 2369 3931
f 3934 3937 3938
f 3934 3939 3935
f 3932 3937 3933
f 3938 3943 3939
f 3937 3940 3941
f 3937 3942 3938
f 3942 3947 3943
f 3941 3944 3945
f 3942 3945 3946
f 3947 3950 3951
f 3944 3949 3945
f 3945 3950 3946
f 3950 3955 3951
f 3949 3952 3953
f 3950 3953 3954
f 3955 3958 3959
f 3953 3956 3957
f 3953 3958 3954
f 3959 3962 3963
f 3957 3960 3961
f 3958 3961 3962
f 3962 3967 3963
f 3960 3965 3961
f 3961 3966 3962
f 3966 3971 3967
f 3965 3968 3969
f 3966 3969 3970
f 3970 3975 3971
f 3968 3973 3969
f 3969 3974 3970
f 3974 3979 3975
f 3973 3976 3977
f 3974 3977 3978
f 3979 3982 3983
f 3976 3981 3977
f 3977 3982 3978
f 3982 3987 3983
f 3981 3984 3985
f 3982 3985 3986
f 3987 3990 3991
f 3984 3989 3985
f 3985 3990 3986
f 3991 3994 3995
f 3989 3992 3993
f 3990 3993 3994
f 3995 3998 3999
f 3992 3997 3993
f 3993 3998 3994
f 3998 4003 3999
f 3997 4000 4001
f 3998 4001 4002
f 4002 4007 4003
f 4000 4005 4001
f 4001 4006 4002
f 4006 4011 4007
f 4005 4008 4009
f 4006 4009 4010
f 4011 4014 4015
f 4008 4013 4009
f 4009 4014 4010
f 4014 4019 4015
f 4013 4016 4017
f 4014 4017 4018
f 4019 4022 4023
f 4016 4021 4017
f 4017 4022 4018
f 4023 4026 4027
f 4021 4024 4025
f 4022 4025 4026
f 4027 4030 4031
f 4024 4029 4025
f 4025 4030 4026
f 4031 4034 4035
f 4029 4032 4033
f 4030 4033 4034
f 4034 4039 4035
f 4032 4037 4033
f 4033 4038 4034
f 4038 4043 4039
f 4037 4040 4041
f 4038 4041 4042
f 4043 4046 4047
f 4040 4045 4041
f 4041 4046 4042
f 4046 4051 4047
f 4045 4048 4049
f 4046 4049 4050
f 4051 4055 4056
f 4048 4054 4049
f 4049 4055 4050
f 4056 4059 4060
f 4053 4058 4054
f 4055 4058 4059
f 3932 4052 3936
f 3936 4052 3940
f 3940 4052 3944
f 3944 4052 3948
f 3948 4052 3952
f 3952 4052 3956
f 3956 4052 3960
f 3960 4052 3964
f 3964 4052 3968
f 3968 4052 3972
f 3972 4052 3976
f 3976 4052 3980
f 3980 4052 3984
f 3984 4052 3988
f 3988 4052 3992
f 3992 4052 3996
f 3996 4052 4000
f 4000 4052 4004
f 4004 4052 4008
f 4008 4052 4012
f 4012 4052 4016
f 4016 4052 4020
f 4020 4052 4024
f 4024 4052 4028
f 4028 4052 4032
f 4032 4052 4036
f 4036 4052 4040
f 4040 4052 4044
f 4044 4052 4048
f 4048 4052 4053
f 4053 4052 4057
f 4060 3934 3935
f 4058 3932 3933
f 4058 3934 4059
f 4057 4052 3932
f 4069 4081 4082
f 4066 4080 4067
f 4065 4077 4078
f 4063 4075 4076
f 4071 4085 4072
f 4069 4083 4070
f 4067 4081 4068
f 4066 4078 4079
f 4063 4077 4064
f 4061 4075 4062
f 4072 4086 4073
f 4071 4083 4084
f 4076 4090 4077
f 4074 4088 4075
f 4086 4098 4099
f 4083 4097 4084
f 4082 4094 4095
f 4079 4093 4080
f 4078 4090 4091
f 4076 4088 4089
f 4085 4097 4098
f 4082 4096 4083
f 4080 4094 4081
f 4079 4091 4092
f 4089 4103 4090
f 4088 4100 4101
f 4098 4112 4099
f 4096 4110 4097
f 4095 4107 4108
f 4092 4106 4093
f 4090 4104 4091
f 4089 4101 4102
f 4097 4111 4098
f 4095 4109 4096
f 4094 4106 4107
f 4092 4104 4105
f 4103 4115 4116
f 4100 4114 4101
f 4112 4124 4125
f 4110 4122 4123
f 4107 4121 4108
f 4105 4119 4106
f 4103 4117 4104
f 4101 4115 4102
f 4110 4124 4111
f 4109 4121 4122
f 4107 4119 4120
f 4105 4117 4118
f 4115 4129 4116
f 4114 4126 4127
f 4124 4138 4125
f 4123 4135 4136
f 4120 4134 4121
f 4119 4131 4132
f 4117 4129 4130
f 4114 4128 4115
f 4124 4136 4137
f 4122 4134 4135
f 4119 4133 4120
f 4117 4131 4118
f 4129 4141 4142
f 4126 4140 4127
f 4138 4150 4151
f 4136 4148 4149
f 4133 4147 4134
f 4131 4145 4132
f 4130 4142 4143
f 4127 4141 4128
f 4137 4149 4150
f 4135 4147 4148
f 4132 4146 4133
f 4131 4143 4144
f 4142 4154 4155
f 4140 4152 4153
f 4150 4164 4151
f 4149 4161 4162
f 4146 4160 4147
f 4144 4158 4145
f 4142 4156 4143
f 4140 4154 4141
f 4149 4163 4150
f 4148 4160 4161
f 4146 4158 4159
f 4144 4156 4157
f 4155 4167 4168
f 4153 4165 4166
f 4163 4177 4164
f 4161 4175 4162
f 4159 4173 4160
f 4158 4170 4171
f 4155 4169 4156
f 4153 4167 4154
f 4163 4175 4176
f 4161 4173 4174
f 4159 4171 4172
f 4156 4170 4157
f 4167 4181 4168
f 4165 4179 4166
f 4176 4190 4177
f 4175 4187 4188
f 4173 4185 4186
f 4170 4184 4171
f 4169 4181 4182
f 4167 4179 4180
f 4175 4189 4176
f 4173 4187 4174
f 4171 4185 4172
f 4170 4182 4183
f 4180 4194 4181
f 4178 4192 4179
f 4190 4202 4203
f 4187 4201 4188
f 4186 4198 4199
f 4183 4197 4184
f 4182 4194 4195
f 4180 4192 4193
f 4189 4201 4202
f 4186 4200 4187
f 4184 4198 4185
f 4183 4195 4196
f 4193 4207 4194
f 4192 4204 4205
f 4202 4216 4203
f 4200 4214 4201
f 4199 4211 4212
f 4196 4210 4197
f 4194 4208 4195
f 4193 4205 4206
f 4201 4215 4202
f 4199 4213 4200
f 4198 4210 4211
f 4196 4208 4209
f 4207 4219 4220
f 4204 4218 4205
f 4216 4228 4229
f 4213 4227 4214
f 4211 4225 4212
f 4209 4223 4210
f 4207 4221 4208
f 4205 4219 4206
f 4214 4228 4215
f 4213 4225 4226
f 4211 4223 4224
f 4209 4221 4222
f 4219 4233 4220
f 4218 4230 4231
f 4228 4242 4229
f 4226 4240 4227
f 4225 4237 4238
f 4223 4235 4236
f 4221 4233 4234
f 4218 4232 4219
f 4228 4240 4241
f 4226 4238 4239
f 4223 4237 4224
f 4221 4235 4222
f 4233 4245 4246
f 4230 4244 4231
f 4242 4254 4255
f 4240 4252 4253
f 4237 4251 4238
f 4235 4249 4236
f 4234 4246 4247
f 4231 4245 4232
f 4241 4253 4254
f 4239 4251 4252
f 4236 4250 4237
f 4235 4247 4248
f 4246 4258 4259
f 4244 4256 4257
f 4254 4268 4255
f 4253 4265 4266
f 4250 4264 4251
f 4248 4262 4249
f 4246 4260 4247
f 4244 4258 4245
f 4253 4267 4254
f 4252 4264 4265
f 4250 4262 4263
f 4248 4260 4261
f 4259 4271 4272
f 4257 4269 4270
f 4267 4281 4268
f 4265 4279 4266
f 4263 4277 4264
f 4262 4274 4275
f 4259 4273 4260
f 4257 4271 4258
f 4266 4280 4267
f 4265 4277 4278
f 4263 4275 4276
f 4260 4274 4261
f 4271 4285 4272
f 4269 4283 4270
f 4281 4293 4294
f 4279 4291 4292
f 4277 4289 4290
f 4274 4288 4275
f 4273 4285 4286
f 4271 4283 4284
f 4280 4292 4293
f 4277 4291 4278
f 4275 4289 4276
f 4274 4286 4287
f 4284 4298 4285
f 4282 4296 4283
f 4294 4306 4307
f 4291 4305 4292
f 4290 4302 4303
f 4287 4301 4288
f 4286 4298 4299
f 4284 4296 4297
f 4293 4305 4306
f 4290 4304 4291
f 4288 4302 4289
f 4287 4299 4300
f 4297 4311 4298
f 4296 4308 4309
f 4306 4320 4307
f 4304 4318 4305
f 4303 4315 4316
f 4300 4314 4301
f 4298 4312 4299
f 4297 4309 4310
f 4305 4319 4306
f 4304 4316 4317
f 4302 4314 4315
f 4300 4312 4313
f 4310 4324 4311
f 4308 4322 4309
f 4320 4332 4333
f 4318 4330 4331
f 4316 4328 4329
f 4313 4327 4314
f 4311 4325 4312
f 4310 4322 4323
f 4318 4332 4319
f 4316 4330 4317
f 4315 4327 4328
f 4312 4326 4313
f 4323 4337 4324
f 4322 4334 4335
f 4332 4346 4333
f 4330 4344 4331
f 4329 4341 4342
f 4327 4339 4340
f 4325 4337 4338
f 4322 4336 4323
f 4332 4344 4345
f 4330 4342 4343
f 4327 4341 4328
f 4325 4339 4326
f 4337 4350 4351
f 4334 4349 4335
f 4346 4359 4360
f 4344 4357 4358
f 4341 4356 4342
f 4340 4353 4354
f 4338 4351 4352
f 4335 4350 4336
f 4345 4358 4359
f 4343 4356 4357
f 4340 4355 4341
f 4338 4353 4339
f 4351 4363 4364
f 4349 4361 4362
f 4359 4373 4360
f 4358 4370 4371
f 4355 4369 4356
f 4354 4366 4367
f 4351 4365 4352
f 4349 4363 4350
f 4358 4372 4359
f 4357 4369 4370
f 4355 4367 4368
f 4352 4366 4353
f 4364 4376 4377
f 4362 4374 4375
f 4373 4385 4386
f 4370 4384 4371
f 4368 4382 4369
f 4367 4379 4380
f 4364 4378 4365
f 4362 4376 4363
f 4372 4384 4385
f 4370 4382 4383
f 4368 4380 4381
f 4365 4379 4366
f 4376 4390 4377
f 4374 4388 4375
f 4385 4399 4386
f 4384 4396 4397
f 4382 4394 4395
f 4379 4393 4380
f 4378 4390 4391
f 4376 4388 4389
f 4384 4398 4385
f 4382 4396 4383
f 4380 4394 4381
f 4379 4391 4392
f 4389 4403 4390
f 4387 4401 4388
f 4399 4411 4412
f 4396 4410 4397
f 4395 4407 4408
f 4393 4405 4406
f 4391 4403 4404
f 4389 4401 4402
f 4398 4410 4411
f 4395 4409 4396
f 4393 4407 4394
f 4391 4405 4392
f 4402 4416 4403
f 4401 4413 4414
f 4411 4425 4412
f 4409 4423 4410
f 4408 4420 4421
f 4406 4418 4419
f 4403 4417 4404
f 4402 4414 4415
f 4410 4424 4411
f 4408 4422 4409
f 4407 4419 4420
f 4404 4418 4405
f 4416 4428 4429
f 4413 4427 4414
f 4425 4437 4438
f 4423 4435 4436
f 4421 4433 4434
f 4418 4432 4419
f 4416 4430 4417
f 4415 4427 4428
f 4423 4437 4424
f 4421 4435 4422
f 4420 4432 4433
f 4418 4430 4431
f 4428 4442 4429
f 4426 4440 4427
f 4437 4451 4438
f 4435 4449 4436
f 4434 4446 4447
f 4432 4444 4445
f 4430 4442 4443
f 4427 4441 4428
f 4437 4449 4450
f 4435 4447 4448
f 4432 4446 4433
f 4430 4444 4431
f 4442 4454 4455
f 4439 4453 4440
f 4451 4463 4464
f 4449 4461 4462
f 4446 4460 4447
f 4444 4458 4445
f 4443 4455 4456
f 4440 4454 4441
f 4450 4462 4463
f 4447 4461 4448
f 4445 4459 4446
f 4444 4456 4457
f 4455 4467 4468
f 4453 4465 4466
f 4463 4477 4464
f 4462 4474 4475
f 4459 4473 4460
f 4457 4471 4458
f 4455 4469 4456
f 4453 4467 4454
f 4462 4476 4463
f 4461 4473 4474
f 4459 4471 4472
f 4457 4469 4470
f 4347 4073 4086
f 4347 4086 4099
f 4347 4099 4112
f 4347 4112 4125
f 4347 4125 4138
f 4347 4138 4151
f 4347 4151 4164
f 4347 4164 4177
f 4347 4177 4190
f 4347 4190 4203
f 4347 4203 4216
f 4347 4216 4229
f 4347 4229 4242
f 4347 4242 4255
f 4347 4255 4268
f 4347 4268 4281
f 4347 4281 4294
f 4347 4294 4307
f 4347 4307 4320
f 4347 4320 4333
f 4347 4333 4346
f 4347 4346 4360
f 4347 4360 4373
f 4347 4373 4386
f 4347 4386 4399
f 4347 4399 4412
f 4347 4412 4425
f 4347 4425 4438
f 4347 4438 4451
f 4347 4451 4464
f 4347 4464 4477
f 4468 4063 4064
f 4466 4061 4062
f 4477 4072 4073
f 4474 4071 4475
f 4472 4069 4473
f 4471 4066 4067
f 4468 4065 4469
f 4466 4063 4467
f 4347 4477 4073
f 4476 4071 4072
f 4474 4069 4070
f 4472 4067 4068
f 4469 4066 4470
f 3935 4465 4060
f 4465 4056 4060
f 4452 4051 4056
f 4439 4047 4051
f 4047 4413 4043
f 4043 4400 4039
f 4039 4387 4035
f 4387 4031 4035
f 4031 4361 4027
f 4361 4023 4027
f 4348 4019 4023
f 4334 4015 4019
f 4015 4308 4011
f 4011 4295 4007
f 4007 4282 4003
f 4282 3999 4003
f 3999 4256 3995
f 4256 3991 3995
f 4243 3987 3991
f 4230 3983 3987
f 3983 4204 3979
f 3979 4191 3975
f 3975 4178 3971
f 4178 3967 3971
f 3967 4152 3963
f 4152 3959 3963
f 4139 3955 3959
f 4126 3951 3955
f 3951 4100 3947
f 3947 4087 3943
f 3943 4074 3939
f 4074 3935 3939
f 4480 4483 4484
f 4480 4485 4481
f 4479 4482 4483
f 4484 4489 4485
f 4482 4487 4483
f 4483 4488 4484
f 4488 4493 4489
f 4487 4490 4491
f 4488 4491 4492
f 4493 4496 4497
f 4490 4495 4491
f 4491 4496 4492
f 4496 4501 4497
f 4495 4498 4499
f 4496 4499 4500
f 4501 4504 4505
f 4498 4503 4499
f 4499 4504 4500
f 4505 4508 4509
f 4503 4506 4507
f 4504 4507 4508
f 4509 4512 4513
f 4506 4511 4507
f 4507 4512 4508
f 4513 4516 4517
f 4511 4514 4515
f 4512 4515 4516
f 4516 4521 4517
f 4514 4519 4515
f 4515 4520 4516
f 4520 4525 4521
f 4518 4523 4519
f 4520 4523 4524
f 4525 4528 4529
f 4522 4527 4523
f 4523 4528 4524
f 4528 4533 4529
f 4527 4530 4531
f 4528 4531 4532
f 4533 4536 4537
f 4530 4535 4531
f 4531 4536 4532
f 4537 4540 4541
f 4534 4539 4535
f 4536 4539 4540
f 4541 4544 4545
f 4539 4542 4543
f 4539 4544 4540
f 4544 4549 4545
f 4542 4547 4543
f 4544 4547 4548
f 4548 4553 4549
f 4547 4550 4551
f 4547 4552 4548
f 4552 4557 4553
f 4551 4554 4555
f 4552 4555 4556
f 4557 4560 4561
f 4554 4559 4555
f 4555 4560 4556
f 4560 4565 4561
f 4559 4562 4563
f 4560 4563 4564
f 4565 4568 4569
f 4562 4567 4563
f 4563 4568 4564
f 4569 4572 4573
f 4567 4570 4571
f 4568 4571 4572
f 4572 4577 4573
f 4570 4575 4571
f 4571 4576 4572
f 4576 4581 4577
f 4575 4578 4579
f 4576 4579 4580
f 4580 4585 4581
f 4578 4583 4579
f 4579 4584 4580
f 4584 4589 4585
f 4583 4586 4587
f 4584 4587 4588
f 4589 4592 4593
f 4586 4591 4587
f 4587 4592 4588
f 4592 4597 4593
f 4591 4594 4595
f 4592 4595 4596
f 4597 4601 4602
f 4594 4600 4595
f 4595 4601 4596
f 4602 4605 4606
f 4600 4603 4604
f 4601 4604 4605
f 4478 4598 4482
f 4482 4598 4486
f 4486 4598 4490
f 4490 4598 4494
f 4494 4598 4498
f 4498 4598 4502
f 4502 4598 4506
f 4506 4598 4510
f 4510 4598 4514
f 4514 4598 4518
f 4518 4598 4522
f 4522 4598 4526
f 4526 4598 4530
f 4530 4598 4534
f 4534 4598 4538
f 4538 4598 4542
f 4542 4598 4546
f 4546 4598 4550
f 4550 4598 4554
f 4554 4598 4558
f 4558 4598 4562
f 4562 4598 4566
f 4566 4598 4570
f 4570 4598 4574
f 4574 4598 4578
f 4578 4598 4582
f 4582 4598 4586
f 4586 4598 4590
f 4590 4598 4594
f 4594 4598 4599
f 4599 4598 4603
f 4606 4480 4481
f 4603 4479 4604
f 4604 4480 4605
f 4603 4598 4478
f 4615 4627 4628
f 4612 4626 4613
f 4611 4623 4624
f 4609 4621 4622
f 4618 4630 4631
f 4615 4629 4616
f 4613 4627 4614
f 4612 4624 4625
f 4609 4623 4610
f 4607 4621 4608
f 4619 4631 4632
f 4617 4629 4630
f 4622 4636 4623
f 4620 4634 4621
f 4632 4644 4645
f 4629 4643 4630
f 4628 4640 4641
f 4626 4638 4639
f 4624 4636 4637
f 4622 4634 4635
f 4631 4643 4644
f 4628 4642 4629
f 4626 4640 4627
f 4624 4638 4625
f 4635 4649 4636
f 4634 4646 4647
f 4644 4658 4645
f 4642 4656 4643
f 4641 4653 4654
f 4639 4651 4652
f 4636 4650 4637
f 4635 4647 4648
f 4643 4657 4644
f 4642 4654 4655
f 4640 4652 4653
f 4637 4651 4638
f 4648 4662 4649
f 4646 4660 4647
f 4658 4670 4671
f 4656 4668 4669
f 4653 4667 4654
f 4651 4665 4652
f 4649 4663 4650
f 4648 4660 4661
f 4656 4670 4657
f 4654 4668 4655
f 4653 4665 4666
f 4651 4663 4664
f 4661 4675 4662
f 4660 4672 4673
f 4670 4684 4671
f 4668 4682 4669
f 4667 4679 4680
f 4665 4677 4678
f 4663 4675 4676
f 4661 4673 4674
f 4670 4682 4683
f 4667 4681 4668
f 4665 4679 4666
f 4663 4677 4664
f 4675 4687 4688
f 4672 4686 4673
f 4684 4696 4697
f 4682 4694 4695
f 4679 4693 4680
f 4678 4690 4691
f 4676 4688 4689
f 4673 4687 4674
f 4683 4695 4696
f 4681 4693 4694
f 4678 4692 4679
f 4676 4690 4677
f 4688 4700 4701
f 4686 4698 4699
f 4696 4710 4697
f 4695 4707 4708
f 4692 4706 4693
f 4691 4703 4704
f 4688 4702 4689
f 4686 4700 4687
f 4695 4709 4696
f 4694 4706 4707
f 4692 4704 4705
f 4689 4703 4690
f 4701 4713 4714
f 4699 4711 4712
f 4710 4722 4723
f 4707 4721 4708
f 4705 4719 4706
f 4704 4716 4717
f 4701 4715 4702
f 4699 4713 4700
f 4709 4721 4722
f 4707 4719 4720
f 4705 4717 4718
f 4702 4716 4703
f 4713 4727 4714
f 4711 4725 4712
f 4723 4735 4736
f 4721 4733 4734
f 4719 4731 4732
f 4716 4730 4717
f 4715 4727 4728
f 4713 4725 4726
f 4721 4735 4722
f 4719 4733 4720
f 4717 4731 4718
f 4716 4728 4729
f 4726 4740 4727
f 4724 4738 4725
f 4736 4748 4749
f 4733 4747 4734
f 4732 4744 4745
f 4730 4742 4743
f 4728 4740 4741
f 4726 4738 4739
f 4735 4747 4748
f 4732 4746 4733
f 4730 4744 4731
f 4728 4742 4729
f 4739 4753 4740
f 4738 4750 4751
f 4748 4762 4749
f 4746 4760 4747
f 4745 4757 4758
f 4743 4755 4756
f 4740 4754 4741
f 4739 4751 4752
f 4747 4761 4748
f 4745 4759 4746
f 4744 4756 4757
f 4741 4755 4742
f 4753 4765 4766
f 4750 4764 4751
f 4762 4774 4775
f 4759 4773 4760
f 4758 4770 4771
f 4755 4769 4756
f 4753 4767 4754
f 4752 4764 4765
f 4760 4774 4761
f 4758 4772 4759
f 4757 4769 4770
f 4755 4767 4768
f 4765 4779 4766
f 4764 4776 4777
f 4774 4788 4775
f 4772 4786 4773
f 4771 4783 4784
f 4769 4781 4782
f 4767 4779 4780
f 4765 4777 4778
f 4774 4786 4787
f 4771 4785 4772
f 4769 4783 4770
f 4767 4781 4768
f 4779 4791 4792
f 4776 4790 4777
f 4788 4800 4801
f 4786 4798 4799
f 4783 4797 4784
f 4782 4794 4795
f 4780 4792 4793
f 4777 4791 4778
f 4787 4799 4800
f 4785 4797 4798
f 4782 4796 4783
f 4780 4794 4781
f 4792 4804 4805
f 4790 4802 4803
f 4800 4814 4801
f 4799 4811 4812
f 4796 4810 4797
f 4795 4807 4808
f 4792 4806 4793
f 4790 4804 4791
f 4799 4813 4800
f 4798 4810 4811
f 4796 4808 4809
f 4793 4807 4794
f 4805 4817 4818
f 4803 4815 4816
f 4814 4826 4827
f 4811 4825 4812
f 4809 4823 4810
f 4808 4820 4821
f 4805 4819 4806
f 4803 4817 4804
f 4813 4825 4826
f 4811 4823 4824
f 4809 4821 4822
f 4806 4820 4807
f 4817 4831 4818
f 4815 4829 4816
f 4826 4840 4827
f 4825 4837 4838
f 4823 4835 4836
f 4820 4834 4821
f 4819 4831 4832
f 4817 4829 4830
f 4825 4839 4826
f 4823 4837 4824
f 4821 4835 4822
f 4820 4832 4833
f 4830 4844 4831
f 4828 4842 4829
f 4840 4852 4853
f 4837 4851 4838
f 4836 4848 4849
f 4834 4846 4847
f 4832 4844 4845
f 4830 4842 4843
f 4839 4851 4852
f 4836 4850 4837
f 4834 4848 4835
f 4832 4846 4833
f 4843 4857 4844
f 4842 4854 4855
f 4852 4866 4853
f 4850 4864 4851
f 4849 4861 4862
f 4847 4859 4860
f 4844 4858 4845
f 4843 4855 4856
f 4851 4865 4852
f 4849 4863 4850
f 4848 4860 4861
f 4845 4859 4846
f 4857 4869 4870
f 4855 4867 4868
f 4866 4878 4879
f 4864 4876 4877
f 4862 4874 4875
f 4859 4873 4860
f 4857 4871 4858
f 4856 4868 4869
f 4864 4878 4865
f 4862 4876 4863
f 4861 4873 4874
f 4859 4871 4872
f 4869 4883 4870
f 4868 4880 4881
f 4878 4892 4879
f 4877 4889 4890
f 4874 4888 4875
f 4873 4885 4886
f 4871 4883 4884
f 4868 4882 4869
f 4878 4890 4891
f 4876 4888 4889
f 4873 4887 4874
f 4871 4885 4872
f 4883 4896 4897
f 4880 4895 4881
f 4892 4905 4906
f 4890 4903 4904
f 4887 4902 4888
f 4885 4900 4886
f 4884 4897 4898
f 4881 4896 4882
f 4891 4904 4905
f 4889 4902 4903
f 4886 4901 4887
f 4885 4898 4899
f 4897 4909 4910
f 4895 4907 4908
f 4905 4919 4906
f 4904 4916 4917
f 4901 4915 4902
f 4899 4913 4900
f 4897 4911 4898
f 4895 4909 4896
f 4904 4918 4905
f 4903 4915 4916
f 4901 4913 4914
f 4899 4911 4912
f 4910 4922 4923
f 4908 4920 4921
f 4919 4931 4932
f 4916 4930 4917
f 4914 4928 4915
f 4913 4925 4926
f 4910 4924 4911
f 4908 4922 4909
f 4918 4930 4931
f 4916 4928 4929
f 4914 4926 4927
f 4911 4925 4912
f 4922 4936 4923
f 4920 4934 4921
f 4931 4945 4932
f 4930 4942 4943
f 4928 4940 4941
f 4925 4939 4926
f 4924 4936 4937
f 4922 4934 4935
f 4930 4944 4931
f 4928 4942 4929
f 4926 4940 4927
f 4925 4937 4938
f 4935 4949 4936
f 4933 4947 4934
f 4945 4957 4958
f 4942 4956 4943
f 4941 4953 4954
f 4938 4952 4939
f 4937 4949 4950
f 4935 4947 4948
f 4944 4956 4957
f 4941 4955 4942
f 4939 4953 4940
f 4938 4950 4951
f 4948 4962 4949
f 4947 4959 4960
f 4957 4971 4958
f 4955 4969 4956
f 4954 4966 4967
f 4951 4965 4952
f 4949 4963 4950
f 4948 4960 4961
f 4956 4970 4957
f 4954 4968 4955
f 4953 4965 4966
f 4951 4963 4964
f 4962 4974 4975
f 4959 4973 4960
f 4971 4983 4984
f 4968 4982 4969
f 4966 4980 4967
f 4964 4978 4965
f 4962 4976 4963
f 4960 4974 4961
f 4969 4983 4970
f 4967 4981 4968
f 4966 4978 4979
f 4964 4976 4977
f 4975 4987 4988
f 4973 4985 4986
f 4983 4997 4984
f 4981 4995 4982
f 4979 4993 4980
f 4978 4990 4991
f 4976 4988 4989
f 4973 4987 4974
f 4983 4995 4996
f 4981 4993 4994
f 4978 4992 4979
f 4976 4990 4977
f 4988 5000 5001
f 4985 4999 4986
f 4997 5009 5010
f 4995 5007 5008
f 4992 5006 4993
f 4991 5003 5004
f 4989 5001 5002
f 4986 5000 4987
f 4996 5008 5009
f 4994 5006 5007
f 4991 5005 4992
f 4989 5003 4990
f 5001 5013 5014
f 4999 5011 5012
f 5009 5023 5010
f 5008 5020 5021
f 5005 5019 5006
f 5004 5016 5017
f 5001 5015 5002
f 4999 5013 5000
f 5008 5022 5009
f 5007 5019 5020
f 5005 5017 5018
f 5002 5016 5003
f 4893 4619 4632
f 4893 4632 4645
f 4893 4645 4658
f 4893 4658 4671
f 4893 4671 4684
f 4893 4684 4697
f 4893 4697 4710
f 4893 4710 4723
f 4893 4723 4736
f 4893 4736 4749
f 4893 4749 4762
f 4893 4762 4775
f 4893 4775 4788
f 4893 4788 4801
f 4893 4801 4814
f 4893 4814 4827
f 4893 4827 4840
f 4893 4840 4853
f 4893 4853 4866
f 4893 4866 4879
f 4893 4879 4892
f 4893 4892 4906
f 4893 4906 4919
f 4893 4919 4932
f 4893 4932 4945
f 4893 4945 4958
f 4893 4958 4971
f 4893 4971 4984
f 4893 4984 4997
f 4893 4997 5010
f 4893 5010 5023
f 5014 4609 4610
f 5012 4607 4608
f 5022 4619 5023
f 5020 4617 5021
f 5018 4615 5019
f 5017 4612 4613
f 5014 4611 5015
f 5012 4609 5013
f 4893 5023 4619
f 5021 4618 5022
f 5020 4615 4616
f 5018 4613 4614
f 5015 4612 5016
f 4481 5011 4606
f 5011 4602 4606
f 4998 4597 4602
f 4985 4593 4597
f 4593 4959 4589
f 4589 4946 4585
f 4585 4933 4581
f 4933 4577 4581
f 4577 4907 4573
f 4907 4569 4573
f 4894 4565 4569
f 4880 4561 4565
f 4561 4854 4557
f 4557 4841 4553
f 4553 4828 4549
f 4828 4545 4549
f 4545 4802 4541
f 4802 4537 4541
f 4789 4533 4537
f 4776 4529 4533
f 4529 4750 4525
f 4525 4737 4521
f 4521 4724 4517
f 4724 4513 4517
f 4513 4698 4509
f 4698 4505 4509
f 4685 4501 4505
f 4672 4497 4501
f 4497 4646 4493
f 4493 4633 4489
f 4489 4620 4485
f 4620 4481 4485
f 4 3 2
f 8 7 6
f 13 16 15
f 17 28 19
f 32 31 30
f 36 35 34
f 37 40 39
f 21 22 23
f 25 26 27
f 41 44 43
f 48 47 46
f 52 51 50
f 53 56 55
f 60 59 58
f 29 30 62
f 66 65 64
f 67 5 6
f 72 71 70
f 76 75 74
f 77 80 79
f 81 84 83
f 59 87 86
f 88 91 90
f 96 95 94
f 100 99 98
f 101 104 103
f 106 105 34
f 108 116 115
f 117 119 36
f 124 127 126
f 131 130 129
f 132 102 134
f 142 141 140
f 148 106 60
f 144 143 127
f 149 152 151
f 156 155 154
f 159 150 158
f 116 108 164
f 171 170 169
f 174 126 173
f 179 182 181
f 186 189 188
f 194 197 196
f 199 142 139
f 206 209 208
f 213 212 211
f 202 215 214
f 96 93 216
f 92 238 43
f 97 184 246
f 250 249 229
f 252 254 58
f 258 257 256
f 260 91 229
f 110 111 112
f 114 264 263
f 265 268 267
f 56 53 270
f 274 273 249
f 185 183 63
f 280 279 278
f 285 284 283
f 288 219 211
f 141 142 92
f 289 290 175
f 148 116 105
f 312 311 170
f 238 262 42
f 318 163 160
f 310 309 308
f 241 239 325
f 160 230 240
f 47 48 307
f 108 109 315
f 345 85 86
f 348 351 350
f 356 359 358
f 355 354 353
f 363 31 32
f 364 252 253
f 366 125 368
f 183 372 371
f 163 162 161
f 209 226 101
f 378 377 165
f 379 295 381
f 383 382 3
f 284 285 386
f 387 127 389
f 391 259 229
f 73 281 397
f 405 408 407
f 203 218 411
f 414 121 413
f 1 356 357
f 277 276 131
f 254 344 57
f 358 384 415
f 417 416 386
f 401 400 192
f 419 389 127
f 421 181 182
f 103 301 302
f 428 367 368
f 380 390 359
f 62 204 266
f 140 141 431
f 357 358 351
f 356 1 379
f 415 392 403
f 437 428 436
f 438 441 440
f 188 451 450
f 265 455 181
f 224 185 64
f 237 212 213
f 275 131 128
f 281 282 460
f 50 462 79
f 73 74 282
f 468 467 466
f 390 355 352
f 482 485 484
f 489 488 487
f 493 496 495
f 472 471 470
f 502 501 500
f 220 221 222
f 512 419 143
f 518 517 511
f 513 239 230
f 205 30 31
f 189 370 451
f 163 318 532
f 533 224 225
f 446 448 447
f 335 541 540
f 544 512 546
f 329 519 291
f 199 534 262
f 385 386 416
f 532 190 191
f 363 117 118
f 578 581 580
f 573 572 571
f 561 563 562
f 241 260 259
f 590 593 592
f 545 546 595
f 503 154 155
f 606 625 624
f 478 481 480
f 646 649 648
f 590 591 689
f 564 565 651
f 728 246 184
f 714 724 716
f 692 574 575
f 541 335 581
f 346 68 248
f 161 231 230
f 128 129 94
f 698 705 704
f 574 577 576
f 290 289 401
f 630 631 725
f 733 736 735
f 755 466 496
f 759 480 481
f 757 763 762
f 764 496 466
f 768 767 3808
f 759 760 488
f 492 474 475
f 474 770 769
f 773 468 465
f 771 774 486
f 484 485 775
f 774 776 489
f 495 496 764
f 495 757 761
f 137 397 784
f 325 239 797
f 165 519 51
f 369 32 29
f 730 731 568
f 90 302 301
f 243 118 516
f 800 734 806
f 817 815 808
f 816 808 823
f 306 303 447
f 815 810 809
f 829 830 828
f 726 725 501
f 274 427 424
f 879 882 881
f 884 883 879
f 219 218 217
f 906 905 904
f 455 204 205
f 898 882 830
f 903 900 880
f 377 291 519
f 923 949 948
f 946 947 951
f 3519 740 739
f 900 899 886
f 225 64 65
f 182 445 442
f 809 952 947
f 954 960 962
f 927 950 965
f 885 879 880
f 925 927 966
f 343 342 341
f 965 964 971
f 968 971 970
f 972 968 969
f 963 961 981
f 336 337 338
f 992 993 827
f 810 815 996
f 1007 1001 1002
f 1012 826 827
f 1011 1009 1007
f 294 293 292
f 907 908 920
f 1017 579 1019
f 1020 1023 1022
f 1035 1024 1020
f 1061 1060 1047
f 1063 1061 1046
f 1044 1020 1021
f 1102 1094 1097
f 1116 1126 1118
f 1016 1015 1014
f 881 897 904
f 816 1116 1127
f 1094 948 949
f 514 342 167
f 146 145 81
f 1133 1135 1130
f 1102 1133 1126
f 822 1126 1116
f 1145 1143 1148
f 1076 1144 1151
f 1148 1143 1086
f 1109 1097 1114
f 1154 1153 1156
f 1153 925 967
f 3464 3497 463
f 1144 1147 1152
f 1156 967 1163
f 1164 1162 1169
f 1145 1171 1176
f 1114 1115 1154
f 1183 1155 1164
f 1184 1183 1177
f 1069 1151 1062
f 1023 1191 1194
f 1162 1163 1170
f 1195 1184 1185
f 1183 1196 1176
f 1201 1063 1152
f 1061 1063 1201
f 3825 847 843
f 1203 1202 1195
f 1202 1201 1184
f 1218 1060 1203
f 1060 1061 1202
f 1225 1218 1217
f 671 695 694
f 1219 1217 1024
f 1217 1203 1034
f 1226 1014 1015
f 1243 1242 1234
f 1231 1230 1229
f 847 1243 1233
f 843 1233 1244
f 1233 1234 1245
f 1923 3761 233
f 2100 2108 499
f 3914 3864 2135
f 61 62 323
f 210 211 217
f 1299 1310 1309
f 3863 1230 1231
f 1066 1047 1321
f 1322 1321 1228
f 1060 1218 1321
f 1325 1324 1323
f 1244 1245 1332
f 1290 1234 1242
f 1337 1330 1339
f 1330 1332 1340
f 1341 1332 1245
f 1342 1340 1332
f 1343 1342 1341
f 1344 1341 1294
f 3857 3856 1345
f 1347 1348 1342
f 3856 3854 1295
f 1349 1350 1348
f 3861 1349 1347
f 3853 1347 1343
f 906 898 829
f 905 906 1353
f 865 1356 1355
f 1355 1353 829
f 1357 1355 825
f 1356 1354 1353
f 3834 1337 1338
f 866 1358 1356
f 1358 1359 1354
f 3828 878 1337
f 838 1362 1012
f 1363 1364 1338
f 1368 1363 1339
f 1348 1368 1340
f 1371 1369 3824
f 524 525 526
f 528 529 530
f 1372 1370 1369
f 535 536 537
f 1367 1368 1348
f 1370 1354 1359
f 1369 1359 3833
f 1373 910 903
f 555 556 557
f 1374 909 910
f 1373 904 905
f 1374 1373 1375
f 1375 905 1354
f 1378 920 908
f 376 373 651
f 1388 928 973
f 586 587 588
f 1390 1389 1388
f 1391 1388 969
f 597 598 599
f 600 601 602
f 1392 1391 970
f 608 609 610
f 612 524 523
f 614 615 616
f 617 618 25
f 620 621 622
f 1397 1390 1391
f 1398 1397 1392
f 1400 987 920
f 1402 1403 1165
f 636 637 638
f 930 1404 1402
f 641 642 643
f 929 1402 1169
f 1404 1405 1403
f 1411 1366 1365
f 1412 1406 1415
f 652 653 654
f 609 656 657
f 659 660 661
f 558 663 586
f 665 666 667
f 1413 1411 1406
f 1418 1416 3810
f 1417 1372 1371
f 1416 1371 3829
f 1419 1417 1416
f 1386 909 1374
f 677 678 679
f 1385 1386 1420
f 1420 1374 1376
f 685 686 687
f 1421 1420 1422
f 528 690 691
f 1422 1376 1372
f 1018 1019 747
f 699 700 701
f 1424 578 579
f 3663 1597 1767
f 700 699 711
f 1093 3746 3754
f 717 718 530
f 721 722 723
f 704 1650 3543
f 19 1429 1426
f 1429 1428 1427
f 1658 1659 3542
f 1439 1437 1434
f 1437 1436 1435
f 1426 1427 1433
f 1442 1431 1432
f 742 743 744
f 1432 1433 1441
f 751 752 753
f 1438 1434 1403
f 1446 1445 1444
f 1447 1448 1446
f 3860 1447 1443
f 1415 1367 1445
f 1414 1415 1446
f 2173 1683 469
f 777 778 779
f 780 781 782
f 1676 1693 1806
f 3859 1451 1349
f 789 790 791
f 745 792 793
f 652 794 795
f 1455 1458 1457
f 1454 1367 1350
f 610 691 802
f 3831 3816 698
f 1352 1044 1045
f 1015 1016 1459
f 811 812 813
f 2118 3815 3817
f 819 820 821
f 1466 1463 1194
f 1467 1468 1465
f 1182 1165 1468
f 832 812 833
f 835 836 837
f 1467 1466 1190
f 1469 1470 1444
f 840 700 712
f 1453 1470 1469
f 599 844 845
f 1226 1450 3849
f 851 852 853
f 855 744 856
f 858 859 860
f 861 862 863
f 1014 1226 3855
f 867 676 868
f 870 871 872
f 874 875 876
f 1310 1323 1471
f 1476 1433 1427
f 1461 1476 1475
f 887 888 889
f 788 791 892
f 894 895 896
f 1460 1475 1227
f 901 902 524
f 1465 1478 1477
f 1865 3503 3500
f 911 912 913
f 916 917 918
f 1850 3505 3507
f 921 922 895
f 1479 1435 1436
f 926 664 667
f 1481 562 563
f 269 1483 84
f 931 932 933
f 934 935 614
f 936 685 688
f 938 659 662
f 1484 270 122
f 941 942 835
f 320 321 509
f 1849 3510 3505
f 84 1483 1484
f 1487 1490 1488
f 1757 1758 3502
f 365 1492 1491
f 461 79 80
f 117 363 362
f 1494 540 541
f 926 601 957
f 1477 1441 1433
f 1709 1588 1585
f 119 117 1496
f 271 1497 504
f 511 517 189
f 345 1496 1492
f 57 344 299
f 1501 1499 268
f 267 268 1499
f 974 975 976
f 1678 1652 1693
f 3846 1682 1807
f 557 982 663
f 983 941 984
f 1443 1444 3849
f 421 1500 268
f 989 990 991
f 1490 1487 418
f 279 280 309
f 997 868 676
f 998 26 999
f 1504 418 38
f 1506 1508 1507
f 360 361 1508
f 1506 1486 207
f 939 1005 1006
f 270 1484 1483
f 66 63 546
f 1010 742 793
f 367 428 437
f 244 31 363
f 1670 3532 3534
f 209 206 1510
f 388 389 426
f 427 274 250
f 161 520 521
f 100 246 45
f 1025 1026 608
f 1029 1030 1031
f 939 662 1033
f 41 42 594
f 1036 780 783
f 702 701 1038
f 1040 1041 1042
f 362 32 369
f 187 1520 477
f 70 1487 539
f 1049 600 603
f 613 867 869
f 860 1050 1051
f 1005 1052 1053
f 753 1055 1056
f 1057 1058 1059
f 293 288 1522
f 288 212 1521
f 292 1522 1523
f 331 1507 1508
f 306 452 453
f 100 44 41
f 462 1524 78
f 330 331 1524
f 635 1067 1068
f 1485 1527 1526
f 206 1485 1528
f 1070 1071 1072
f 942 941 1073
f 916 933 1075
f 440 1529 1530
f 157 158 1514
f 1529 162 5
f 371 595 546
f 790 586 663
f 1077 858 857
f 1403 1434 1435
f 1080 1081 1082
f 531 520 1529
f 21 1083 1084
f 272 1532 1531
f 690 712 802
f 335 3571 3567
f 1090 1030 1029
f 1092 795 794
f 1533 396 137
f 661 660 1095
f 69 444 445
f 1099 1100 1101
f 38 39 1536
f 1104 1105 1106
f 852 1107 1108
f 1377 908 909
f 291 377 411
f 316 1536 516
f 539 1488 1533
f 1505 1536 316
f 1110 1111 1112
f 1539 1537 460
f 522 441 1537
f 834 837 1120
f 1122 1123 1124
f 612 1125 1041
f 935 793 615
f 276 278 130
f 1686 3549 3522
f 193 190 1541
f 231 521 1540
f 556 1037 982
f 365 253 85
f 190 532 318
f 1810 765 3574
f 3924 1867 3512
f 1132 983 985
f 208 101 102
f 1134 1033 662
f 1491 518 80
f 429 133 1542
f 1137 1138 915
f 172 436 428
f 1139 1140 1141
f 549 96 54
f 1517 1519 1518
f 834 1119 984
f 1543 513 286
f 1544 797 239
f 133 134 1544
f 506 361 257
f 420 327 328
f 1158 1159 1160
f 587 1104 1103
f 607 1161 1027
f 304 1546 1545
f 364 1491 77
f 69 70 198
f 700 840 1112
f 3877 626 3525
f 1166 719 657
f 1167 1168 858
f 1300 3523 3524
f 1172 1173 1174
f 218 203 200
f 1179 1180 1181
f 372 183 97
f 89 104 227
f 1186 1187 1188
f 172 173 1517
f 1482 84 81
f 1090 1192 1193
f 394 395 353
f 526 525 1198
f 1199 1200 1026
f 606 623 697
f 1204 1205 1206
f 1207 1208 523
f 1209 1210 867
f 914 913 685
f 1478 1436 1441
f 1029 1028 1161
f 1211 1212 1213
f 3858 1453 1451
f 844 1215 1216
f 423 193 273
f 1220 1221 1222
f 22 1223 1224
f 882 898 897
f 1519 1517 173
f 1189 1188 1232
f 349 350 550
f 1071 1235 1236
f 1237 1238 1239
f 1221 1186 1189
f 1510 1528 1512
f 939 1032 1241
f 1556 1530 5
f 1553 1554 394
f 404 1556 67
f 1247 1248 1249
f 142 199 238
f 1251 1067 635
f 850 1252 1253
f 1254 1167 1077
f 57 132 133
f 443 430 552
f 1187 1172 1175
f 1256 1070 831
f 432 405 382
f 741 748 747
f 434 350 351
f 349 432 383
f 251 124 1481
f 395 384 352
f 1518 1519 1550
f 1558 410 378
f 109 263 314
f 285 1514 1513
f 395 394 393
f 202 203 410
f 417 408 405
f 1246 1257 1258
f 3 1559 297
f 1259 1260 1261
f 403 404 347
f 955 954 953
f 462 50 51
f 1096 1095 687
f 429 147 60
f 896 1264 1265
f 1267 721 1268
f 423 424 327
f 37 179 180
f 20 23 1187
f 1256 1168 1071
f 1188 1175 1269
f 1236 1270 1271
f 1272 536 535
f 565 564 463
f 1273 792 745
f 876 1254 1255
f 316 33 164
f 437 1516 503
f 194 1494 1495
f 1275 1276 864
f 624 625 631
f 1277 1274 1137
f 569 568 567
f 1481 124 125
f 324 325 547
f 1279 1108 1107
f 1525 332 329
f 1281 1278 1137
f 171 168 1553
f 1488 73 396
f 1557 1561 1562
f 1282 856 1206
f 1053 1277 1278
f 778 777 607
f 713 583 3566
f 251 225 144
f 4 357 348
f 709 708 707
f 728 48 45
f 261 135 1563
f 789 1286 1287
f 74 314 263
f 403 284 385
f 1178 1181 1240
f 1223 1259 1289
f 1220 20 1186
f 296 1518 354
f 784 459 1538
f 1181 1180 1291
f 1269 1292 1257
f 1566 1538 438
f 136 784 1566
f 1563 1564 169
f 107 114 109
f 1297 1282 1298
f 1464 1477 1476
f 1520 187 507
f 1301 1302 1303
f 1306 1307 1308
f 175 456 1532
f 1532 456 200
f 1311 1266 1312
f 872 1314 1315
f 3836 843 878
f 1305 1308 864
f 1040 1275 863
f 1564 1566 399
f 592 1576 1575
f 591 1575 1088
f 1581 1584 1583
f 1196 1152 1147
f 710 582 583
f 285 407 408
f 953 954 961
f 1594 1592 1589
f 1585 1588 1587
f 1592 1591 1590
f 3885 945 944
f 1600 1599 1598
f 1604 1603 1602
f 1399 1392 979
f 1589 1590 1596
f 1610 1609 1608
f 298 257 361
f 551 552 276
f 1627 1626 3814
f 859 811 818
f 1078 857 1328
f 1555 439 1530
f 572 573 680
f 772 465 776
f 977 1281 918
f 404 403 392
f 1054 1331 750
f 1644 1645 1643
f 932 1265 1082
f 1067 1333 1334
f 1540 1539 264
f 597 1335 643
f 471 761 762
f 1642 696 3831
f 1644 1642 3842
f 923 946 950
f 96 549 548
f 520 531 522
f 445 444 443
f 849 839 848
f 480 759 755
f 1646 760 481
f 311 426 1567
f 464 463 3497
f 3497 1360 1361
f 234 237 236
f 190 193 192
f 153 154 152
f 231 287 286
f 1552 1553 1551
f 760 1646 1648
f 3832 1647 1649
f 828 827 826
f 52 167 166
f 1663 1662 1661
f 287 107 115
f 668 671 670
f 634 645 640
f 553 560 559
f 118 36 33
f 492 484 491
f 3552 1652 1651
f 582 589 584
f 384 395 392
f 1381 1382 1383
f 1562 1561 435
f 952 953 951
f 3529 3566 583
f 1660 1661 1667
f 1394 1395 1396
f 1660 1665 1664
f 1671 1670 1669
f 1624 1625 1673
f 1407 1408 1409
f 1677 1676 1675
f 1613 1679 1677
f 1679 1678 1676
f 1626 1681 3811
f 534 199 198
f 803 733 734
f 400 248 191
f 65 66 143
f 3526 1657 1656
f 402 159 157
f 629 628 627
f 461 477 49
f 758 757 495
f 796 787 786
f 406 407 1513
f 342 343 166
f 1694 1659 1658
f 1692 1687 1694
f 3557 1693 1652
f 3921 1704 1703
f 326 547 302
f 3916 3921 1702
f 3919 3918 1698
f 1699 1691 3927
f 1557 406 1560
f 1127 1116 1117
f 400 401 289
f 1706 1702 1707
f 1707 1702 1599
f 1709 1706 1708
f 1714 1712 1711
f 3919 3915 1709
f 1704 1711 1577
f 1716 1714 1713
f 1559 1562 1549
f 1722 1721 1720
f 1335 597 596
f 410 411 377
f 973 1170 1163
f 168 169 399
f 1571 682 1089
f 1572 681 682
f 749 646 647
f 1730 1724 1723
f 1594 1582 1729
f 1729 1723 1591
f 1384 1378 1377
f 1732 1731 1712
f 1724 1730 1731
f 1722 1724 1732
f 1721 1722 1733
f 1734 1733 1716
f 1735 1737 1736
f 1733 1732 1714
f 1663 1664 1741
f 1742 1665 1740
f 1738 1739 1737
f 1665 1660 1666
f 1665 1742 1744
f 1725 1726 1746
f 1591 1725 1745
f 1590 1745 1747
f 1745 1746 1748
f 1659 1688 3538
f 3287 1760 3545
f 1185 1177 1182
f 1664 1744 1749
f 1741 1749 1739
f 1746 1742 1743
f 1726 1744 1742
f 1115 924 1153
f 1654 3546 3575
f 1896 3562 3549
f 1720 1749 1744
f 1721 1739 1749
f 1750 1718 1701
f 1697 1736 1750
f 1151 1152 1063
f 1751 1752 1670
f 1695 1658 1752
f 961 962 986
f 1770 1769 1768
f 1766 1594 1593
f 1731 1759 1579
f 1579 1777 1774
f 3928 1772 1771
f 1764 1772 3928
f 1777 1776 1775
f 3762 3763 1699
f 1004 1127 1128
f 1774 1775 1771
f 987 1400 1399
f 1578 1774 1772
f 1783 1782 1781
f 1597 1598 1770
f 639 1878 3895
f 3928 3929 1769
f 1793 1792 1789
f 3929 3920 1798
f 3508 3516 3773
f 1802 1867 3924
f 1788 1790 1794
f 1793 1794 1795
f 3773 3772 1675
f 1584 1581 1783
f 1771 1797 3920
f 1801 1799 1798
f 1768 1769 1798
f 1775 1796 1797
f 508 514 515
f 1796 1803 1802
f 1800 1798 3920
f 1794 1805 1804
f 3532 1670 1752
f 485 1808 1807
f 3809 3844 1640
f 3837 3844 1810
f 485 482 1640
f 1690 1691 3770
f 487 488 1648
f 3839 1813 1816
f 3838 1811 1648
f 3839 1812 1811
f 1812 1809 487
f 1641 1809 767
f 465 466 755
f 767 1815 3823
f 3822 1816 3826
f 1809 1812 1815
f 3837 1653 1651
f 675 672 3541
f 1814 1649 1822
f 1821 1822 3821
f 1824 1822 1649
f 1827 1849 1850
f 1668 1669 1662
f 1779 1780 1848
f 1790 1827 1805
f 1833 1836 1853
f 3521 3506 693
f 1614 1615 1616
f 1852 1853 3498
f 1620 1621 1622
f 1855 1765 1574
f 1847 1852 3501
f 1766 1765 1855
f 1629 1630 1631
f 1633 1622 1634
f 1635 1636 1637
f 1848 1833 1852
f 1855 1861 1863
f 1803 1866 1867
f 1862 1863 1831
f 1782 1855 1862
f 3922 3924 1865
f 1873 1872 1870
f 1874 1869 799
f 2045 3878 3897
f 1219 1345 1295
f 1615 1614 1396
f 3884 3895 1877
f 645 3898 3786
f 1345 1219 1035
f 634 639 3884
f 15 1887 1327
f 3910 3895 1878
f 1894 604 605
f 3506 3551 627
f 3560 640 645
f 340 341 454
f 1897 194 195
f 1889 1882 1877
f 1901 94 129
f 196 749 754
f 1705 1704 3921
f 340 378 166
f 1570 1480 563
f 1904 1494 194
f 1781 1862 1832
f 1905 549 55
f 1000 994 995
f 986 919 920
f 1191 1185 1190
f 2094 2077 2075
f 1920 1921 1919
f 453 454 1912
f 1915 1919 1918
f 3882 2112 2106
f 1655 3575 3531
f 1916 1918 1926
f 704 3554 3561
f 278 1916 1925
f 3565 3564 1818
f 1097 949 1115
f 1927 1928 727
f 3578 3579 3654
f 1920 310 307
f 1929 307 48
f 503 504 1497
f 1902 1903 787
f 1816 1821 3820
f 1925 1926 1923
f 1535 1569 1568
f 254 252 258
f 1509 1497 366
f 119 86 35
f 219 288 293
f 141 46 47
f 542 205 244
f 1940 552 430
f 1779 1828 1827
f 1701 1710 3915
f 1661 3550 3515
f 270 53 754
f 197 1947 749
f 1727 1728 1212
f 53 54 232
f 1465 1468 1479
f 1284 3862 3854
f 1951 446 412
f 168 398 1554
f 1486 1485 206
f 506 77 78
f 994 1001 1007
f 951 953 963
f 1013 3859 3861
f 3826 3820 1820
f 1498 1909 1954
f 299 298 543
f 1754 1755 1756
f 1681 469 1683
f 1696 1694 1695
f 13 14 738
f 473 476 475
f 482 1641 768
f 204 62 30
f 1761 1762 820
f 611 1763 1125
f 1501 1503 1908
f 1074 1073 711
f 1960 1944 82
f 120 1956 1960
f 35 86 87
f 1773 1199 1025
f 1965 1545 1569
f 494 761 471
f 1966 1967 1969
f 446 1951 1971
f 174 368 125
f 1580 1579 1578
f 1785 1786 1787
f 1972 1546 304
f 1254 876 875
f 1973 341 342
f 321 1912 1973
f 1910 277 275
f 509 1973 514
f 1486 1507 1527
f 1974 1874 804
f 1977 1976 1974
f 1980 448 1966
f 379 1 2
f 1718 1715 1710
f 884 995 992
f 1680 1684 1678
f 902 990 525
f 344 255 256
f 135 138 137
f 448 446 1967
f 589 605 604
f 910 909 908
f 1981 1966 1968
f 1982 1981 1987
f 1988 1979 1987
f 1990 1988 1989
f 1991 1989 1993
f 322 321 320
f 992 828 830
f 1144 1076 1086
f 1995 1977 1978
f 1133 1129 1118
f 1997 1995 1994
f 870 1823 1335
f 805 806 1982
f 727 184 2000
f 1996 1994 1988
f 1994 1978 1979
f 1829 616 792
f 1830 1073 941
f 798 803 800
f 729 732 731
f 2011 2012 2023
f 1834 1835 846
f 402 283 284
f 2022 2023 2024
f 1838 718 989
f 810 955 952
f 1823 1839 1840
f 1430 1426 1432
f 1215 844 1841
f 1316 1208 873
f 2112 1401 1384
f 1842 1843 1844
f 1159 846 845
f 837 27 1846
f 1971 1951 2030
f 517 369 370
f 1471 2026 2027
f 3551 3525 626
f 2174 2175 770
f 935 934 1854
f 1613 1619 1611
f 1231 1228 1225
f 1856 1857 891
f 1300 1309 748
f 1150 1149 1858
f 1643 606 696
f 1215 1265 1264
f 1320 1860 902
f 1956 1943 1944
f 2031 668 669
f 2034 1325 1310
f 1879 1880 1656
f 40 245 242
f 1992 1993 2039
f 888 958 957
f 1882 1889 1996
f 1078 1138 1255
f 1871 912 1192
f 294 411 218
f 1323 2041 2026
f 123 1960 83
f 1324 2036 2041
f 384 358 359
f 1324 1325 2038
f 1883 1884 1885
f 287 1540 114
f 1096 1886 1134
f 915 1329 931
f 806 1980 1981
f 3533 3529 584
f 1425 2030 2042
f 1018 2042 1948
f 3562 1896 740
f 1948 2042 649
f 1881 1882 1990
f 1900 129 130
f 992 995 994
f 923 927 925
f 3878 2045 2047
f 1643 2048 625
f 2050 2052 2051
f 2045 1405 1404
f 3876 2047 945
f 1139 1080 1079
f 1037 1856 892
f 2055 2053 2057
f 1198 989 718
f 1619 2058 1612
f 2058 1605 1606
f 2059 2060 1607
f 2058 1619 1624
f 71 72 179
f 405 406 1557
f 322 1548 1972
f 2061 2052 2063
f 2066 2065 2067
f 2052 2061 2064
f 1609 1610 2066
f 1515 151 152
f 1009 827 993
f 1644 3843 3815
f 279 1915 1916
f 1285 3863 3862
f 1647 2066 1825
f 2056 2057 2067
f 319 320 1953
f 667 666 1913
f 2070 631 625
f 2052 2050 2055
f 2038 1654 1655
f 1606 1601 2073
f 1235 1917 1270
f 2072 2073 2075
f 2059 1606 2072
f 2074 2075 2077
f 1601 1602 2078
f 2049 2048 1643
f 1000 1004 1001
f 1089 943 684
f 1931 1286 1306
f 1462 1459 1021
f 1932 1933 1934
f 875 874 1846
f 1936 1051 1937
f 44 45 46
f 1534 1955 1956
f 1541 318 317
f 2081 2082 2084
f 146 1945 1959
f 1360 1941 1942
f 985 984 1032
f 1995 1997 1892
f 2079 2080 2082
f 2095 2096 2076
f 2081 2093 2078
f 2055 2050 2054
f 501 2096 2095
f 2097 2100 2099
f 2098 2099 2094
f 2140 2141 3893
f 2141 2046 3894
f 2051 2070 2048
f 592 2102 2101
f 2071 2064 2076
f 2102 2097 2098
f 593 2103 2102
f 1019 1895 746
f 1950 11 12
f 725 2071 2096
f 1385 2105 2104
f 1379 2104 2106
f 2107 2108 2100
f 3908 726 502
f 3896 502 499
f 940 1389 2109
f 928 929 1170
f 3868 590 684
f 1962 1963 1964
f 3878 680 573
f 2039 1993 1968
f 1389 1390 2110
f 1398 2111 2113
f 3757 3755 3753
f 3911 3883 2107
f 949 923 924
f 260 241 324
f 1390 1397 2113
f 2070 2051 2064
f 3867 3911 2103
f 2105 1385 1421
f 2114 1421 1423
f 3892 2114 2115
f 3908 2105 2114
f 554 2116 1902
f 972 1163 967
f 1765 1593 1573
f 1984 1985 1986
f 2053 2117 2069
f 3573 3556 724
f 1625 1677 1674
f 3881 3888 2119
f 3903 2115 2123
f 56 1954 1906
f 626 3877 3879
f 2001 2002 2003
f 3912 3841 2127
f 2006 2007 2008
f 2127 1413 1412
f 2014 2015 2016
f 2018 2019 2020
f 1495 1424 1947
f 1379 1377 1386
f 3814 3811 1680
f 2029 1885 1884
f 3902 2128 2120
f 629 3879 3914
f 682 683 943
f 724 1650 2121
f 1757 1819 3821
f 765 1810 3844
f 3851 714 715
f 706 707 3870
f 981 986 987
f 1457 1868 1656
f 2017 2016 2032
f 1458 1655 1868
f 1776 1777 1792
f 1959 1945 1946
f 3663 3715 3725
f 3913 3881 2122
f 1093 1089 689
f 966 965 968
f 3852 715 3881
f 2172 3577 2170
f 670 2138 2137
f 3761 787 1903
f 1429 19 28
f 964 963 978
f 3841 3813 1413
f 1473 1474 669
f 3834 3833 1359
f 2138 798 1870
f 1872 1473 2137
f 715 716 3888
f 1881 1991 1992
f 3843 3842 739
f 1837 1847 3513
f 253 58 59
f 1808 3837 3840
f 1647 3832 3818
f 3865 3866 671
f 2112 3882 3883
f 1405 2045 2044
f 3829 3824 1364
f 273 1541 391
f 576 632 3520
f 3875 3865 668
f 1430 1431 2140
f 2136 3850 3860
f 1430 2139 18
f 3893 3894 570
f 1442 1439 2046
f 1431 1442 2141
f 3869 3913 3850
f 3808 3823 1817
f 3866 3893 695
f 2142 2025 798
f 571 2143 2142
f 3819 3814 1618
f 2143 2022 2025
f 694 2142 2138
f 681 1572 2144
f 2144 2011 2022
f 328 210 457
f 1572 2010 2011
f 630 3892 3903
f 2085 2086 2087
f 2090 2091 2092
f 572 2144 2143
f 1875 1976 2153
f 1873 1875 2149
f 2103 2107 2097
f 2157 2043 2155
f 2128 1412 1414
f 3874 3871 589
f 3872 3870 628
f 2149 2153 2158
f 2159 2158 3905
f 698 3907 3902
f 3823 3847 3827
f 2158 2156 3874
f 1438 2044 2046
f 2035 2154 2160
f 2161 2160 3889
f 3871 3891 605
f 3873 17 18
f 370 29 61
f 649 1951 413
f 2153 2157 2156
f 1428 1429 1449
f 1490 76 73
f 3890 3905 710
f 2155 1891 3891
f 1456 1457 1880
f 2125 2088 2087
f 2160 2159 3890
f 300 1959 505
f 1064 1062 1046
f 2043 1892 1891
f 2129 2130 2004
f 2131 2132 2133
f 3848 3849 1450
f 1998 1975 804
f 3879 673 3864
f 474 492 490
f 1164 1165 1182
f 707 2162 3909
f 708 1472 2162
f 2162 2161 3886
f 548 549 1905
f 1145 1136 1114
f 705 2121 1650
f 2043 2157 1977
f 737 738 554
f 1034 1195 1191
f 458 1905 1907
f 195 196 232
f 2040 2039 1969
f 2145 2146 2147
f 2054 2050 2049
f 3832 1646 1639
f 9 12 11
f 252 364 506
f 472 478 479
f 1865 3924 3791
f 900 903 910
f 1941 2150 2151
f 1921 1928 1927
f 2163 1897 1898
f 271 156 153
f 1904 1326 12
f 282 263 264
f 1872 1873 2154
f 1326 1904 1897
f 628 692 693
f 1724 1722 1719
f 1549 1562 436
f 1582 1583 1730
f 1921 1920 1929
f 3563 3511 10
f 2152 2037 1950
f 475 772 774
f 769 2172 2171
f 2171 2165 476
f 476 773 772
f 1791 565 464
f 2166 2167 2168
f 595 371 372
f 483 1809 1641
f 762 2174 2173
f 771 483 484
f 486 487 1809
f 297 1549 1517
f 763 2175 2174
f 776 755 759
f 184 185 2176
f 412 447 303
f 2005 2176 185
f 3811 1681 1682
f 2164 2170 756
f 1472 2035 2161
f 950 951 964
f 2177 2178 2179
f 227 226 1510
f 2182 2183 2184
f 2186 2019 2018
f 1985 2182 2181
f 214 736 729
f 865 849 842
f 849 865 1357
f 559 3187 3188
f 16 13 737
f 560 553 498
f 3193 3196 3195
f 3200 3197 3198
f 3211 3214 3213
f 3215 3218 3217
f 2187 2188 2002
f 2169 2168 2189
f 2192 2086 2085
f 2193 2194 2195
f 2198 2199 2200
f 1998 1982 1979
f 3664 3665 3668
f 2116 1898 1903
f 1859 2006 2009
f 3904 2123 2126
f 1135 1148 1087
f 2201 2202 2015
f 1149 111 110
f 3221 3222 3218
f 2203 2204 2205
f 579 580 1895
f 1755 2207 2208
f 3891 3910 1893
f 1211 2151 2150
f 868 997 2210
f 944 945 930
f 2130 2129 2202
f 233 1903 1898
f 665 751 750
f 1167 1254 999
f 2211 2212 2213
f 2215 2216 2217
f 3867 593 590
f 2220 221 220
f 823 824 948
f 3225 3220 3227
f 266 204 455
f 3882 2108 2107
f 2221 2222 3519
f 2223 2224 2225
f 2207 2125 2124
f 673 674 3869
f 817 1000 996
f 2227 2228 2146
f 1947 1948 646
f 3900 2135 17
f 2229 1635 1638
f 1679 1613 1618
f 1637 2231 2232
f 2233 2234 1617
f 2231 2235 2236
f 1381 1638 2238
f 3586 2241 2242
f 1630 2234 2233
f 1681 1626 472
f 1408 1407 2243
f 3236 3239 3238
f 3232 3241 3240
f 1637 2230 2238
f 3237 3238 3233
f 1409 1408 1634
f 1380 1383 2247
f 1628 2248 2245
f 2249 1623 1622
f 1632 1634 1408
f 2248 1628 1631
f 2235 2231 1637
f 3245 3246 3199
f 631 2070 2071
f 515 167 52
f 782 781 2251
f 2253 2254 2255
f 397 281 459
f 1456 2039 2040
f 2040 2041 2036
f 1401 2112 2111
f 2041 2040 1970
f 1535 121 414
f 1586 1587 2080
f 2256 983 1132
f 1700 1699 3918
f 3815 1896 1686
f 1263 2256 1886
f 598 1841 844
f 2257 2258 2259
f 2258 2261 2262
f 2259 2262 2263
f 2260 2259 2216
f 1967 1971 1970
f 2212 1964 1963
f 922 921 2218
f 1312 1098 1101
f 1307 1306 1286
f 1548 1569 1546
f 2266 2267 2268
f 2265 2268 2270
f 2272 2265 2269
f 2273 2266 2265
f 2275 2276 2277
f 2278 2274 2277
f 2284 2285 3617
f 2287 2283 2286
f 2288 2289 2283
f 2290 2284 3639
f 2291 2292 2293
f 2295 2291 2294
f 2296 2297 2291
f 2297 2298 2292
f 2294 2293 2299
f 2279 2294 2300
f 2298 2301 2302
f 2292 2302 2303
f 2293 2303 2304
f 2304 2305 2306
f 2308 2309 2310
f 2302 2307 2310
f 2301 2311 2307
f 2312 2308 2307
f 2313 2314 2315
f 2318 2319 2320
f 3748 3771 2322
f 2324 2325 2273
f 2313 2324 2326
f 2328 2324 2313
f 2329 2325 2324
f 2331 2332 2333
f 2330 2333 2267
f 2325 2330 2266
f 2329 2331 2330
f 2333 2334 2335
f 2336 2334 2333
f 2338 2336 2332
f 2331 2339 2337
f 2329 2340 2339
f 2328 2341 2340
f 2316 2342 2341
f 2342 2316 2315
f 2344 2345 2346
f 2341 2344 2347
f 2342 2348 2344
f 2348 2349 2345
f 2350 2351 2352
f 2339 2350 2353
f 2340 2347 2350
f 2347 2346 2351
f 2337 2353 2354
f 2353 2352 2355
f 2356 2277 2276
f 2356 2357 2358
f 2356 2359 2296
f 2279 2277 2356
f 2360 2361 2270
f 2267 2335 2360
f 2362 2363 2364
f 2362 2365 2361
f 2366 2362 2358
f 2366 2367 2363
f 2357 2276 2368
f 2366 2368 2369
f 2276 2275 2370
f 2368 2370 2282
f 2372 2373 2374
f 2375 2376 2377
f 2378 2379 2380
f 2382 2378 2381
f 2384 2385 2378
f 2385 2386 2379
f 2388 2389 2390
f 2387 2390 2392
f 2393 2394 2387
f 2394 2395 2388
f 2186 2401 2402
f 2403 2404 2327
f 2272 2403 2326
f 2271 2405 2403
f 2405 2406 2404
f 2404 2407 2408
f 2409 2410 2411
f 2409 2412 2271
f 2413 2409 2269
f 2413 2414 2410
f 2417 2415 2416
f 2417 2418 2406
f 2412 2417 2405
f 2411 2415 2417
f 2406 2419 2407
f 3569 3520 632
f 2420 2398 2397
f 2420 2421 2423
f 2424 2420 2422
f 2424 2399 2398
f 2425 2391 2392
f 2421 2425 2426
f 2397 2396 2425
f 2396 2393 2391
f 2427 2314 2408
f 2430 2427 2428
f 2343 2315 2427
f 2432 2343 2430
f 2431 2430 2429
f 2435 2431 2433
f 2436 2432 2431
f 2428 2408 2407
f 2422 2437 2407
f 2438 2437 2422
f 2429 2428 2437
f 2440 2434 2433
f 2441 2439 2433
f 2442 2443 2439
f 2443 2444 2440
f 2445 2446 2444
f 2447 2445 2443
f 2383 2381 2445
f 2381 2380 2446
f 2448 2438 2423
f 2449 2448 2426
f 2441 2448 2449
f 2441 2429 2438
f 2449 2392 2390
f 2450 2390 2389
f 2447 2450 2451
f 2442 2449 2450
f 2451 2389 2453
f 2452 2453 2455
f 2382 2452 2454
f 2383 2451 2452
f 2456 2457 2373
f 2459 2460 2461
f 2463 2464 2465
f 2462 2465 2285
f 2466 2462 2284
f 2467 2463 2462
f 2461 2460 3703
f 2468 2469 2470
f 2472 2468 2471
f 2474 2461 3701
f 2475 2476 2477
f 2458 2455 2453
f 2479 2453 2389
f 2395 2480 2479
f 2480 2459 2458
f 2481 2482 2483
f 2484 113 2485
f 2471 2470 2464
f 2473 2471 2463
f 2487 2467 2466
f 2486 2466 2290
f 2490 2486 2488
f 2491 2487 2486
f 2492 2473 2467
f 2493 2492 2487
f 2494 2495 2492
f 2495 2472 2473
f 3690 2496 2474
f 3691 2497 2496
f 2498 2494 2493
f 2500 2498 2499
f 3700 3687 2498
f 3687 3691 2494
f 2306 2504 2278
f 2305 2505 2504
f 2504 2505 2507
f 2506 2507 2288
f 2274 2506 2508
f 2278 2504 2506
f 3633 3632 2489
f 3620 3633 2488
f 2507 2509 2289
f 2505 2510 2509
f 2508 2288 2287
f 2511 2287 2281
f 2370 2511 2280
f 2275 2508 2511
f 2512 2490 2489
f 2514 2512 2513
f 2517 2512 2514
f 2517 2491 2490
f 2499 2493 2491
f 2499 2517 2516
f 2510 2505 2519
f 2518 2519 2521
f 3616 2518 2520
f 3632 2510 2518
f 2522 2304 2303
f 2523 2522 2310
f 2305 2304 2522
f 2524 2522 2523
f 2519 2524 2525
f 2505 2305 2524
f 2308 2312 2527
f 2526 2527 2529
f 2531 2526 2528
f 2309 2308 2526
f 1214 2532 2151
f 2419 2406 2418
f 2533 2345 2349
f 2534 2533 2317
f 2535 2536 2533
f 2536 2346 2345
f 2537 2351 2346
f 2538 2537 2536
f 2539 2540 2537
f 2540 2352 2351
f 2312 2355 2541
f 2527 2541 2542
f 2543 2435 2434
f 2545 2543 2544
f 2319 2318 2543
f 2318 2436 2435
f 2514 2515 2548
f 2547 2548 2550
f 2552 2547 2549
f 2552 2516 2514
f 2520 2521 2554
f 2553 2554 2556
f 3590 2553 2555
f 3621 2520 2553
f 2523 2309 2531
f 2557 2531 2530
f 2525 2523 2557
f 2559 2557 2558
f 2554 2559 2560
f 2521 2525 2559
f 2561 2375 2007
f 2376 2562 2225
f 2564 2565 2566
f 2563 2566 338
f 2569 2563 2567
f 2570 2564 2563
f 2572 2573 2574
f 2571 2574 2576
f 2544 2571 2575
f 2544 2434 2572
f 2578 2570 2569
f 2579 2577 2569
f 2574 2577 2579
f 2573 2578 2577
f 2581 2582 2583
f 2584 2580 2583
f 3697 3675 2580
f 3676 2581 2580
f 2582 2516 2552
f 2583 2552 2551
f 2500 2501 2589
f 2590 2588 2589
f 3693 3695 2588
f 3695 3700 2500
f 2501 2516 2591
f 2592 2593 2594
f 2386 2385 2503
f 2596 2379 2386
f 2596 2374 2373
f 2599 2596 2597
f 2599 2380 2379
f 2600 2446 2380
f 2600 2599 2598
f 2603 2600 2601
f 2603 2444 2446
f 2604 2603 2602
f 2440 2604 2605
f 2444 2603 2604
f 2606 2582 2581
f 2606 2607 2590
f 2591 2516 2582
f 3676 2587 2456
f 3689 2456 2372
f 2478 2477 2608
f 2609 2610 2611
f 2564 2570 2613
f 2612 2613 2598
f 2457 2612 2597
f 2565 2564 2612
f 2614 2613 2570
f 2615 2614 2578
f 2602 2601 2614
f 2601 2598 2613
f 2572 2434 2605
f 2616 2605 2602
f 2573 2572 2616
f 1459 1016 1045
f 1265 1215 1079
f 1612 1608 1609
f 2067 2057 2069
f 1135 1109 1136
f 1938 1937 2618
f 95 548 458
f 2058 1607 1608
f 1454 1469 1445
f 655 2620 1048
f 722 1049 2621
f 1131 985 1033
f 562 1481 366
f 1723 1719 1725
f 1786 1123 1122
f 267 300 323
f 1325 2034 1654
f 1468 1165 1435
f 658 657 529
f 8 532 247
f 382 1557 1559
f 788 619 1307
f 940 930 929
f 911 2622 2623
f 2621 2620 655
f 2624 1857 2625
f 998 1846 27
f 635 638 2626
f 2627 641 644
f 2628 2627 1840
f 1200 1199 2627
f 1199 1773 641
f 1520 515 49
f 1452 1350 1349
f 2630 2631 1859
f 644 643 1335
f 1197 1198 717
f 2632 717 719
f 2628 2632 1166
f 2629 1197 2632
f 1762 2633 1050
f 1823 870 873
f 2634 2635 794
f 1042 794 2635
f 93 94 1901
f 2036 2038 1458
f 1527 332 1525
f 877 876 1274
f 134 409 797
f 1328 893 931
f 607 777 1091
f 1043 2635 2637
f 2636 2637 2639
f 1275 2636 2638
f 1275 1040 1043
f 1272 2624 2626
f 2640 2626 638
f 1110 2641 2640
f 536 1272 2640
f 1472 708 1474
f 2042 2030 1951
f 1058 1106 1105
f 2642 2623 2643
f 1192 2642 2644
f 912 2623 2642
f 3898 1657 3526
f 1049 1048 2620
f 616 1829 1885
f 1331 1913 666
f 990 989 1198
f 1911 1912 321
f 1298 1282 1205
f 76 1490 1504
f 1502 1500 421
f 610 609 658
f 1146 937 659
f 2646 911 914
f 1280 1239 1238
f 1453 1454 1452
f 835 942 1843
f 1271 1270 1173
f 1893 1878 1826
f 1050 2633 1937
f 2651 2652 814
f 1006 1053 1281
f 2653 1084 2654
f 1001 1004 1003
f 585 997 679
f 2624 1272 621
f 555 678 2028
f 1207 526 1197
f 1626 1627 478
f 426 389 419
f 1030 1193 1773
f 3898 645 634
f 534 1533 138
f 1125 1092 1042
f 333 228 88
f 569 1570 561
f 1489 2656 871
f 1857 2624 620
f 1673 1674 3770
f 622 861 864
f 619 788 891
f 261 544 545
f 393 1555 1556
f 2658 2659 2647
f 1075 2658 2657
f 1081 1080 2658
f 1080 1139 2659
f 2644 2643 1141
f 2660 1141 1140
f 642 2660 1336
f 1193 2644 2660
f 679 678 555
f 1503 1501 1500
f 1318 1317 1101
f 2661 2659 1139
f 2661 1142 2663
f 2662 2647 2659
f 2662 2663 2622
f 2664 2622 911
f 2648 2664 2646
f 2648 2647 2662
f 2083 2094 2093
f 1442 1440 1437
f 519 329 330
f 1885 2029 1209
f 799 800 805
f 1946 1943 1952
f 1302 1301 1253
f 566 2005 224
f 1389 940 928
f 683 682 681
f 836 835 1842
f 2665 1842 1845
f 2666 2665 1303
f 24 836 2665
f 831 1072 2650
f 1845 1844 1304
f 2010 2013 2012
f 1051 1936 2667
f 1522 1521 1511
f 531 440 441
f 1250 635 2625
f 2669 2625 1857
f 783 2669 1856
f 782 1250 2669
f 720 2670 2671
f 1055 1931 1930
f 1333 1067 1251
f 619 622 1308
f 652 655 2619
f 521 522 1539
f 1838 988 537
f 2672 537 536
f 1113 2672 2641
f 1113 527 1838
f 1016 1013 1351
f 3897 573 570
f 226 227 104
f 3564 3669 3827
f 1036 1037 1884
f 2674 1301 1304
f 2673 1304 1844
f 1334 2673 2675
f 1333 2674 2673
f 2676 702 1039
f 1843 2676 2675
f 942 1074 2676
f 1074 699 702
f 752 1057 1055
f 1200 1166 656
f 1120 1846 874
f 2677 874 877
f 1241 2677 1052
f 1119 1120 2677
f 1560 1513 151
f 1208 1316 611
f 215 735 736
f 1460 1459 1462
f 1208 1207 1839
f 854 856 1282
f 72 445 182
f 544 1563 1565
f 217 200 456
f 2047 1404 930
f 1204 2618 1937
f 913 777 686
f 840 527 1113
f 1531 729 730
f 2678 778 1283
f 601 667 1914
f 1537 1538 459
f 1819 1757 3509
f 991 1860 862
f 2679 711 1073
f 2680 1830 983
f 779 2680 2256
f 778 2678 2680
f 2678 2679 1830
f 180 542 245
f 1886 1132 1131
f 1138 1137 1274
f 1841 598 1140
f 75 313 314
f 193 423 420
f 2681 2682 1099
f 170 1567 1565
f 349 416 417
f 1121 1124 2684
f 547 797 409
f 123 122 121
f 2643 2663 1142
f 1542 1544 513
f 899 900 907
f 1210 677 676
f 791 663 982
f 24 27 837
f 893 896 932
f 1860 1320 863
f 535 538 862
f 1569 1548 1547
f 181 455 542
f 660 659 937
f 2013 567 568
f 887 890 2631
f 1524 1508 361
f 520 161 162
f 2653 855 854
f 1238 1237 2655
f 718 1838 527
f 1492 1493 518
f 792 616 615
f 599 846 1835
f 290 457 456
f 312 171 1552
f 1248 2687 1179
f 153 149 177
f 1240 1181 1222
f 1257 1292 1235
f 1291 1084 1083
f 1052 877 1277
f 743 742 2618
f 444 140 430
f 23 1224 1172
f 2687 2654 1180
f 102 103 409
f 1283 607 610
f 373 497 650
f 1180 2654 1084
f 855 2653 2655
f 1173 1270 1917
f 2689 850 853
f 2688 853 1108
f 2686 2688 1279
f 2687 2689 2688
f 2691 1302 1252
f 2690 1252 850
f 1248 2690 2689
f 1248 1247 2691
f 2692 617 24
f 2691 2692 2666
f 1247 1258 2692
f 1258 1168 617
f 394 1554 1555
f 2693 1260 1259
f 1072 1236 1262
f 1257 1071 1168
f 398 439 1555
f 871 1784 1314
f 1178 1232 1249
f 1224 1289 1173
f 1010 2617 2618
f 1175 1174 1292
f 2654 2687 2686
f 2694 1157 1216
f 71 418 1487
f 701 1112 1111
f 1072 1261 2649
f 1085 2695 22
f 895 2694 1264
f 1601 1606 1605
f 1259 1262 1271
f 21 20 1220
f 988 991 538
f 598 597 1336
f 1050 860 818
f 1298 2645 1761
f 1168 1167 618
f 858 1168 1256
f 39 242 516
f 2652 1761 819
f 313 316 315
f 2026 1970 1971
f 2656 1489 596
f 814 819 818
f 2696 2651 813
f 1260 2696 2649
f 2693 2697 2696
f 2697 1296 2651
f 381 355 390
f 3818 3819 1611
f 1475 1427 1428
f 1292 1174 1917
f 1551 353 354
f 1526 1525 1523
f 1593 1589 1595
f 1232 1269 1246
f 2695 2693 1223
f 2698 1297 1296
f 2698 2697 2693
f 2685 2698 2695
f 2685 854 1297
f 562 1497 271
f 2652 2651 1296
f 1365 1366 1364
f 1958 1946 1953
f 585 588 2210
f 1561 1560 1515
f 975 2648 1146
f 347 67 68
f 1038 1111 636
f 2700 781 780
f 2699 780 1036
f 2701 2699 1883
f 851 2700 2699
f 2674 1333 2251
f 2702 2251 781
f 1253 2702 2700
f 1301 2674 2702
f 1519 387 388
f 1273 1239 1280
f 2703 1280 1107
f 2701 2703 852
f 1829 1273 2703
f 91 260 326
f 1784 871 2656
f 2683 2684 2705
f 604 1894 3499
f 1669 3534 3548
f 2062 2063 2060
f 621 535 861
f 2023 731 732
f 686 779 1263
f 857 1051 2668
f 883 830 882
f 637 636 1111
f 2668 894 893
f 2667 921 894
f 1039 1038 1068
f 313 75 1504
f 1911 1972 305
f 1936 2706 1964
f 2707 2402 2401
f 2708 2707 2183
f 738 2163 2116
f 2349 2348 2432
f 2711 2712 2020
f 2400 2711 2019
f 2714 2715 2716
f 2717 2718 2719
f 2721 2722 2723
f 2726 2727 2728
f 2725 2728 2730
f 2731 2725 2729
f 2732 2726 2725
f 2734 2735 2736
f 2738 2739 2740
f 2737 2740 2741
f 2744 2745 2746
f 2745 2744 2748
f 2749 2750 2747
f 2753 2749 2751
f 2250 1380 2246
f 2754 1396 1614
f 3598 2754 2755
f 3608 2745 2747
f 1617 2756 2755
f 2242 2758 1620
f 2191 2085 2760
f 2761 2759 2760
f 3648 2759 2761
f 3623 2191 2759
f 3209 3248 3223
f 1395 1394 2236
f 1395 2235 1636
f 1616 1635 2229
f 1617 2234 2763
f 2756 2763 3628
f 2765 2763 2234
f 2766 2764 3628
f 3202 3199 3246
f 1516 437 435
f 2768 2769 3552
f 1495 541 578
f 2135 2136 28
f 3526 3540 2773
f 1690 1689 3926
f 2778 2779 2780
f 2777 2780 2781
f 2784 2778 2777
f 3555 3521 575
f 1494 1904 9
f 3529 2016 2015
f 451 61 505
f 2786 2787 2788
f 2779 2786 2785
f 2789 2752 2741
f 2790 2753 2752
f 2792 2793 2794
f 2793 2795 2796
f 2796 2797 2750
f 2794 2796 2749
f 2798 1393 1396
f 3591 2798 2754
f 2798 2799 2800
f 3591 3662 2799
f 2797 2796 2795
f 2791 2794 2753
f 216 233 232
f 3804 2806 2807
f 3805 2809 2804
f 2769 2810 3557
f 183 185 184
f 2811 2812 2775
f 2804 2811 2776
f 2809 2813 2811
f 2812 2811 2813
f 3805 2808 2816
f 3796 2818 2815
f 3798 3800 2820
f 3793 2823 2819
f 2824 2736 2735
f 2823 2825 2824
f 2825 2823 2826
f 3793 2822 2827
f 3796 2817 2826
f 2713 2716 2829
f 2828 2829 2831
f 2822 2821 2828
f 2821 2820 2713
f 2832 2827 2822
f 2833 2832 2830
f 2834 2835 2832
f 2835 2818 2827
f 2837 2838 2839
f 2836 2839 2841
f 2842 2836 2840
f 2843 2837 2836
f 2840 2841 2845
f 2718 2844 2845
f 2730 2728 2844
f 2727 2840 2844
f 2846 2845 2841
f 2829 2846 2847
f 2847 2841 2839
f 2848 2839 2838
f 2833 2848 2849
f 2831 2847 2848
f 2850 2814 2851
f 2853 2850 2852
f 2783 2777 2782
f 2785 2788 2853
f 2780 2785 2856
f 2857 2858 2855
f 2859 2857 2782
f 2861 2843 2842
f 2860 2842 2727
f 2862 2860 2726
f 2863 2861 2860
f 2861 2863 2858
f 2843 2861 2857
f 2856 2853 2854
f 2781 2856 2864
f 2837 2843 2859
f 2838 2837 2864
f 2852 2851 2834
f 2854 2852 2849
f 2865 2815 2818
f 2851 2865 2835
f 2813 2809 2815
f 2814 2813 2865
f 2866 2812 2814
f 2788 2866 2850
f 2866 2788 2787
f 2812 2866 2867
f 1892 1889 1890
f 2720 2719 2846
f 298 299 256
f 2872 2714 2713
f 3794 3800 2735
f 2729 2730 2874
f 2846 2716 2715
f 2876 2877 2878
f 2733 2875 2878
f 3806 3807 2879
f 3806 2880 2872
f 2882 2883 2884
f 2881 2884 2715
f 2880 2881 2714
f 2879 2882 2881
f 2885 2886 2887
f 2888 2889 2890
f 2885 2890 2892
f 2893 2886 2885
f 1942 2151 2532
f 2895 2892 2720
f 2884 2895 2870
f 2883 2896 2895
f 2896 2891 2892
f 2889 2874 2717
f 2890 2717 2720
f 2897 2893 2891
f 2898 2897 2896
f 2899 2898 2883
f 2900 2899 2882
f 3797 2900 2879
f 2876 2902 2901
f 2901 2902 2904
f 1785 2656 1835
f 2905 2906 2899
f 2907 2908 2897
f 3797 2901 2903
f 632 576 577
f 3532 3547 2867
f 434 385 550
f 2768 2770 3640
f 2910 2911 1623
f 2241 2912 2758
f 3640 2770 2913
f 1623 2911 2757
f 3587 2242 2757
f 2229 1381 1380
f 2765 1630 1629
f 2915 2914 1629
f 3642 3641 2914
f 3641 3622 2765
f 2919 2916 3642
f 2918 2915 2912
f 3614 2918 2241
f 3618 2919 3613
f 3541 2177 2180
f 3521 2002 2188
f 3705 3573 714
f 2925 2766 2917
f 2924 2917 2916
f 3610 2924 2919
f 3611 2925 2924
f 2926 2927 2766
f 3658 2926 2925
f 1715 1713 1705
f 785 497 498
f 1387 651 565
f 374 375 1899
f 3573 2203 2206
f 2929 2930 2886
f 2932 2933 2934
f 1905 1906 1908
f 2930 2935 2936
f 2938 2935 2930
f 1493 369 517
f 1603 1585 1586
f 2939 2938 2929
f 2940 2939 2908
f 3665 1707 1600
f 2886 2930 2937
f 2906 2907 2898
f 2908 2929 2893
f 2942 2934 2933
f 2941 2933 2937
f 3501 2941 2936
f 3498 2942 2941
f 2943 2944 2710
f 2943 2873 2874
f 2945 2943 2889
f 2946 2944 2943
f 2932 2945 2888
f 2931 2946 2945
f 727 1928 1929
f 2903 2904 2947
f 545 594 42
f 1480 1570 533
f 2907 2906 2949
f 2906 2905 2950
f 1558 452 215
f 3799 2903 2948
f 2054 1645 1644
f 3705 3684 2203
f 1828 1837 1849
f 2953 2954 2955
f 2952 2955 2957
f 2956 2261 2258
f 2953 2952 2258
f 2454 2455 2474
f 3747 2958 2959
f 3747 2132 2131
f 2961 2962 2963
f 2958 2963 2964
f 222 221 2485
f 2477 2226 2966
f 2631 2561 2006
f 2384 2454 2496
f 2967 2968 2959
f 2968 2967 2970
f 3759 2033 2971
f 3784 2971 2960
f 2972 2971 2033
f 2007 2377 2973
f 3560 3559 2134
f 1836 1833 1832
f 3506 2188 2090
f 955 810 959
f 672 675 674
f 633 710 713
f 2024 732 733
f 2025 2024 803
f 425 1552 1550
f 2975 2976 888
f 1319 1158 1157
f 1212 1935 2977
f 889 957 2228
f 1978 1974 1975
f 1138 1078 1329
f 751 665 2979
f 1619 1613 1625
f 2252 2255 1728
f 1157 1160 845
f 2706 1936 1938
f 2980 2255 2254
f 2982 2975 887
f 802 712 711
f 678 677 2029
f 527 840 690
f 1839 1207 2629
f 2983 2984 602
f 2983 1914 1913
f 2985 2983 1331
f 2986 2984 2983
f 2987 2637 2635
f 2985 2988 2639
f 2990 1319 1318
f 2991 2992 2993
f 2995 2991 2994
f 1106 1058 2991
f 1058 1057 2992
f 1415 1406 1365
f 1317 922 2217
f 1932 1728 2255
f 926 2998 2999
f 3001 2993 2992
f 3000 2992 1057
f 2999 3000 2978
f 2998 3001 3000
f 3002 2998 2209
f 3002 3003 2996
f 2993 3001 3002
f 1103 1106 2995
f 3004 2995 2996
f 2209 2210 3004
f 588 1103 3004
f 295 296 433
f 2638 2639 2988
f 3005 2988 1056
f 1305 3005 1930
f 1276 2638 3005
f 1987 1968 1993
f 2633 1762 1761
f 1423 1422 1417
f 3561 3517 739
f 2671 2670 2704
f 1473 1872 2035
f 922 1317 2694
f 1401 1400 1378
f 556 2028 1884
f 842 848 3825
f 1854 2706 2617
f 933 1082 1081
f 1440 1441 1436
f 529 657 719
f 1031 1025 1027
f 777 913 912
f 2645 1205 1204
f 441 438 1538
f 790 1287 587
f 2065 2066 1610
f 1860 991 990
f 60 106 87
f 1424 1017 1948
f 332 1527 1507
f 261 262 138
f 187 188 449
f 1719 1720 1726
f 1931 1055 1059
f 3006 1059 1105
f 1287 3006 1104
f 1286 1931 3006
f 3007 3008 3009
f 3009 3008 653
f 618 999 26
f 2029 677 1210
f 957 601 600
f 1049 2146 2228
f 2631 890 3011
f 890 889 2227
f 3011 2227 2145
f 2561 3011 3012
f 1026 656 609
f 2706 1854 1961
f 3013 2965 2485
f 2148 2147 1267
f 3015 1267 1266
f 2997 2264 1101
f 642 641 1773
f 186 477 461
f 1041 1040 1320
f 1121 3016 3017
f 2984 2986 2987
f 3018 2987 2634
f 1048 603 3018
f 603 602 2984
f 2679 2678 801
f 2062 2072 2074
f 2061 2074 2076
f 414 303 1545
f 3016 1121 2683
f 3019 2683 2704
f 3020 3019 2670
f 3007 3016 3019
f 1871 1090 1091
f 3021 1787 1122
f 3022 3021 3017
f 1314 3021 3022
f 1784 1787 3021
f 1316 1315 1763
f 3023 3022 3010
f 3023 3009 795
f 1763 3023 1092
f 1315 3022 3023
f 3016 3007 3010
f 752 751 2978
f 2986 2639 2637
f 3024 654 653
f 3020 3024 3008
f 720 723 3024
f 723 2621 654
f 2681 1098 1268
f 2671 3025 1268
f 2705 2681 3025
f 1313 3026 3027
f 3026 3028 3029
f 3027 3029 3030
f 1311 3027 3031
f 2012 568 731
f 917 2657 974
f 743 1206 856
f 1888 2027 2030
f 2682 2705 2684
f 3032 2684 1124
f 1100 3032 2989
f 1099 2682 3032
f 1123 2990 2989
f 3033 1834 1159
f 2990 3033 1158
f 1123 1786 3033
f 1786 1785 1834
f 1054 1056 2988
f 2979 665 664
f 2623 2622 2663
f 1095 660 688
f 3034 3035 2261
f 3036 3034 2956
f 3037 3038 3034
f 3038 3039 3035
f 3040 3041 3026
f 2263 3042 3041
f 3042 3039 3043
f 3041 3043 3028
f 3044 3045 3043
f 3046 3047 3045
f 3047 3048 3049
f 3043 3045 3049
f 3038 3037 3051
f 3050 3051 3053
f 3052 3046 3044
f 3039 3038 3050
f 3054 3035 3039
f 3042 2263 2262
f 2261 3035 3054
f 2216 2263 2997
f 2212 2211 2667
f 3056 868 2209
f 934 3057 1961
f 2013 3755 3757
f 3058 3059 3060
f 3059 3062 3063
f 3060 3063 2213
f 3061 3060 1963
f 3063 3064 2214
f 3062 3065 3064
f 3065 2257 2260
f 3064 2260 2215
f 3066 3067 3031
f 2608 2966 3067
f 2966 2562 3068
f 3031 3067 3068
f 2455 2458 2461
f 2476 2223 2226
f 3551 2090 2089
f 3526 2774 3769
f 433 354 355
f 2115 1423 1419
f 3509 2868 2922
f 3769 3737 2131
f 3069 2611 2167
f 2971 2972 2928
f 2961 2774 2773
f 3070 2475 2478
f 2610 2609 3071
f 2502 2371 2374
f 3072 2592 2595
f 2964 3046 3052
f 3048 2593 3074
f 2593 2592 3075
f 3075 3030 3029
f 3074 3029 3028
f 3072 3076 3075
f 3076 3072 2482
f 2481 2608 3066
f 3076 3066 3030
f 2967 3052 3053
f 2482 3072 3073
f 479 480 493
f 706 3900 3873
f 3561 2194 2221
f 2013 2010 3754
f 3533 2032 2016
f 3562 3519 2222
f 1171 1154 1155
f 2586 2566 2565
f 2982 110 113
f 2562 2376 3077
f 2376 2375 3012
f 3012 2145 2148
f 3077 2148 3015
f 2963 3047 3046
f 3051 3078 2970
f 1683 2173 491
f 3850 2122 1447
f 1986 2181 3734
f 3079 3080 2546
f 3081 3079 2575
f 1983 1986 3768
f 3082 2323 2319
f 3080 3082 2545
f 3734 3732 3082
f 3732 3748 2323
f 1309 1471 1888
f 3073 2595 2772
f 2760 3083 3084
f 2760 2085 2088
f 3085 3084 3086
f 3089 3085 3090
f 3089 2762 3084
f 3092 3088 3090
f 3093 2748 2744
f 2751 2747 2748
f 3093 2741 2752
f 2742 2741 3093
f 3094 3093 2743
f 3096 3097 3098
f 3099 3096 3087
f 3097 3094 3095
f 3100 2743 2746
f 3101 2927 3102
f 2764 2766 2927
f 2745 2764 3101
f 3102 3092 3091
f 3100 3091 3095
f 2869 2802 3592
f 3102 3103 3104
f 3658 2868 2869
f 2927 2926 3103
f 3098 3095 3091
f 3087 3098 3090
f 2088 2125 3105
f 3083 3105 3086
f 2483 3073 2771
f 2401 2186 2185
f 3099 3086 3105
f 2125 2207 3106
f 3108 2737 2742
f 3107 2742 3094
f 3110 3108 3107
f 3109 3107 3097
f 3111 3109 3096
f 3112 3110 3109
f 3113 2738 2737
f 3115 2723 2722
f 3117 3115 3114
f 3119 3117 3116
f 3118 3116 3120
f 3116 3114 3113
f 3122 3112 3111
f 3122 3123 1755
f 3124 3125 3126
f 3125 3118 3121
f 3128 3119 3118
f 3129 3128 3125
f 2020 2712 3128
f 3853 3857 1346
f 1065 1046 1047
f 1814 3838 3830
f 2021 2020 3129
f 3111 3099 3106
f 3123 3106 2207
f 2377 2225 2224
f 3014 2485 113
f 1756 2208 3782
f 3131 3132 2530
f 3133 3131 2528
f 1753 1756 3767
f 3134 3124 3127
f 2327 2408 2314
f 2436 2318 2317
f 2018 2021 3711
f 2534 3136 3137
f 2320 2322 3136
f 2185 2018 3712
f 3138 3139 2542
f 3134 3135 3744
f 3785 3130 3134
f 3140 3138 2539
f 2535 3137 3140
f 3711 2021 3130
f 2558 2530 3132
f 3782 3760 3141
f 2560 2558 3141
f 3760 3777 3142
f 958 888 2976
f 1933 1932 2980
f 2399 2424 2418
f 2348 2342 2343
f 2322 2320 2319
f 2718 2717 2874
f 2709 2729 2873
f 2894 2871 1361
f 346 289 176
f 1876 1877 1882
f 2802 2803 3607
f 3104 3144 3088
f 2974 2222 3649
f 3089 3145 2761
f 3088 3144 3145
f 2803 2974 3603
f 3870 3909 692
f 2123 1419 1418
f 1365 1363 1368
f 1581 1766 1782
f 3569 2202 2129
f 3555 2003 2002
f 3146 2585 2551
f 3751 3146 3147
f 3742 3149 3146
f 3149 2584 2585
f 3196 3198 3197
f 3604 2192 2191
f 3142 3150 2556
f 3777 3778 3150
f 3646 3152 2550
f 3150 3151 2555
f 3778 3780 3151
f 3788 3781 3152
f 3153 3147 2551
f 3152 3153 2549
f 3781 3776 3153
f 3776 3750 3147
f 3148 2767 2206
f 2183 2401 2321
f 2132 2960 2928
f 3684 3685 2204
f 3719 2198 2197
f 2594 2962 2773
f 2595 2594 2951
f 1870 798 799
f 3713 2179 2178
f 3706 2178 3736
f 336 3154 3774
f 339 3155 3154
f 3789 3683 3149
f 3683 3697 2584
f 2963 2962 3048
f 3722 3730 337
f 339 338 2566
f 3156 3157 2168
f 2610 3156 2167
f 2954 2953 3156
f 3157 3156 2953
f 3707 2166 2169
f 2567 3158 3159
f 337 3158 2567
f 3730 3069 2166
f 3764 2190 1983
f 2579 3160 3081
f 2568 3159 3160
f 3709 2169 2190
f 3065 3062 3162
f 3161 3162 1984
f 3157 3161 2189
f 2257 3065 3161
f 734 735 1922
f 3059 3058 2708
f 3163 2708 2182
f 3162 3163 1985
f 3062 3059 3163
f 3203 3206 3205
f 2122 2119 1448
f 3817 1686 1685
f 139 140 444
f 1570 569 566
f 2957 3164 3165
f 2955 3166 3164
f 1912 454 341
f 3130 3129 3124
f 1548 322 319
f 1949 1950 1327
f 2969 2970 3078
f 3167 3078 3169
f 3724 2014 2017
f 3720 2017 2033
f 3168 3169 3165
f 3170 3165 3164
f 3779 3170 3171
f 3724 3168 3170
f 3171 3164 3166
f 3172 3166 3071
f 3752 3172 3173
f 3756 3171 3172
f 3169 3037 3036
f 2593 3048 2962
f 3173 3071 2609
f 3174 2609 2199
f 3783 3174 2198
f 3749 3173 3174
f 2190 2189 1984
f 2196 2195 2767
f 2119 2120 1414
f 1464 1463 1466
f 2199 2611 3069
f 2457 2456 2587
f 2226 2225 2562
f 481 478 1627
f 333 1512 235
f 3078 3051 3037
f 3040 2264 2997
f 2219 1934 1933
f 2385 2384 2497
f 221 2220 3175
f 2220 1933 3143
f 3175 3143 2976
f 2484 3175 2975
f 2954 3071 3166
f 2630 1858 110
f 1547 319 1952
f 2091 2090 2188
f 3733 3736 2178
f 1918 1919 1927
f 3563 112 111
f 955 956 960
f 2037 3014 112
f 3143 2980 2981
f 2218 2211 2214
f 672 3877 3787
f 2152 3013 3014
f 1147 1144 1143
f 2248 2246 1409
f 1615 1636 1635
f 1410 1409 2246
f 3241 3243 3242
f 1382 3176 3177
f 3177 1410 2247
f 2247 1383 3177
f 3176 2238 2230
f 1410 3177 3179
f 3179 3180 2243
f 1633 3181 2800
f 1621 1620 2758
f 1622 1621 2245
f 2236 1394 3181
f 2237 2236 3182
f 2250 1631 2233
f 2912 1629 1628
f 135 136 1564
f 1567 419 512
f 1085 1084 2653
f 3184 869 868
f 869 3184 3057
f 1266 1268 1098
f 1267 2147 722
f 937 1146 2646
f 2146 1049 722
f 2211 2218 921
f 1957 510 507
f 1313 1312 2264
f 1496 362 1493
f 2887 2937 2933
f 1687 1688 1659
f 145 1499 1498
f 37 38 418
f 1935 1934 3185
f 104 89 301
f 2101 2098 2083
f 543 298 360
f 1934 2219 3186
f 234 1521 212
f 3845 3821 1822
f 1976 1875 1874
f 223 3186 2219
f 3655 3656 3605
f 2165 2164 467
f 467 468 2165
f 773 476 2165
f 1935 1212 1728
f 3240 3225 3226
f 3261 3249 3250
f 3215 3216 3244
f 3265 3221 3215
f 3267 3245 3198
f 3205 3206 3269
f 3214 3211 3265
f 3271 3213 3214
f 3251 3252 3239
f 3222 3221 3266
f 3232 3235 3234
f 3216 3242 3243
f 3196 3193 3268
f 3244 3243 3254
f 3238 3239 3247
f 3264 3244 3255
f 3253 3242 3216
f 3211 3266 3221
f 3257 3217 3218
f 3258 3222 3272
f 3274 3275 3280
f 3228 3229 3262
f 3275 3231 3281
f 3226 3227 3273
f 3236 3263 3260
f 3281 3263 3236
f 3287 3271 3192
f 3235 3226 3280
f 3234 3280 3281
f 3288 3290 3259
f 3260 3250 3276
f 3289 3212 3278
f 3210 3209 3224
f 3199 3202 3201
f 3228 3231 3230
f 3290 3288 3285
f 3282 3279 3271
f 3260 3263 3262
f 3243 3241 3268
f 3267 3268 3241
f 3194 3207 3208
f 3191 3270 3269
f 3270 3191 3192
f 3275 3274 3230
f 3264 3269 3270
f 3252 3251 3276
f 3248 3252 3291
f 3213 3271 3279
f 3272 3266 3289
f 3277 3278 3212
f 3228 3263 3281
f 3220 3225 3253
f 3219 3253 3217
f 3256 3218 3222
f 3247 3239 3252
f 3245 3267 3232
f 3266 3211 3212
f 3208 3205 3255
f 3288 3289 3284
f 3204 3205 3208
f 560 1899 3187
f 3209 3210 3201
f 3189 3192 3191
f 448 1980 807
f 647 648 122
f 1833 1848 1780
f 510 509 508
f 3210 1949 1887
f 1887 15 3200
f 15 16 3197
f 16 3188 3195
f 3195 3188 3187
f 3194 3187 1899
f 3207 1899 375
f 387 173 126
f 3189 1791 1760
f 3577 763 757
f 763 3577 2172
f 3583 3582 3580
f 3581 3580 3579
f 3594 3597 3596
f 3400 3601 3602
f 3626 3624 3625
f 3631 3635 3599
f 3636 3637 3595
f 3647 3584 3588
f 3650 3582 3584
f 3653 3579 3580
f 3653 2176 3654
f 1801 1864 3656
f 3651 3580 3582
f 3644 3638 3595
f 1767 1768 3659
f 1597 3663 3661
f 1708 1707 3665
f 3671 3668 3667
f 3666 3667 3673
f 1588 1708 3664
f 2080 3671 3666
f 2082 3666 3672
f 3674 3677 3635
f 3677 3678 3636
f 3682 3647 3645
f 3692 3651 3650
f 3681 3645 3644
f 786 3694 3692
f 3694 3653 3651
f 785 3692 3686
f 497 3686 3682
f 650 3682 3681
f 3696 564 3681
f 3405 3606 3605
f 3702 3699 3678
f 3699 3698 3679
f 3645 3588 3638
f 1799 3657 3659
f 3708 3704 3458
f 3462 3710 3708
f 3714 463 564
f 3615 3606 3602
f 3710 3714 3696
f 3635 3636 3596
f 3629 3626 3627
f 3597 3600 3599
f 3630 3716 3715
f 3627 3625 3597
f 3717 3716 3723
f 3715 3663 3660
f 3716 3717 3725
f 3668 3665 3661
f 3668 3725 3717
f 3667 3717 3718
f 3727 3728 3673
f 3728 1576 3672
f 3726 3727 3718
f 1576 2101 2084
f 3727 3726 3731
f 3203 376 1387
f 3190 1387 1791
f 3283 2152 1949
f 317 240 259
f 2000 2176 3653
f 3601 3599 3600
f 3589 3588 3584
f 3577 758 756
f 3585 3584 3582
f 3678 3679 3637
f 3204 375 376
f 1801 3655 3657
f 3729 3735 3728
f 1575 3735 3738
f 3735 1575 1576
f 1776 1795 1796
f 1293 1294 1290
f 1326 14 1327
f 1294 1245 1234
f 878 1244 1330
f 497 373 374
f 122 648 413
f 3699 3702 3704
f 3606 3405 3401
f 3708 3710 3698
f 3464 3714 3710
f 3704 3674 3443
f 439 398 399
f 1512 1528 1526
f 1668 1741 1738
f 839 849 1362
f 1362 1357 826
f 3843 740 1896
f 2053 2054 2118
f 3888 3887 2120
f 696 697 3816
f 1826 1878 639
f 3740 3739 3729
f 956 885 886
f 1980 806 1922
f 33 34 105
f 1343 1344 3856
f 3907 2127 2128
f 1766 1581 1582
f 14 1326 2163
f 595 98 99
f 3233 3238 3246
f 1346 1035 1044
f 748 1888 1425
f 3193 3208 3254
f 3190 3191 3206
f 3612 3605 3606
f 3624 3612 3615
f 3631 3415 3443
f 3679 3680 3644
f 3686 3650 3647
f 3702 3677 3674
f 3625 3615 3600
f 3601 3400 3415
f 3739 3738 3735
f 3630 3627 3594
f 3741 3723 3716
f 1284 1290 1288
f 3698 3696 3680
f 1778 1781 1780
f 1792 1759 1584
f 695 570 571
f 3638 3741 3594
f 3741 3638 3588
f 3247 3248 3209
f 3292 3293 3294
f 3296 3297 3298
f 3299 3298 3300
f 3302 3303 3304
f 3306 3307 3308
f 3307 3310 3311
f 3303 3302 3301
f 3312 3305 3304
f 3314 3315 3316
f 3318 3319 3320
f 3324 3318 3321
f 3326 3327 3328
f 3329 3330 3331
f 3333 3334 3335
f 3337 3338 3339
f 3333 3336 3341
f 3342 3341 3343
f 3319 3345 3344
f 3338 3335 3334
f 3346 3301 3302
f 3305 3348 3347
f 3312 3224 3223
f 3350 3337 3340
f 3312 3349 3348
f 3352 3343 3341
f 3311 3353 3354
f 3341 3336 3327
f 3359 3360 3361
f 3360 3359 3250
f 3318 3363 3345
f 3364 3363 3318
f 3314 3364 3324
f 3366 3299 3301
f 3299 3366 3367
f 3308 3354 3368
f 3369 3317 3295
f 3317 3369 3364
f 3370 3295 3317
f 3325 3371 3365
f 3352 3320 3319
f 3296 3367 3353
f 3297 3296 3311
f 3363 3368 3354
f 3345 3354 3353
f 3344 3353 3367
f 3366 3333 3342
f 3347 3339 3334
f 3339 3347 3348
f 3348 3349 3351
f 3363 3364 3369
f 3294 3309 3368
f 3293 3306 3309
f 3331 3373 3374
f 3346 3334 3333
f 3323 3322 3352
f 3356 3355 3321
f 3355 3357 3325
f 3357 3358 3371
f 3322 3356 3320
f 3361 3330 3329
f 3373 3372 3375
f 3374 3375 3376
f 3329 3332 3376
f 3327 3375 3372
f 3336 3335 3375
f 3335 3338 3376
f 3376 3338 3337
f 3337 3350 3359
f 3359 3350 3276
f 3377 3292 3295
f 3277 3316 3315
f 3371 3378 3379
f 3378 3371 3358
f 3365 3379 3315
f 3316 3277 3279
f 3282 3377 3370
f 3313 3283 3224
f 3378 3285 3284
f 3380 3286 3285
f 3379 3284 3278
f 3276 3350 3351
f 3291 3351 3349
f 3313 3304 2965
f 2965 3304 3303
f 222 3303 3300
f 223 3300 3298
f 3298 3297 3185
f 3297 3310 2977
f 3310 3307 1213
f 3307 3306 1214
f 2532 1214 3306
f 2894 2532 3293
f 2871 2894 3292
f 3253 3225 3240
f 3283 3313 3013
f 1997 1996 1889
f 1237 745 744
f 1535 1534 120
f 1531 1532 201
f 1119 1241 1032
f 946 948 824
f 163 8 5
f 3589 3726 3723
f 1155 1156 1162
f 427 213 327
f 553 1902 796
f 3381 2232 2231
f 3381 3178 2230
f 2237 3183 3180
f 3383 3384 3385
f 3384 3386 3387
f 3386 3388 3389
f 3388 3390 3391
f 3392 3393 3394
f 3395 3394 3396
f 3398 3399 3397
f 3400 3401 3399
f 3403 3404 3405
f 3406 3407 3404
f 3408 3409 3407
f 3410 3411 3409
f 3412 3413 3411
f 3415 3400 3398
f 3414 3398 3396
f 3416 3396 3394
f 3417 3394 3393
f 3393 3419 3420
f 3419 3390 3421
f 3390 3388 3422
f 3388 3386 3423
f 3386 3384 3424
f 3384 3383 3425
f 3425 3383 3426
f 2904 3427 3428
f 3429 3427 2904
f 3430 3429 2902
f 2875 3431 3430
f 3432 3433 2733
f 2825 3434 3435
f 3437 3438 3439
f 3441 3437 3436
f 2724 2723 3434
f 3436 3439 3115
f 3440 3436 3117
f 3443 3415 3414
f 3442 3414 3416
f 3444 3416 3417
f 3445 3417 3418
f 3446 3418 3420
f 3420 3421 3448
f 3421 3422 3449
f 3422 3423 3450
f 3423 3424 3451
f 3424 3425 3452
f 3425 3184 3056
f 3451 3452 2253
f 3450 3451 2252
f 3449 3450 1727
f 3448 3449 2150
f 3453 3447 3448
f 3454 3446 3447
f 3455 3445 3446
f 3456 3444 3445
f 3442 3444 3456
f 3443 3442 3457
f 3459 3460 3458
f 3457 3456 3455
f 3459 3455 3454
f 3462 3460 3459
f 3461 3454 3453
f 3464 3462 3461
f 3463 3453 1941
f 3404 3399 3401
f 3407 3397 3399
f 3409 3395 3397
f 3411 3392 3395
f 3465 3466 3413
f 3467 3468 3469
f 3465 3412 3431
f 3470 3467 3466
f 3438 3470 3432
f 3467 3470 3438
f 3468 3467 3437
f 3471 3469 3468
f 3472 3468 3441
f 3473 3441 3440
f 2712 3440 3119
f 3475 3471 3472
f 3474 3472 3473
f 3476 3473 2712
f 3477 3476 2711
f 3478 3474 3476
f 3479 3475 3474
f 3392 3411 3413
f 3466 3469 3480
f 3419 3393 3392
f 3390 3419 3480
f 3469 3471 3391
f 3389 3391 3471
f 3387 3389 3475
f 3385 3387 3479
f 3482 3477 2400
f 3483 3478 3477
f 3481 3479 3478
f 3484 3482 2402
f 3058 3484 2707
f 3061 3485 3484
f 3485 3483 3482
f 3382 3385 3481
f 3486 3481 3483
f 3426 3383 3382
f 3487 3382 3486
f 3486 3485 3061
f 1961 3057 3487
f 3057 3184 3426
f 3428 3403 3402
f 3427 3406 3403
f 3429 3408 3406
f 3430 3410 3408
f 3431 3412 3410
f 3470 3465 3433
f 3434 3439 3438
f 2723 3115 3439
f 2875 2733 3433
f 2736 2824 3435
f 2947 3428 3488
f 3464 3463 1360
f 1900 1925 1924
f 1736 1717 1718
f 1955 1952 1943
f 1671 1738 1735
f 1696 1750 1698
f 1800 1865 1864
f 2063 2055 2056
f 1737 1734 1717
f 1751 1735 1697
f 943 3885 3899
f 3656 3488 3402
f 1577 1578 1764
f 3917 1598 1599
f 1945 146 82
f 68 6 7
f 147 1542 1543
f 1109 1135 1133
f 1503 1910 1907
f 1499 1501 1909
f 452 1922 735
f 1824 2068 3835
f 1825 2067 2068
f 1463 1462 1022
f 841 1012 1009
f 1568 1547 1955
f 1910 1503 1502
f 1939 1502 422
f 309 280 1940
f 1804 1851 1866
f 269 1482 1954
f 2065 1607 2060
f 3812 1685 1758
f 280 276 552
f 1875 1873 1869
f 1739 1721 1734
f 1778 1779 1790
f 310 1920 1915
f 1909 1908 1906
f 1789 1783 1778
f 978 981 980
f 1584 1759 1731
f 425 426 311
f 148 1543 115
f 2044 3897 3894
f 277 1910 1939
f 1943 1946 1945
f 1461 1462 1463
f 2253 3452 3056
f 2981 2254 3489
f 2209 2998 3489
f 2254 2253 3055
f 2998 926 958
f 2826 2817 2721
f 3490 2739 2721
f 2816 3491 3490
f 2334 2297 2296
f 2298 2297 2334
f 2301 2298 2336
f 2311 2301 2338
f 2312 2311 2354
f 2359 2358 2361
f 2335 2296 2359
f 2414 2413 2365
f 2413 2270 2361
f 2355 2352 2540
f 2541 2540 2539
f 2722 2721 2739
f 3114 2722 2738
f 3110 3112 3121
f 3108 3110 3120
f 3122 1754 3127
f 3112 3122 3126
f 3127 1754 1753
f 3139 3133 2529
f 3744 3775 3133
f 3490 2789 2740
f 3491 2790 2789
f 228 229 91
f 245 244 243
f 248 7 247
f 2 297 296
f 145 146 300
f 327 213 210
f 329 332 331
f 239 241 240
f 373 376 375
f 178 177 176
f 1218 1225 1228
f 3862 1231 1295
f 808 809 824
f 3858 3859 1013
f 3813 3810 1411
f 2154 2149 2159
f 3845 3835 1758
f 306 807 1922
f 2157 2153 1976
f 708 709 2031
f 1450 1226 1227
f 1672 1604 1605
f 1813 1814 1821
f 1717 1716 1715
f 176 159 402
f 1710 1705 3916
f 1712 1580 1577
f 1705 1713 1711
f 971 978 979
f 822 823 1094
f 2909 2810 2793
f 2810 2769 2795
f 2799 2910 2249
f 3662 3643 2910
f 2769 2768 2801
f 3177 3176 3178
f 3178 3381 3180
f 3181 1394 1393
f 3181 1633 1632
f 3182 1632 2244
f 3183 2244 2243
f 3492 2791 2790
f 2808 3492 3491
f 2239 3574 3572
f 1149 1150 3571
f 1150 2009 3567
f 2202 3569 3566
f 2921 3564 3565
f 3568 3560 2133
f 1777 1579 1759
f 1201 1196 1183
f 3561 3554 2195
f 3553 3576 2770
f 3927 3925 1687
f 1516 152 154
f 3549 3562 2974
f 3550 3548 2779
f 2771 2772 3575
f 3070 2771 3546
f 3547 3544 2775
f 1376 1375 1370
f 2767 3543 3556
f 2195 3554 3543
f 2775 3544 3542
f 3377 3282 3545
f 3804 3802 3539
f 2776 3542 3538
f 2240 3572 3535
f 2920 3535 3669
f 3548 3534 2786
f 1805 1850 1851
f 3534 3532 2787
f 2951 2773 3540
f 2772 2951 3531
f 2973 2224 3530
f 2224 2223 3537
f 1957 1953 320
f 306 305 304
f 2770 3576 3528
f 2913 3528 3574
f 2923 3565 3527
f 308 1940 431
f 207 208 132
f 1879 1876 1881
f 3733 3787 3525
f 2475 3070 3558
f 2476 2475 3524
f 2223 2476 3523
f 3522 3549 2803
f 2037 3563 11
f 1959 1958 450
f 2003 3555 3520
f 9 10 334
f 2009 2008 3518
f 2008 2973 3536
f 3877 672 673
f 3515 3550 2778
f 2935 3514 3513
f 111 1149 3570
f 3510 3514 2935
f 683 3876 3885
f 3508 3557 2810
f 736 733 732
f 1795 1804 1803
f 3505 3510 2938
f 3507 3505 2939
f 2950 3512 3504
f 2940 2949 3504
f 3801 3791 3512
f 2868 3509 3502
f 2869 3502 3522
f 1024 1034 1023
f 3500 3503 2948
f 551 1939 442
f 2972 3499 3568
f 2032 3533 3499
f 216 93 1924
f 203 202 201
f 1828 1848 1847
f 1958 1957 449
f 272 271 178
f 2871 3545 3495
f 3619 3669 3564
f 2801 2768 3643
f 2005 3758 3654
f 960 886 899
f 3657 3655 3612
f 3780 3788 3646
f 3151 3646 3593
f 2193 3604 3623
f 3607 3603 3145
f 3603 3649 2761
f 3592 3607 3144
f 2926 3658 3634
f 3634 3592 3104
f 3755 3754 3746
f 566 567 3758
f 3488 3656 1864
f 1602 1586 2079
f 2868 3658 3611
f 2922 3611 3610
f 2923 3610 3618
f 3670 3613 2918
f 3619 3670 3614
f 2921 3618 3670
f 2920 3614 3586
f 3613 3642 2915
f 2917 2766 3622
f 2916 2917 3641
f 2239 3587 3652
f 2911 3640 3652
f 3643 3640 2911
f 2797 2801 3662
f 2797 3591 3598
f 3622 3628 2763
f 3608 3628 2764
f 2194 3623 3648
f 2221 3648 3649
f 2756 3608 3609
f 2750 3598 3609
f 3669 3535 1817
f 3763 3770 1691
f 2515 3621 3590
f 2548 3590 3593
f 2513 2489 3632
f 2513 3616 3621
f 2509 3633 3620
f 2510 3632 3633
f 2289 3620 3639
f 2283 3639 3617
f 2240 3586 3587
f 3659 3657 3624
f 716 2121 3887
f 727 1999 3761
f 2165 2171 2170
f 3660 3659 3626
f 3743 3581 3578
f 2175 2172 769
f 2100 500 2095
f 3758 567 3757
f 640 3560 3568
f 1653 3576 3553
f 1895 3536 3530
f 746 3530 3537
f 1653 1810 3528
f 3762 1603 1604
f 2093 2075 2073
f 959 996 995
f 962 899 919
f 1400 1401 1398
f 1000 817 1127
f 956 959 884
f 1662 3548 3550
f 2034 3558 3546
f 3926 1689 3539
f 3535 3572 766
f 3572 3574 765
f 334 3570 3571
f 1868 3531 3540
f 1684 1651 1652
f 1682 1683 775
f 1585 1603 3762
f 3763 3762 1672
f 2173 2174 490
f 1658 3544 3547
f 3556 3543 1650
f 1571 3754 2010
f 1587 3664 3671
f 2099 2095 2077
f 787 3761 1999
f 2000 3694 786
f 3155 339 3697
f 3713 3155 3683
f 2180 2179 3685
f 3496 2180 3684
f 1684 3846 3840
f 1760 464 3495
f 2607 3689 3693
f 2581 3676 3689
f 2371 2502 3700
f 2371 3695 3693
f 2587 3676 3675
f 2586 3675 3697
f 2497 3691 3687
f 2502 2503 3687
f 2494 3691 3690
f 3690 3688 2472
f 3688 3701 2468
f 3701 3703 2469
f 726 3908 3892
f 581 3567 3518
f 10 3511 3570
f 1837 3514 3510
f 741 3537 3523
f 1299 3524 3558
f 1851 3507 3504
f 3527 3565 1820
f 580 3518 3536
f 1758 1685 3522
f 1693 3557 3508
f 3504 3512 1867
f 1894 1826 3568
f 2126 1418 3813
f 3906 2126 3841
f 2113 3911 3867
f 2179 3713 3789
f 624 3903 3904
f 2192 3604 3788
f 2177 3541 3787
f 1364 3824 3833
f 3858 3855 1470
f 3135 1753 3775
f 2069 3812 3835
f 1351 3861 3853
f 2108 3882 3901
f 2089 2092 3736
f 3828 3834 1358
f 2001 3749 3783
f 2187 3783 3719
f 2130 3756 3752
f 2004 3752 3749
f 2014 3724 3779
f 2201 3779 3756
f 3167 3720 3759
f 3168 3724 3720
f 3159 3709 3764
f 3160 3764 3765
f 3730 3707 3158
f 3158 3707 3709
f 2200 3069 3730
f 3685 3789 3742
f 3722 3774 2197
f 3790 3736 2092
f 3774 3790 3721
f 3154 3706 3790
f 3155 3713 3706
f 2091 3719 3721
f 2196 3148 3750
f 2193 2196 3776
f 3604 2193 3781
f 2086 2192 3780
f 2087 2086 3778
f 2204 3742 3751
f 2205 3751 3750
f 3909 3886 574
f 2124 2087 3777
f 2208 2124 3760
f 3711 3785 3140
f 3785 3745 3138
f 3745 3744 3139
f 3771 3712 3136
f 3712 3711 3137
f 3775 3767 3131
f 3767 3782 3132
f 1813 3839 3838
f 1293 3854 3856
f 2184 2321 3748
f 2181 2184 3732
f 3765 3768 3079
f 3768 3734 3080
f 709 3873 3875
f 2774 2961 3737
f 3786 3769 2134
f 3809 3808 766
f 2968 3784 3766
f 2969 3759 3784
f 2958 3747 3737
f 2132 3747 3766
f 2321 2185 3771
f 3860 3848 1449
f 3905 3874 582
f 3886 3889 577
f 3847 3826 1818
f 705 3902 3887
f 3816 3912 3907
f 2111 3883 3911
f 3810 3829 1366
f 1812 3839 3822
f 675 3851 3852
f 3496 3705 3851
f 2110 3867 3868
f 2104 3896 3901
f 2109 3868 3899
f 3842 3831 703
f 1680 3811 3846
f 1639 1627 3819
f 623 3904 3906
f 2139 2140 3866
f 1808 1640 3844
f 3820 3821 1819
f 3872 3914 3900
f 1646 3832 3830
f 3889 3890 633
f 2139 3865 3875
f 2156 2155 3871
f 674 3852 3913
f 2117 3817 3812
f 1815 3822 3847
f 3855 3849 1444
f 697 3906 3912
f 866 842 3836
f 3864 3869 2136
f 3585 3731 3726
f 3583 3740 3731
f 3753 3746 3738
f 3740 3583 3581
f 1088 3738 3746
f 3739 3740 3743
f 2791 3492 3493
f 3492 2808 2807
f 2792 3493 3494
f 3493 2807 2806
f 3508 2909 3494
f 3516 3494 2806
f 2948 3503 3791
f 2105 3908 3896
f 3538 3802 3804
f 680 3878 3876
f 1891 1890 3910
f 2905 3799 3801
f 2900 3797 3799
f 2901 3797 3807
f 2734 2878 3806
f 2877 3807 3806
f 2820 3800 3794
f 2818 3796 3792
f 2823 3793 3792
f 2822 3793 3798
f 2819 2735 3800
f 2817 3796 3795
f 2809 3805 3795
f 2808 3805 3803
f 2805 3804 3803
f 1702 3921 3923
f 3922 3920 1797
f 3915 3916 1706
f 3918 3927 1692
f 1657 3898 3880
f 1890 1877 3895
f 3772 3770 1674
f 1689 1690 3772
f 3926 3802 3538
f 3516 3539 1689
f 3917 3923 1703
f 1598 3917 3928
f 3880 3884 1876
f 1691 1690 3925
f 3925 3926 1688
f 3934 3933 3937
f 3934 3938 3939
f 3932 3936 3937
f 3938 3942 3943
f 3937 3936 3940
f 3937 3941 3942
f 3942 3946 3947
f 3941 3940 3944
f 3942 3941 3945
f 3947 3946 3950
f 3944 3948 3949
f 3945 3949 3950
f 3950 3954 3955
f 3949 3948 3952
f 3950 3949 3953
f 3955 3954 3958
f 3953 3952 3956
f 3953 3957 3958
f 3959 3958 3962
f 3957 3956 3960
f 3958 3957 3961
f 3962 3966 3967
f 3960 3964 3965
f 3961 3965 3966
f 3966 3970 3971
f 3965 3964 3968
f 3966 3965 3969
f 3970 3974 3975
f 3968 3972 3973
f 3969 3973 3974
f 3974 3978 3979
f 3973 3972 3976
f 3974 3973 3977
f 3979 3978 3982
f 3976 3980 3981
f 3977 3981 3982
f 3982 3986 3987
f 3981 3980 3984
f 3982 3981 3985
f 3987 3986 3990
f 3984 3988 3989
f 3985 3989 3990
f 3991 3990 3994
f 3989 3988 3992
f 3990 3989 3993
f 3995 3994 3998
f 3992 3996 3997
f 3993 3997 3998
f 3998 4002 4003
f 3997 3996 4000
f 3998 3997 4001
f 4002 4006 4007
f 4000 4004 4005
f 4001 4005 4006
f 4006 4010 4011
f 4005 4004 4008
f 4006 4005 4009
f 4011 4010 4014
f 4008 4012 4013
f 4009 4013 4014
f 4014 4018 4019
f 4013 4012 4016
f 4014 4013 4017
f 4019 4018 4022
f 4016 4020 4021
f 4017 4021 4022
f 4023 4022 4026
f 4021 4020 4024
f 4022 4021 4025
f 4027 4026 4030
f 4024 4028 4029
f 4025 4029 4030
f 4031 4030 4034
f 4029 4028 4032
f 4030 4029 4033
f 4034 4038 4039
f 4032 4036 4037
f 4033 4037 4038
f 4038 4042 4043
f 4037 4036 4040
f 4038 4037 4041
f 4043 4042 4046
f 4040 4044 4045
f 4041 4045 4046
f 4046 4050 4051
f 4045 4044 4048
f 4046 4045 4049
f 4051 4050 4055
f 4048 4053 4054
f 4049 4054 4055
f 4056 4055 4059
f 4053 4057 4058
f 4055 4054 4058
f 4060 4059 3934
f 4058 4057 3932
f 4058 3933 3934
f 4069 4068 4081
f 4066 4079 4080
f 4065 4064 4077
f 4063 4062 4075
f 4071 4084 4085
f 4069 4082 4083
f 4067 4080 4081
f 4066 4065 4078
f 4063 4076 4077
f 4061 4074 4075
f 4072 4085 4086
f 4071 4070 4083
f 4076 4089 4090
f 4074 4087 4088
f 4086 4085 4098
f 4083 4096 4097
f 4082 4081 4094
f 4079 4092 4093
f 4078 4077 4090
f 4076 4075 4088
f 4085 4084 4097
f 4082 4095 4096
f 4080 4093 4094
f 4079 4078 4091
f 4089 4102 4103
f 4088 4087 4100
f 4098 4111 4112
f 4096 4109 4110
f 4095 4094 4107
f 4092 4105 4106
f 4090 4103 4104
f 4089 4088 4101
f 4097 4110 4111
f 4095 4108 4109
f 4094 4093 4106
f 4092 4091 4104
f 4103 4102 4115
f 4100 4113 4114
f 4112 4111 4124
f 4110 4109 4122
f 4107 4120 4121
f 4105 4118 4119
f 4103 4116 4117
f 4101 4114 4115
f 4110 4123 4124
f 4109 4108 4121
f 4107 4106 4119
f 4105 4104 4117
f 4115 4128 4129
f 4114 4113 4126
f 4124 4137 4138
f 4123 4122 4135
f 4120 4133 4134
f 4119 4118 4131
f 4117 4116 4129
f 4114 4127 4128
f 4124 4123 4136
f 4122 4121 4134
f 4119 4132 4133
f 4117 4130 4131
f 4129 4128 4141
f 4126 4139 4140
f 4138 4137 4150
f 4136 4135 4148
f 4133 4146 4147
f 4131 4144 4145
f 4130 4129 4142
f 4127 4140 4141
f 4137 4136 4149
f 4135 4134 4147
f 4132 4145 4146
f 4131 4130 4143
f 4142 4141 4154
f 4140 4139 4152
f 4150 4163 4164
f 4149 4148 4161
f 4146 4159 4160
f 4144 4157 4158
f 4142 4155 4156
f 4140 4153 4154
f 4149 4162 4163
f 4148 4147 4160
f 4146 4145 4158
f 4144 4143 4156
f 4155 4154 4167
f 4153 4152 4165
f 4163 4176 4177
f 4161 4174 4175
f 4159 4172 4173
f 4158 4157 4170
f 4155 4168 4169
f 4153 4166 4167
f 4163 4162 4175
f 4161 4160 4173
f 4159 4158 4171
f 4156 4169 4170
f 4167 4180 4181
f 4165 4178 4179
f 4176 4189 4190
f 4175 4174 4187
f 4173 4172 4185
f 4170 4183 4184
f 4169 4168 4181
f 4167 4166 4179
f 4175 4188 4189
f 4173 4186 4187
f 4171 4184 4185
f 4170 4169 4182
f 4180 4193 4194
f 4178 4191 4192
f 4190 4189 4202
f 4187 4200 4201
f 4186 4185 4198
f 4183 4196 4197
f 4182 4181 4194
f 4180 4179 4192
f 4189 4188 4201
f 4186 4199 4200
f 4184 4197 4198
f 4183 4182 4195
f 4193 4206 4207
f 4192 4191 4204
f 4202 4215 4216
f 4200 4213 4214
f 4199 4198 4211
f 4196 4209 4210
f 4194 4207 4208
f 4193 4192 4205
f 4201 4214 4215
f 4199 4212 4213
f 4198 4197 4210
f 4196 4195 4208
f 4207 4206 4219
f 4204 4217 4218
f 4216 4215 4228
f 4213 4226 4227
f 4211 4224 4225
f 4209 4222 4223
f 4207 4220 4221
f 4205 4218 4219
f 4214 4227 4228
f 4213 4212 4225
f 4211 4210 4223
f 4209 4208 4221
f 4219 4232 4233
f 4218 4217 4230
f 4228 4241 4242
f 4226 4239 4240
f 4225 4224 4237
f 4223 4222 4235
f 4221 4220 4233
f 4218 4231 4232
f 4228 4227 4240
f 4226 4225 4238
f 4223 4236 4237
f 4221 4234 4235
f 4233 4232 4245
f 4230 4243 4244
f 4242 4241 4254
f 4240 4239 4252
f 4237 4250 4251
f 4235 4248 4249
f 4234 4233 4246
f 4231 4244 4245
f 4241 4240 4253
f 4239 4238 4251
f 4236 4249 4250
f 4235 4234 4247
f 4246 4245 4258
f 4244 4243 4256
f 4254 4267 4268
f 4253 4252 4265
f 4250 4263 4264
f 4248 4261 4262
f 4246 4259 4260
f 4244 4257 4258
f 4253 4266 4267
f 4252 4251 4264
f 4250 4249 4262
f 4248 4247 4260
f 4259 4258 4271
f 4257 4256 4269
f 4267 4280 4281
f 4265 4278 4279
f 4263 4276 4277
f 4262 4261 4274
f 4259 4272 4273
f 4257 4270 4271
f 4266 4279 4280
f 4265 4264 4277
f 4263 4262 4275
f 4260 4273 4274
f 4271 4284 4285
f 4269 4282 4283
f 4281 4280 4293
f 4279 4278 4291
f 4277 4276 4289
f 4274 4287 4288
f 4273 4272 4285
f 4271 4270 4283
f 4280 4279 4292
f 4277 4290 4291
f 4275 4288 4289
f 4274 4273 4286
f 4284 4297 4298
f 4282 4295 4296
f 4294 4293 4306
f 4291 4304 4305
f 4290 4289 4302
f 4287 4300 4301
f 4286 4285 4298
f 4284 4283 4296
f 4293 4292 4305
f 4290 4303 4304
f 4288 4301 4302
f 4287 4286 4299
f 4297 4310 4311
f 4296 4295 4308
f 4306 4319 4320
f 4304 4317 4318
f 4303 4302 4315
f 4300 4313 4314
f 4298 4311 4312
f 4297 4296 4309
f 4305 4318 4319
f 4304 4303 4316
f 4302 4301 4314
f 4300 4299 4312
f 4310 4323 4324
f 4308 4321 4322
f 4320 4319 4332
f 4318 4317 4330
f 4316 4315 4328
f 4313 4326 4327
f 4311 4324 4325
f 4310 4309 4322
f 4318 4331 4332
f 4316 4329 4330
f 4315 4314 4327
f 4312 4325 4326
f 4323 4336 4337
f 4322 4321 4334
f 4332 4345 4346
f 4330 4343 4344
f 4329 4328 4341
f 4327 4326 4339
f 4325 4324 4337
f 4322 4335 4336
f 4332 4331 4344
f 4330 4329 4342
f 4327 4340 4341
f 4325 4338 4339
f 4337 4336 4350
f 4334 4348 4349
f 4346 4345 4359
f 4344 4343 4357
f 4341 4355 4356
f 4340 4339 4353
f 4338 4337 4351
f 4335 4349 4350
f 4345 4344 4358
f 4343 4342 4356
f 4340 4354 4355
f 4338 4352 4353
f 4351 4350 4363
f 4349 4348 4361
f 4359 4372 4373
f 4358 4357 4370
f 4355 4368 4369
f 4354 4353 4366
f 4351 4364 4365
f 4349 4362 4363
f 4358 4371 4372
f 4357 4356 4369
f 4355 4354 4367
f 4352 4365 4366
f 4364 4363 4376
f 4362 4361 4374
f 4373 4372 4385
f 4370 4383 4384
f 4368 4381 4382
f 4367 4366 4379
f 4364 4377 4378
f 4362 4375 4376
f 4372 4371 4384
f 4370 4369 4382
f 4368 4367 4380
f 4365 4378 4379
f 4376 4389 4390
f 4374 4387 4388
f 4385 4398 4399
f 4384 4383 4396
f 4382 4381 4394
f 4379 4392 4393
f 4378 4377 4390
f 4376 4375 4388
f 4384 4397 4398
f 4382 4395 4396
f 4380 4393 4394
f 4379 4378 4391
f 4389 4402 4403
f 4387 4400 4401
f 4399 4398 4411
f 4396 4409 4410
f 4395 4394 4407
f 4393 4392 4405
f 4391 4390 4403
f 4389 4388 4401
f 4398 4397 4410
f 4395 4408 4409
f 4393 4406 4407
f 4391 4404 4405
f 4402 4415 4416
f 4401 4400 4413
f 4411 4424 4425
f 4409 4422 4423
f 4408 4407 4420
f 4406 4405 4418
f 4403 4416 4417
f 4402 4401 4414
f 4410 4423 4424
f 4408 4421 4422
f 4407 4406 4419
f 4404 4417 4418
f 4416 4415 4428
f 4413 4426 4427
f 4425 4424 4437
f 4423 4422 4435
f 4421 4420 4433
f 4418 4431 4432
f 4416 4429 4430
f 4415 4414 4427
f 4423 4436 4437
f 4421 4434 4435
f 4420 4419 4432
f 4418 4417 4430
f 4428 4441 4442
f 4426 4439 4440
f 4437 4450 4451
f 4435 4448 4449
f 4434 4433 4446
f 4432 4431 4444
f 4430 4429 4442
f 4427 4440 4441
f 4437 4436 4449
f 4435 4434 4447
f 4432 4445 4446
f 4430 4443 4444
f 4442 4441 4454
f 4439 4452 4453
f 4451 4450 4463
f 4449 4448 4461
f 4446 4459 4460
f 4444 4457 4458
f 4443 4442 4455
f 4440 4453 4454
f 4450 4449 4462
f 4447 4460 4461
f 4445 4458 4459
f 4444 4443 4456
f 4455 4454 4467
f 4453 4452 4465
f 4463 4476 4477
f 4462 4461 4474
f 4459 4472 4473
f 4457 4470 4471
f 4455 4468 4469
f 4453 4466 4467
f 4462 4475 4476
f 4461 4460 4473
f 4459 4458 4471
f 4457 4456 4469
f 4468 4467 4063
f 4466 4465 4061
f 4477 4476 4072
f 4474 4070 4071
f 4472 4068 4069
f 4471 4470 4066
f 4468 4064 4065
f 4466 4062 4063
f 4476 4475 4071
f 4474 4473 4069
f 4472 4471 4067
f 4469 4065 4066
f 3935 4061 4465
f 4465 4452 4056
f 4452 4439 4051
f 4439 4426 4047
f 4047 4426 4413
f 4043 4413 4400
f 4039 4400 4387
f 4387 4374 4031
f 4031 4374 4361
f 4361 4348 4023
f 4348 4334 4019
f 4334 4321 4015
f 4015 4321 4308
f 4011 4308 4295
f 4007 4295 4282
f 4282 4269 3999
f 3999 4269 4256
f 4256 4243 3991
f 4243 4230 3987
f 4230 4217 3983
f 3983 4217 4204
f 3979 4204 4191
f 3975 4191 4178
f 4178 4165 3967
f 3967 4165 4152
f 4152 4139 3959
f 4139 4126 3955
f 4126 4113 3951
f 3951 4113 4100
f 3947 4100 4087
f 3943 4087 4074
f 4074 4061 3935
f 4480 4479 4483
f 4480 4484 4485
f 4479 4478 4482
f 4484 4488 4489
f 4482 4486 4487
f 4483 4487 4488
f 4488 4492 4493
f 4487 4486 4490
f 4488 4487 4491
f 4493 4492 4496
f 4490 4494 4495
f 4491 4495 4496
f 4496 4500 4501
f 4495 4494 4498
f 4496 4495 4499
f 4501 4500 4504
f 4498 4502 4503
f 4499 4503 4504
f 4505 4504 4508
f 4503 4502 4506
f 4504 4503 4507
f 4509 4508 4512
f 4506 4510 4511
f 4507 4511 4512
f 4513 4512 4516
f 4511 4510 4514
f 4512 4511 4515
f 4516 4520 4521
f 4514 4518 4519
f 4515 4519 4520
f 4520 4524 4525
f 4518 4522 4523
f 4520 4519 4523
f 4525 4524 4528
f 4522 4526 4527
f 4523 4527 4528
f 4528 4532 4533
f 4527 4526 4530
f 4528 4527 4531
f 4533 4532 4536
f 4530 4534 4535
f 4531 4535 4536
f 4537 4536 4540
f 4534 4538 4539
f 4536 4535 4539
f 4541 4540 4544
f 4539 4538 4542
f 4539 4543 4544
f 4544 4548 4549
f 4542 4546 4547
f 4544 4543 4547
f 4548 4552 4553
f 4547 4546 4550
f 4547 4551 4552
f 4552 4556 4557
f 4551 4550 4554
f 4552 4551 4555
f 4557 4556 4560
f 4554 4558 4559
f 4555 4559 4560
f 4560 4564 4565
f 4559 4558 4562
f 4560 4559 4563
f 4565 4564 4568
f 4562 4566 4567
f 4563 4567 4568
f 4569 4568 4572
f 4567 4566 4570
f 4568 4567 4571
f 4572 4576 4577
f 4570 4574 4575
f 4571 4575 4576
f 4576 4580 4581
f 4575 4574 4578
f 4576 4575 4579
f 4580 4584 4585
f 4578 4582 4583
f 4579 4583 4584
f 4584 4588 4589
f 4583 4582 4586
f 4584 4583 4587
f 4589 4588 4592
f 4586 4590 4591
f 4587 4591 4592
f 4592 4596 4597
f 4591 4590 4594
f 4592 4591 4595
f 4597 4596 4601
f 4594 4599 4600
f 4595 4600 4601
f 4602 4601 4605
f 4600 4599 4603
f 4601 4600 4604
f 4606 4605 4480
f 4603 4478 4479
f 4604 4479 4480
f 4615 4614 4627
f 4612 4625 4626
f 4611 4610 4623
f 4609 4608 4621
f 4618 4617 4630
f 4615 4628 4629
f 4613 4626 4627
f 4612 4611 4624
f 4609 4622 4623
f 4607 4620 4621
f 4619 4618 4631
f 4617 4616 4629
f 4622 4635 4636
f 4620 4633 4634
f 4632 4631 4644
f 4629 4642 4643
f 4628 4627 4640
f 4626 4625 4638
f 4624 4623 4636
f 4622 4621 4634
f 4631 4630 4643
f 4628 4641 4642
f 4626 4639 4640
f 4624 4637 4638
f 4635 4648 4649
f 4634 4633 4646
f 4644 4657 4658
f 4642 4655 4656
f 4641 4640 4653
f 4639 4638 4651
f 4636 4649 4650
f 4635 4634 4647
f 4643 4656 4657
f 4642 4641 4654
f 4640 4639 4652
f 4637 4650 4651
f 4648 4661 4662
f 4646 4659 4660
f 4658 4657 4670
f 4656 4655 4668
f 4653 4666 4667
f 4651 4664 4665
f 4649 4662 4663
f 4648 4647 4660
f 4656 4669 4670
f 4654 4667 4668
f 4653 4652 4665
f 4651 4650 4663
f 4661 4674 4675
f 4660 4659 4672
f 4670 4683 4684
f 4668 4681 4682
f 4667 4666 4679
f 4665 4664 4677
f 4663 4662 4675
f 4661 4660 4673
f 4670 4669 4682
f 4667 4680 4681
f 4665 4678 4679
f 4663 4676 4677
f 4675 4674 4687
f 4672 4685 4686
f 4684 4683 4696
f 4682 4681 4694
f 4679 4692 4693
f 4678 4677 4690
f 4676 4675 4688
f 4673 4686 4687
f 4683 4682 4695
f 4681 4680 4693
f 4678 4691 4692
f 4676 4689 4690
f 4688 4687 4700
f 4686 4685 4698
f 4696 4709 4710
f 4695 4694 4707
f 4692 4705 4706
f 4691 4690 4703
f 4688 4701 4702
f 4686 4699 4700
f 4695 4708 4709
f 4694 4693 4706
f 4692 4691 4704
f 4689 4702 4703
f 4701 4700 4713
f 4699 4698 4711
f 4710 4709 4722
f 4707 4720 4721
f 4705 4718 4719
f 4704 4703 4716
f 4701 4714 4715
f 4699 4712 4713
f 4709 4708 4721
f 4707 4706 4719
f 4705 4704 4717
f 4702 4715 4716
f 4713 4726 4727
f 4711 4724 4725
f 4723 4722 4735
f 4721 4720 4733
f 4719 4718 4731
f 4716 4729 4730
f 4715 4714 4727
f 4713 4712 4725
f 4721 4734 4735
f 4719 4732 4733
f 4717 4730 4731
f 4716 4715 4728
f 4726 4739 4740
f 4724 4737 4738
f 4736 4735 4748
f 4733 4746 4747
f 4732 4731 4744
f 4730 4729 4742
f 4728 4727 4740
f 4726 4725 4738
f 4735 4734 4747
f 4732 4745 4746
f 4730 4743 4744
f 4728 4741 4742
f 4739 4752 4753
f 4738 4737 4750
f 4748 4761 4762
f 4746 4759 4760
f 4745 4744 4757
f 4743 4742 4755
f 4740 4753 4754
f 4739 4738 4751
f 4747 4760 4761
f 4745 4758 4759
f 4744 4743 4756
f 4741 4754 4755
f 4753 4752 4765
f 4750 4763 4764
f 4762 4761 4774
f 4759 4772 4773
f 4758 4757 4770
f 4755 4768 4769
f 4753 4766 4767
f 4752 4751 4764
f 4760 4773 4774
f 4758 4771 4772
f 4757 4756 4769
f 4755 4754 4767
f 4765 4778 4779
f 4764 4763 4776
f 4774 4787 4788
f 4772 4785 4786
f 4771 4770 4783
f 4769 4768 4781
f 4767 4766 4779
f 4765 4764 4777
f 4774 4773 4786
f 4771 4784 4785
f 4769 4782 4783
f 4767 4780 4781
f 4779 4778 4791
f 4776 4789 4790
f 4788 4787 4800
f 4786 4785 4798
f 4783 4796 4797
f 4782 4781 4794
f 4780 4779 4792
f 4777 4790 4791
f 4787 4786 4799
f 4785 4784 4797
f 4782 4795 4796
f 4780 4793 4794
f 4792 4791 4804
f 4790 4789 4802
f 4800 4813 4814
f 4799 4798 4811
f 4796 4809 4810
f 4795 4794 4807
f 4792 4805 4806
f 4790 4803 4804
f 4799 4812 4813
f 4798 4797 4810
f 4796 4795 4808
f 4793 4806 4807
f 4805 4804 4817
f 4803 4802 4815
f 4814 4813 4826
f 4811 4824 4825
f 4809 4822 4823
f 4808 4807 4820
f 4805 4818 4819
f 4803 4816 4817
f 4813 4812 4825
f 4811 4810 4823
f 4809 4808 4821
f 4806 4819 4820
f 4817 4830 4831
f 4815 4828 4829
f 4826 4839 4840
f 4825 4824 4837
f 4823 4822 4835
f 4820 4833 4834
f 4819 4818 4831
f 4817 4816 4829
f 4825 4838 4839
f 4823 4836 4837
f 4821 4834 4835
f 4820 4819 4832
f 4830 4843 4844
f 4828 4841 4842
f 4840 4839 4852
f 4837 4850 4851
f 4836 4835 4848
f 4834 4833 4846
f 4832 4831 4844
f 4830 4829 4842
f 4839 4838 4851
f 4836 4849 4850
f 4834 4847 4848
f 4832 4845 4846
f 4843 4856 4857
f 4842 4841 4854
f 4852 4865 4866
f 4850 4863 4864
f 4849 4848 4861
f 4847 4846 4859
f 4844 4857 4858
f 4843 4842 4855
f 4851 4864 4865
f 4849 4862 4863
f 4848 4847 4860
f 4845 4858 4859
f 4857 4856 4869
f 4855 4854 4867
f 4866 4865 4878
f 4864 4863 4876
f 4862 4861 4874
f 4859 4872 4873
f 4857 4870 4871
f 4856 4855 4868
f 4864 4877 4878
f 4862 4875 4876
f 4861 4860 4873
f 4859 4858 4871
f 4869 4882 4883
f 4868 4867 4880
f 4878 4891 4892
f 4877 4876 4889
f 4874 4887 4888
f 4873 4872 4885
f 4871 4870 4883
f 4868 4881 4882
f 4878 4877 4890
f 4876 4875 4888
f 4873 4886 4887
f 4871 4884 4885
f 4883 4882 4896
f 4880 4894 4895
f 4892 4891 4905
f 4890 4889 4903
f 4887 4901 4902
f 4885 4899 4900
f 4884 4883 4897
f 4881 4895 4896
f 4891 4890 4904
f 4889 4888 4902
f 4886 4900 4901
f 4885 4884 4898
f 4897 4896 4909
f 4895 4894 4907
f 4905 4918 4919
f 4904 4903 4916
f 4901 4914 4915
f 4899 4912 4913
f 4897 4910 4911
f 4895 4908 4909
f 4904 4917 4918
f 4903 4902 4915
f 4901 4900 4913
f 4899 4898 4911
f 4910 4909 4922
f 4908 4907 4920
f 4919 4918 4931
f 4916 4929 4930
f 4914 4927 4928
f 4913 4912 4925
f 4910 4923 4924
f 4908 4921 4922
f 4918 4917 4930
f 4916 4915 4928
f 4914 4913 4926
f 4911 4924 4925
f 4922 4935 4936
f 4920 4933 4934
f 4931 4944 4945
f 4930 4929 4942
f 4928 4927 4940
f 4925 4938 4939
f 4924 4923 4936
f 4922 4921 4934
f 4930 4943 4944
f 4928 4941 4942
f 4926 4939 4940
f 4925 4924 4937
f 4935 4948 4949
f 4933 4946 4947
f 4945 4944 4957
f 4942 4955 4956
f 4941 4940 4953
f 4938 4951 4952
f 4937 4936 4949
f 4935 4934 4947
f 4944 4943 4956
f 4941 4954 4955
f 4939 4952 4953
f 4938 4937 4950
f 4948 4961 4962
f 4947 4946 4959
f 4957 4970 4971
f 4955 4968 4969
f 4954 4953 4966
f 4951 4964 4965
f 4949 4962 4963
f 4948 4947 4960
f 4956 4969 4970
f 4954 4967 4968
f 4953 4952 4965
f 4951 4950 4963
f 4962 4961 4974
f 4959 4972 4973
f 4971 4970 4983
f 4968 4981 4982
f 4966 4979 4980
f 4964 4977 4978
f 4962 4975 4976
f 4960 4973 4974
f 4969 4982 4983
f 4967 4980 4981
f 4966 4965 4978
f 4964 4963 4976
f 4975 4974 4987
f 4973 4972 4985
f 4983 4996 4997
f 4981 4994 4995
f 4979 4992 4993
f 4978 4977 4990
f 4976 4975 4988
f 4973 4986 4987
f 4983 4982 4995
f 4981 4980 4993
f 4978 4991 4992
f 4976 4989 4990
f 4988 4987 5000
f 4985 4998 4999
f 4997 4996 5009
f 4995 4994 5007
f 4992 5005 5006
f 4991 4990 5003
f 4989 4988 5001
f 4986 4999 5000
f 4996 4995 5008
f 4994 4993 5006
f 4991 5004 5005
f 4989 5002 5003
f 5001 5000 5013
f 4999 4998 5011
f 5009 5022 5023
f 5008 5007 5020
f 5005 5018 5019
f 5004 5003 5016
f 5001 5014 5015
f 4999 5012 5013
f 5008 5021 5022
f 5007 5006 5019
f 5005 5004 5017
f 5002 5015 5016
f 5014 5013 4609
f 5012 5011 4607
f 5022 4618 4619
f 5020 4616 4617
f 5018 4614 4615
f 5017 5016 4612
f 5014 4610 4611
f 5012 4608 4609
f 5021 4617 4618
f 5020 5019 4615
f 5018 5017 4613
f 5015 4611 4612
f 4481 4607 5011
f 5011 4998 4602
f 4998 4985 4597
f 4985 4972 4593
f 4593 4972 4959
f 4589 4959 4946
f 4585 4946 4933
f 4933 4920 4577
f 4577 4920 4907
f 4907 4894 4569
f 4894 4880 4565
f 4880 4867 4561
f 4561 4867 4854
f 4557 4854 4841
f 4553 4841 4828
f 4828 4815 4545
f 4545 4815 4802
f 4802 4789 4537
f 4789 4776 4533
f 4776 4763 4529
f 4529 4763 4750
f 4525 4750 4737
f 4521 4737 4724
f 4724 4711 4513
f 4513 4711 4698
f 4698 4685 4505
f 4685 4672 4501
f 4672 4659 4497
f 4497 4659 4646
f 4493 4646 4633
f 4489 4633 4620
f 4620 4607 4481
f 5024 5055 5054
f 5024 5025 5055
f 5025 5056 5055
f 5025 5026 5056
f 5026 5057 5056
f 5026 5027 5057
f 5027 5058 5057
f 5027 5028 5058
f 5028 5059 5058
f 5028 5029 5059
f 5029 5060 5059
f 5029 5030 5060
f 5030 5061 5060
f 5030 5031 5061
f 5031 5032 5061
f 5032 5062 5061
f 5032 5033 5062
f 5033 5063 5062
f 5033 5034 5063
f 5034 5064 5063
f 5034 5035 5064
f 5035 5065 5064
f 5035 5036 5065
f 5036 5066 5065
f 5036 5037 5066
f 5037 5067 5066
f 5037 5038 5067
f 5038 5068 5067
f 5084 5099 5100
f 5084 5100 5085
f 5085 5100 5101
f 5085 5101 5086
f 5086 5101 5102
f 5086 5102 5087
f 5087 5102 5103
f 5087 5103 5088
f 5088 5103 5104
f 5088 5104 5089
f 5089 5104 5105
f 5089 5105 5090
f 5090 5105 5106
f 5090 5106 5091
f 5091 5106 5092
f 5092 5106 5107
f 5092 5107 5093
f 5093 5107 5108
f 5093 5108 5094
f 5094 5108 5109
f 5094 5109 5095
f 5095 5109 5110
f 5095 5110 5096
f 5096 5110 5111
f 5096 5111 5097
f 5097 5111 5112
f 5097 5112 5098
f 5098 5112 5113
f 5099 5054 5100
f 5100 5054 5055
f 5100 5055 5101
f 5101 5055 5056
f 5101 5056 5102
f 5102 5056 5057
f 5102 5057 5103
f 5103 5057 5058
f 5103 5058 5104
f 5104 5058 5059
f 5104 5059 5105
f 5105 5059 5060
f 5105 5060 5106
f 5106 5060 5061
f 5106 5061 5062
f 5106 5062 5107
f 5107 5062 5063
f 5107 5063 5108
f 5108 5063 5064
f 5108 5064 5109
f 5109 5064 5065
f 5109 5065 5110
f 5110 5065 5066
f 5110 5066 5111
f 5111 5066 5067
f 5111 5067 5112
f 5112 5067 5068
f 5112 5068 5113
f 5069 5070 5039
f 5070 5040 5039
f 5070 5071 5040
f 5071 5041 5040
f 5071 5072 5041
f 5072 5042 5041
f 5072 5073 5042
f 5073 5043 5042
f 5073 5074 5043
f 5074 5044 5043
f 5074 5075 5044
f 5075 5045 5044
f 5075 5076 5045
f 5076 5046 5045
f 5076 5047 5046
f 5076 5077 5047
f 5077 5048 5047
f 5077 5078 5048
f 5078 5049 5048
f 5078 5079 5049
f 5079 5050 5049
f 5079 5080 5050
f 5080 5051 5050
f 5080 5081 5051
f 5081 5052 5051
f 5081 5082 5052
f 5082 5053 5052
f 5082 5083 5053
f 5114 5130 5129
f 5114 5115 5130
f 5115 5131 5130
f 5115 5116 5131
f 5116 5132 5131
f 5116 5117 5132
f 5117 5133 5132
f 5117 5118 5133
f 5118 5134 5133
f 5118 5119 5134
f 5119 5135 5134
f 5119 5120 5135
f 5120 5136 5135
f 5120 5121 5136
f 5121 5122 5136
f 5122 5137 5136
f 5122 5123 5137
f 5123 5138 5137
f 5123 5124 5138
f 5124 5139 5138
f 5124 5125 5139
f 5125 5140 5139
f 5125 5126 5140
f 5126 5141 5140
f 5126 5127 5141
f 5127 5142 5141
f 5127 5128 5142
f 5128 5143 5142
f 5129 5130 5069
f 5130 5070 5069
f 5130 5131 5070
f 5131 5071 5070
f 5131 5132 5071
f 5132 5072 5071
f 5132 5133 5072
f 5133 5073 5072
f 5133 5134 5073
f 5134 5074 5073
f 5134 5135 5074
f 5135 5075 5074
f 5135 5136 5075
f 5136 5076 5075
f 5136 5077 5076
f 5136 5137 5077
f 5137 5078 5077
f 5137 5138 5078
f 5138 5079 5078
f 5138 5139 5079
f 5139 5080 5079
f 5139 5140 5080
f 5140 5081 5080
f 5140 5141 5081
f 5141 5082 5081
f 5141 5142 5082
f 5142 5083 5082
f 5142 5143 5083
